0,51.509254,-0.161045,-0.016,0.047,-1.54
0.5,51.509252,-0.161044,0.146,-0.019,-3.8
1,51.509251,-0.161045,0.235,0.013,0.75
1.5,51.509253,-0.161045,0.505,-0.016,0.41
2,51.509256,-0.161045,0.761,0.007,-0.56
2.5,51.509261,-0.161045,0.983,0.011,0.52
3,51.509266,-0.161044,1.24,0.014,0.32
3.5,51.509271,-0.161044,1.237,-0.02,1.11
4,51.509277,-0.161043,1.243,-0.008,-3.37
4.5,51.509282,-0.161043,1.251,-0.002,-0.48
5,51.509287,-0.161042,1.237,0.004,-0.25
5.5,51.509293,-0.161042,1.264,-0.026,0.65
6,51.509298,-0.161042,1.23,0.036,-1.79
6.5,51.509304,-0.161041,1.237,0.023,2.78
7,51.509309,-0.161041,1.27,-0.013,-0.71
7.5,51.509315,-0.16104,1.252,0.014,1.39
8,51.50932,-0.16104,1.236,0.003,-2.34
8.5,51.509326,-0.161039,1.256,-0.003,-2.76
9,51.509331,-0.161039,1.262,0.017,-1.74
9.5,51.509337,-0.161038,1.267,0.036,7.06
10,51.509342,-0.161038,1.234,0.037,3.35
10.5,51.509348,-0.161038,1.247,0.016,1.43
11,51.509354,-0.161037,1.273,0,1.5
11.5,51.509359,-0.161037,1.253,0.034,-0.12
12,51.509365,-0.161037,1.26,-0.009,-0.16
12.5,51.509371,-0.161037,1.239,-0.017,0.4
13,51.509376,-0.161037,1.239,0.002,-1.21
13.5,51.509382,-0.161037,1.243,0.011,-1.9
14,51.509387,-0.161037,1.269,0.013,-1.51
14.5,51.509393,-0.161037,1.243,-0.044,1.36
15,51.509398,-0.161038,1.253,-0.033,-3.07
15.5,51.509404,-0.161038,1.224,-0.011,-5.11
16,51.509409,-0.161038,1.216,-0.004,-2.66
16.5,51.509415,-0.161038,1.239,-0.011,-0.12
17,51.50942,-0.161038,1.209,-0,-1.7
17.5,51.509426,-0.161038,1.235,-0.003,-2.45
18,51.509431,-0.161038,1.25,0.006,-1.74
18.5,51.509437,-0.161037,1.23,-0.011,-0.8
19,51.509442,-0.161037,1.243,0.003,-1.5
19.5,51.509448,-0.161037,1.251,0.015,2.58
20,51.509454,-0.161037,1.258,0.012,0.99
20.5,51.509459,-0.161037,1.241,0.008,-0.41
21,51.509465,-0.161037,1.227,0.018,-1.36
21.5,51.50947,-0.161036,1.235,0.009,3.94
22,51.509476,-0.161036,1.259,-0.028,-1.42
22.5,51.509481,-0.161037,1.24,-0.017,-2.37
23,51.509487,-0.161036,1.256,-0.021,1.74
23.5,51.509492,-0.161036,1.206,0.026,1.19
24,51.509498,-0.161037,1.238,0.008,-2.85
24.5,51.509503,-0.161036,1.232,-0.008,0.06
25,51.509509,-0.161036,1.251,-0.008,1.25
25.5,51.509515,-0.161037,1.255,-0.043,-0.48
26,51.50952,-0.161037,1.272,0.005,-0.18
26.5,51.509526,-0.161037,1.251,-0.024,-4.06
27,51.509531,-0.161037,1.21,-0.009,-1.04
27.5,51.509537,-0.161037,1.239,-0.056,3.57
28,51.509542,-0.161037,1.252,-0.031,-0.59
28.5,51.509548,-0.161037,1.24,-0.036,0.52
29,51.509554,-0.161038,1.247,-0.046,-4.21
29.5,51.509559,-0.161038,1.241,-0.027,-2.53
30,51.509565,-0.161038,1.251,-0.006,-2.98
30.5,51.50957,-0.161038,1.252,-0.015,-1.07
31,51.509576,-0.161038,1.256,-0.013,1.59
31.5,51.509581,-0.161038,1.232,-0.001,-0.44
32,51.509587,-0.161038,1.235,-0.02,3.26
32.5,51.509592,-0.161039,0.994,-0.02,-1.2
33,51.509595,-0.161039,0.749,-0.011,-4.33
33.5,51.509598,-0.161039,0.509,-0.024,-1.93
34,51.509599,-0.161039,0.235,0.002,1.03
34.5,51.509599,-0.161037,0.226,0.07,15.86
35,51.5096,-0.161036,0.253,0.132,28.99
35.5,51.5096,-0.161035,0.173,0.177,44.63
36,51.509601,-0.161034,0.104,0.215,61.28
36.5,51.509601,-0.161032,0.06,0.227,77.04
37,51.509601,-0.161031,0.013,0.226,88.99
37.5,51.509601,-0.16103,-0.056,0.242,105.5
38,51.5096,-0.161028,-0.132,0.232,116.78
38.5,51.5096,-0.161027,-0.156,0.166,128.47
39,51.509599,-0.161027,-0.232,0.129,144.84
39.5,51.509598,-0.161027,-0.218,0.071,166.22
40,51.509597,-0.161027,-0.257,0.003,179
40.5,51.509595,-0.161025,-0.523,0.039,179.21
41,51.509592,-0.161024,-0.76,-0.022,178.73
41.5,51.509588,-0.161025,-1.024,0.019,186.19
42,51.509582,-0.161025,-1.253,-0.002,182.83
42.5,51.509576,-0.161024,-1.25,0.017,176.11
43,51.50957,-0.161024,-1.262,0.021,177.47
43.5,51.509564,-0.161024,-1.221,-0.004,182.31
44,51.509559,-0.161024,-1.24,-0.025,178.83
44.5,51.509553,-0.161024,-1.235,0.003,181.45
45,51.509548,-0.161024,-1.26,0.027,177.54
45.5,51.509542,-0.161024,-1.256,-0.022,180.93
46,51.509537,-0.161024,-1.263,0.008,181.73
46.5,51.509531,-0.161024,-1.209,-0.043,178.94
47,51.509526,-0.161024,-1.268,-0.029,176.71
47.5,51.50952,-0.161024,-1.238,-0.031,178.17
48,51.509514,-0.161024,-1.252,-0.029,178.97
48.5,51.509509,-0.161025,-1.273,0.004,182.9
49,51.509503,-0.161025,-1.236,-0.031,182.04
49.5,51.509498,-0.161024,-1.264,0.041,175.46
50,51.509492,-0.161025,-1.276,-0.003,183.36
50.5,51.509486,-0.161024,-1.245,0.017,177.02
51,51.509481,-0.161024,-1.285,0.003,175.34
51.5,51.509475,-0.161024,-1.25,0.009,180.62
52,51.50947,-0.161024,-1.238,0.019,183.52
52.5,51.509464,-0.161024,-1.241,0.007,176.86
53,51.509458,-0.161024,-1.238,-0.012,181.83
53.5,51.509453,-0.161024,-1.271,0.008,184.17
54,51.509447,-0.161024,-1.261,-0.009,182.22
54.5,51.509441,-0.161024,-1.262,-0.008,181.35
55,51.509436,-0.161023,-1.274,0.002,176.42
55.5,51.50943,-0.161023,-1.24,0.027,179.09
56,51.509425,-0.161023,-1.267,-0.011,177.44
56.5,51.509419,-0.161023,-1.241,0.018,177.64
57,51.509413,-0.161023,-1.243,0.005,179.01
57.5,51.509408,-0.161023,-1.254,0.036,181.3
58,51.509402,-0.161022,-1.265,0.07,173.08
58.5,51.509397,-0.161022,-1.259,0.026,176.31
59,51.509391,-0.161022,-1.276,0.01,180.38
59.5,51.509385,-0.161022,-1.253,0.02,176.62
60,51.50938,-0.161022,-1.265,0.019,181.04
60.5,51.509374,-0.161022,-1.255,-0.009,179.64
61,51.509368,-0.161022,-1.239,-0.03,176.89
61.5,51.509363,-0.161022,-1.238,-0.038,181.23
62,51.509357,-0.161022,-1.258,-0.025,180.44
62.5,51.509352,-0.161022,-1.263,-0.005,179.05
63,51.509346,-0.161023,-1.247,-0.038,185.7
63.5,51.50934,-0.161023,-1.283,-0.002,181.21
64,51.509335,-0.161023,-1.244,-0.04,182.71
64.5,51.509329,-0.161023,-1.237,-0.017,182.6
65,51.509324,-0.161023,-1.27,0.004,180.68
65.5,51.509318,-0.161023,-1.239,0.047,179.35
66,51.509312,-0.161023,-1.262,0.052,179.39
66.5,51.509307,-0.161022,-1.274,0.012,179.19
67,51.509301,-0.161022,-1.223,0.003,179.32
67.5,51.509296,-0.161022,-1.232,-0.002,176.41
68,51.50929,-0.161022,-1.224,0.004,181.3
68.5,51.509285,-0.161022,-1.229,-0.002,180.44
69,51.509279,-0.161022,-1.256,-0.005,176.88
69.5,51.509274,-0.161022,-1.252,-0,181.02
70,51.509268,-0.161022,-1.264,0.009,180.38
70.5,51.509262,-0.161022,-1.254,0.006,178.44
71,51.509257,-0.161022,-1.26,0.009,176.91
71.5,51.509252,-0.161023,-0.98,-0.022,182.92
72,51.509248,-0.161022,-0.753,0.015,178.21
72.5,51.509246,-0.161022,-0.494,0.01,175.69
73,51.509245,-0.161022,-0.263,0.008,178.33
73.5,51.509245,-0.16102,-0.211,0.084,163.63
74,51.509244,-0.161019,-0.217,0.118,147.88
74.5,51.509244,-0.161018,-0.156,0.155,134.96
75,51.509243,-0.161017,-0.141,0.252,118.85
75.5,51.509243,-0.161015,-0.044,0.242,101.84
76,51.509243,-0.161014,0.019,0.262,89.31
76.5,51.509243,-0.161013,0.064,0.232,76.25
77,51.509244,-0.161011,0.132,0.231,60.88
77.5,51.509244,-0.161011,0.161,0.183,43.87
78,51.509245,-0.16101,0.214,0.155,28.39
78.5,51.509246,-0.161009,0.22,0.066,15.9
79,51.509247,-0.161009,0.229,-0.002,1.88
79.5,51.509248,-0.161008,0.497,0.002,1.18
80,51.509252,-0.161008,0.747,-0.011,-1.25
80.5,51.509256,-0.161008,1.006,0.005,-1.47
81,51.509262,-0.161008,1.244,-0.042,0.35
81.5,51.509268,-0.161008,1.244,-0.025,0.01
82,51.509274,-0.161008,1.26,-0.021,1.19
82.5,51.509279,-0.161008,1.27,-0.021,0.25
83,51.509285,-0.161009,1.255,-0.001,-3.56
83.5,51.50929,-0.161008,1.236,0.006,-1.2
84,51.509296,-0.161008,1.271,-0.047,2.08
84.5,51.509302,-0.161009,1.259,-0.03,0.21
85,51.509307,-0.161009,1.262,0.004,0.52
85.5,51.509313,-0.161009,1.244,0.023,-1.4
86,51.509319,-0.161009,1.251,0.029,-0.31
86.5,51.509324,-0.161008,1.235,0.016,2.79
87,51.50933,-0.161009,1.221,-0.008,-3.77
87.5,51.509335,-0.161009,1.249,-0.061,-1.2
88,51.509341,-0.161009,1.267,-0.038,2.12
88.5,51.509346,-0.161009,1.247,-0.036,1.93
89,51.509352,-0.161009,1.266,-0.009,-1.03
89.5,51.509358,-0.161009,1.256,-0.026,-0.52
90,51.509363,-0.161009,1.24,0.026,1.94
90.5,51.509369,-0.161009,1.239,-0.017,1.56
91,51.509375,-0.16101,1.264,0.002,-2.6
91.5,51.50938,-0.16101,1.234,-0.034,-0.49
92,51.509386,-0.16101,1.243,0.001,-2.68
92.5,51.509391,-0.16101,1.242,-0.034,-0.26
93,51.509397,-0.16101,1.246,-0.014,-1.82
93.5,51.509402,-0.16101,1.243,0.004,-0.08
94,51.509408,-0.161009,1.276,0.024,4.03
94.5,51.509414,-0.16101,1.243,0.008,1.08
95,51.509419,-0.161009,1.248,0.051,1.08
95.5,51.509425,-0.16101,1.263,-0.015,-2.59
96,51.509431,-0.16101,1.229,-0.012,-1.36
96.5,51.509436,-0.161009,1.245,0.022,0.55
97,51.509442,-0.161009,1.237,0.028,3.64
97.5,51.509447,-0.161009,1.293,0.007,2.2
98,51.509453,-0.161009,1.257,0.023,1.72
98.5,51.509459,-0.161008,1.229,0.025,1.48
99,51.509464,-0.161008,1.233,0.052,2.06
99.5,51.50947,-0.161008,1.235,0.055,0.19
100,51.509475,-0.161008,1.258,-0.016,-1.98
100.5,51.509481,-0.161008,1.241,0.022,0.69
101,51.509487,-0.161008,1.248,-0.029,-0.19
101.5,51.509492,-0.161008,1.222,0.011,1.25
102,51.509497,-0.161008,1.245,0.009,1.61
102.5,51.509503,-0.161008,1.271,-0.017,-2.91
103,51.509509,-0.161008,1.24,0.048,0.96
103.5,51.509514,-0.161008,1.274,-0.026,-3.04
104,51.50952,-0.161008,1.267,-0.032,-1.93
104.5,51.509526,-0.161008,1.221,-0.03,-2.65
105,51.509531,-0.161008,1.257,-0.03,-0.38
105.5,51.509537,-0.161009,1.272,-0.033,-2
106,51.509543,-0.161009,1.264,-0.003,-1.18
106.5,51.509548,-0.161009,1.241,-0.006,-1.53
107,51.509554,-0.161008,1.236,0.002,1.23
107.5,51.509559,-0.161009,1.266,0.011,-2.84
108,51.509565,-0.161009,1.267,0.004,-1.76
108.5,51.509571,-0.161009,1.282,-0.015,-4.51
109,51.509577,-0.161009,1.269,-0.015,-3.89
109.5,51.509582,-0.161009,1.257,-0.006,-0.43
110,51.509588,-0.161009,1.279,-0.044,-0.02
110.5,51.509593,-0.161009,1.026,-0.021,0.35
111,51.509596,-0.161009,0.768,-0.013,-1.96
111.5,51.509599,-0.161009,0.499,-0,-5.37
112,51.5096,-0.161009,0.245,-0.012,-2.32
112.5,51.5096,-0.161008,0.214,0.066,12.49
113,51.509601,-0.161006,0.219,0.153,29.72
113.5,51.509601,-0.161005,0.124,0.207,46.65
114,51.509601,-0.161004,0.13,0.187,65.27
114.5,51.509602,-0.161003,0.052,0.254,73.82
115,51.509602,-0.161001,-0.018,0.258,90.67
115.5,51.509601,-0.161,-0.063,0.222,104.03
116,51.509601,-0.160999,-0.122,0.208,118.37
116.5,51.5096,-0.160998,-0.167,0.195,133.75
117,51.5096,-0.160997,-0.21,0.123,150.28
117.5,51.509599,-0.160997,-0.256,0.065,163.01
118,51.509598,-0.160996,-0.243,0.016,180.28
118.5,51.509596,-0.160995,-0.498,0.012,179.3
119,51.509593,-0.160995,-0.771,0.021,177.51
119.5,51.509588,-0.160995,-1.005,0.054,176.1
120,51.509582,-0.160994,-1.225,0.017,178.65
120.5,51.509577,-0.160994,-1.254,0.003,179.67
121,51.509571,-0.160994,-1.26,-0.013,179.54
121.5,51.509565,-0.160994,-1.264,0.039,181.03
122,51.50956,-0.160994,-1.235,0.014,179.51
122.5,51.509554,-0.160994,-1.253,0.011,180.45
123,51.509548,-0.160995,-1.253,-0.037,182.45
123.5,51.509543,-0.160994,-1.238,-0.015,179.64
124,51.509537,-0.160995,-1.262,-0.02,183.23
124.5,51.509532,-0.160995,-1.255,-0.034,180.92
125,51.509526,-0.160995,-1.245,-0.053,181.3
125.5,51.50952,-0.160996,-1.254,-0.012,182.94
126,51.509515,-0.160995,-1.251,0.006,179.11
126.5,51.509509,-0.160995,-1.271,0.035,173.48
127,51.509503,-0.160995,-1.227,-0,178.18
127.5,51.509498,-0.160995,-1.214,0.02,175.41
128,51.509493,-0.160995,-1.233,-0.009,181.14
128.5,51.509487,-0.160995,-1.242,0.035,177.77
129,51.509481,-0.160995,-1.256,0.006,178.83
129.5,51.509476,-0.160995,-1.225,-0.018,182.24
130,51.50947,-0.160995,-1.268,-0.015,181.16
130.5,51.509465,-0.160995,-1.273,-0.01,180.29
131,51.509459,-0.160995,-1.259,-0.018,180.27
131.5,51.509453,-0.160995,-1.243,-0.019,183.09
132,51.509448,-0.160995,-1.267,-0.005,182.1
132.5,51.509442,-0.160995,-1.243,0.025,181.3
133,51.509436,-0.160995,-1.256,0.032,180.32
133.5,51.509431,-0.160995,-1.247,0.052,180.48
134,51.509425,-0.160994,-1.269,0.054,179.1
134.5,51.50942,-0.160994,-1.23,0.042,176.05
135,51.509414,-0.160994,-1.218,0.024,180.08
135.5,51.509409,-0.160994,-1.239,-0.01,181.84
136,51.509403,-0.160994,-1.256,-0.003,180.28
136.5,51.509397,-0.160993,-1.262,0.019,178.21
137,51.509392,-0.160994,-1.254,0.023,180.81
137.5,51.509386,-0.160993,-1.245,0.023,178.11
138,51.509381,-0.160993,-1.229,0.007,179.66
138.5,51.509375,-0.160993,-1.252,0.03,179.24
139,51.509369,-0.160993,-1.24,0.03,180.85
139.5,51.509364,-0.160992,-1.239,0.025,178.08
140,51.509358,-0.160992,-1.272,0.029,179.55
140.5,51.509353,-0.160992,-1.275,0.026,182.08
141,51.509347,-0.160992,-1.238,0.032,177.33
141.5,51.509341,-0.160992,-1.236,-0.022,178.81
142,51.509336,-0.160992,-1.267,-0.006,176.7
142.5,51.50933,-0.160992,-1.262,0.022,178.75
143,51.509324,-0.160992,-1.26,-0.012,181.33
143.5,51.509319,-0.160992,-1.25,-0.015,183.82
144,51.509313,-0.160992,-1.224,-0.002,180.9
144.5,51.509308,-0.160992,-1.264,0.011,177.62
145,51.509302,-0.160992,-1.245,0.028,177.53
145.5,51.509297,-0.160992,-1.251,-0.002,179.54
146,51.509291,-0.160992,-1.271,0.035,182.18
146.5,51.509285,-0.160992,-1.25,-0.015,181.33
147,51.50928,-0.160992,-1.226,0.021,180.52
147.5,51.509274,-0.160992,-1.281,0.016,181.12
148,51.509268,-0.160991,-1.258,0.037,180.72
148.5,51.509263,-0.160991,-1.276,0.011,178.88
149,51.509257,-0.160991,-1.27,0.02,180.16
149.5,51.509252,-0.160991,-1.022,0.011,180.66
150,51.509248,-0.160991,-0.761,0.011,179.71
150.5,51.509246,-0.160991,-0.496,-0.022,179.08
151,51.509245,-0.160991,-0.253,-0.041,178.43
151.5,51.509245,-0.16099,-0.23,0.043,165.66
152,51.509244,-0.160989,-0.206,0.148,151.4
152.5,51.509244,-0.160987,-0.167,0.153,138.8
153,51.509243,-0.160986,-0.127,0.216,124.63
153.5,51.509247,-0.160984,-0.059,0.235,104.68
154,51.509243,-0.160984,-0.015,0.225,89.92
154.5,51.509243,-0.160983,0.049,0.252,73.19
155,51.509244,-0.160981,0.122,0.216,61.95
155.5,51.509245,-0.160982,0.165,0.172,43.38
156,51.509245,-0.16098,0.218,0.127,33.46
156.5,51.509246,-0.160979,0.212,0.064,16.58
157,51.509246,-0.16098,0.251,0.005,-1.93
157.5,51.509248,-0.160978,0.502,-0.015,1.32
158,51.509252,-0.160978,0.747,-0.029,0.94
158.5,51.509256,-0.160978,1.02,-0.027,-2.41
159,51.509262,-0.160978,1.246,-0.014,0.33
159.5,51.509268,-0.160978,1.242,0,1.37
160,51.509273,-0.160978,1.258,-0.025,1.01
160.5,51.509279,-0.160979,1.256,0.003,-2.82
161,51.509285,-0.160978,1.26,0.015,-0.41
161.5,51.50929,-0.160978,1.24,0.018,-0.94
162,51.509296,-0.160978,1.232,0.018,2.72
162.5,51.509301,-0.160978,1.257,0.012,0.81
163,51.509307,-0.160978,1.26,-0.017,0.15
163.5,51.509313,-0.160978,1.239,0.019,0.95
164,51.509318,-0.160978,1.271,-0.016,-0.2
164.5,51.509324,-0.160978,1.258,-0.002,4.45
165,51.50933,-0.160978,1.256,-0.004,3.15
165.5,51.509335,-0.160978,1.258,0.007,3
166,51.509341,-0.160978,1.269,0.022,0.66
166.5,51.509347,-0.160978,1.263,0.001,0.64
167,51.509352,-0.160978,1.242,0.027,-0.8
167.5,51.509358,-0.160977,1.233,0.002,2.18
168,51.509363,-0.160977,1.262,0.013,2.98
168.5,51.509369,-0.160977,1.25,-0.012,1.31
169,51.509375,-0.160978,1.263,-0.029,-0.61
169.5,51.50938,-0.160978,1.243,-0.009,1.26
170,51.509386,-0.160978,1.233,-0.006,-2.55
170.5,51.509391,-0.160978,1.251,-0.012,-1.6
171,51.509397,-0.160978,1.224,-0.001,-0.19
171.5,51.509402,-0.160978,1.22,-0.013,-0.02
172,51.509408,-0.160978,1.24,-0.006,0.58
172.5,51.509413,-0.160978,1.235,0,1.57
173,51.509419,-0.160978,1.229,0.034,0.06
173.5,51.509424,-0.160978,1.244,0.001,3.38
174,51.50943,-0.160978,1.256,0.017,0.41
174.5,51.509436,-0.160978,1.261,0.019,0.15
175,51.509441,-0.160978,1.228,-0.014,-0.85
175.5,51.509447,-0.160978,1.265,-0.008,0.16
176,51.509453,-0.160977,1.258,0.038,0.38
176.5,51.509458,-0.160977,1.266,-0.011,-0.13
177,51.509464,-0.160977,1.234,0.012,1.89
177.5,51.509469,-0.160977,1.237,0.039,0.38
178,51.509475,-0.160977,1.26,0.027,-3.83
178.5,51.509481,-0.160977,1.255,0.022,-3.04
179,51.509486,-0.160977,1.228,0.039,-1.31
179.5,51.509492,-0.160976,1.227,0.023,0.05
180,51.509497,-0.160976,1.241,-0.005,0.95
180.5,51.509503,-0.160976,1.238,0.013,0.36
181,51.509508,-0.160976,1.226,0.004,1.21
181.5,51.509514,-0.160976,1.239,-0.014,0.95
182,51.509519,-0.160976,1.254,-0.005,-0.15
182.5,51.509525,-0.160976,1.245,-0.009,0.82
183,51.509531,-0.160976,1.247,0.021,-1.17
183.5,51.509536,-0.160976,1.256,0.003,-3.68
184,51.509542,-0.160976,1.23,-0.005,-0.85
184.5,51.509547,-0.160976,1.223,0.008,0.45
185,51.509553,-0.160976,1.265,-0.025,1.21
185.5,51.509558,-0.160977,1.255,-0.048,-2.3
186,51.509564,-0.160977,1.252,-0.013,-1.82
186.5,51.50957,-0.160977,1.245,-0.001,-1.83
187,51.509575,-0.160977,1.22,-0.012,-2.29
187.5,51.509581,-0.160977,1.275,-0.008,-1.09
188,51.509587,-0.160977,1.267,0.003,0.74
188.5,51.509591,-0.160977,1.007,-0.003,2.57
189,51.509595,-0.160977,0.759,0.007,2.46
189.5,51.509597,-0.160977,0.49,-0.013,4.24
190,51.509598,-0.160977,0.237,-0.027,3.64
190.5,51.509599,-0.160975,0.262,0.059,14.77
191,51.509599,-0.160974,0.215,0.134,32.3
191.5,51.5096,-0.160973,0.167,0.18,41.91
192,51.5096,-0.160972,0.132,0.231,64.42
192.5,51.509601,-0.16097,0.089,0.239,75.65
193,51.509601,-0.160969,0.021,0.231,93.67
193.5,51.509601,-0.160968,-0.067,0.234,104.06
194,51.5096,-0.160967,-0.14,0.219,116.56
194.5,51.509599,-0.160965,-0.179,0.184,131.89
195,51.509599,-0.160965,-0.198,0.12,147.82
195.5,51.509598,-0.160964,-0.256,0.1,161.38
196,51.509597,-0.160964,-0.246,0,176
196.5,51.509595,-0.160963,-0.508,0.011,177.88
197,51.509592,-0.160963,-0.754,0.016,182.1
197.5,51.509587,-0.160963,-1.009,0.003,182.23
198,51.509582,-0.160963,-1.276,0.008,181.23
198.5,51.509576,-0.160962,-1.27,0.024,178.07
199,51.50957,-0.160963,-1.236,-0.025,183.92
199.5,51.509564,-0.160962,-1.25,-0.018,177.72
200,51.509559,-0.160963,-1.24,0.01,180.85
200.5,51.509553,-0.160962,-1.27,-0.003,179.2
201,51.509547,-0.160962,-1.275,0.022,177.54
201.5,51.509542,-0.160962,-1.257,0.027,181.93
202,51.509536,-0.160962,-1.253,0.022,180.7
202.5,51.50953,-0.160962,-1.264,0.029,179.79
203,51.509525,-0.160962,-1.262,0.002,180.24
203.5,51.509519,-0.160962,-1.263,0.011,180.39
204,51.509513,-0.160962,-1.253,0.026,182.28
204.5,51.509508,-0.160961,-1.243,0.034,179.17
205,51.509502,-0.160961,-1.239,0.018,180.82
205.5,51.509497,-0.160961,-1.254,0.008,178.8
206,51.509491,-0.160961,-1.269,-0.009,179.89
206.5,51.509486,-0.160961,-1.228,-0.017,181.46
207,51.50948,-0.160961,-1.236,-0.023,183.62
207.5,51.509474,-0.160961,-1.238,-0.022,179.2
208,51.509469,-0.160962,-1.245,-0.007,182
208.5,51.509463,-0.160962,-1.238,-0.039,180.89
209,51.509458,-0.160962,-1.251,0.003,182.63
209.5,51.509452,-0.160962,-1.264,-0.006,183.03
210,51.509447,-0.160962,-1.265,0.026,181.45
210.5,51.509441,-0.160961,-1.252,0.041,178.81
211,51.509435,-0.160961,-1.253,-0.005,183.96
211.5,51.50943,-0.160961,-1.265,0.04,177.8
212,51.509424,-0.160961,-1.252,-0.008,180.71
212.5,51.509418,-0.160961,-1.252,0.001,178.74
213,51.509413,-0.160961,-1.245,-0.052,178.7
213.5,51.509407,-0.160962,-1.235,-0.004,183.39
214,51.509401,-0.160961,-1.264,0.004,178.72
214.5,51.509396,-0.160961,-1.244,0.012,180.85
215,51.50939,-0.160961,-1.224,0.005,181.76
215.5,51.509385,-0.160961,-1.24,-0.01,177.68
216,51.509379,-0.160961,-1.244,-0.02,181.09
216.5,51.509374,-0.160961,-1.265,-0.01,181.59
217,51.509368,-0.160961,-1.237,-0.026,177.39
217.5,51.509362,-0.160961,-1.256,-0.005,176.72
218,51.509357,-0.160961,-1.241,0.015,178.74
218.5,51.509351,-0.160962,-1.242,-0.023,182.08
219,51.509346,-0.160961,-1.266,0.019,178.46
219.5,51.50934,-0.160961,-1.265,0.008,181.27
220,51.509335,-0.160961,-1.233,-0.017,181.06
220.5,51.509329,-0.160961,-1.274,0.016,181.14
221,51.509323,-0.160961,-1.232,-0.011,179.66
221.5,51.509318,-0.160962,-1.238,-0.009,182.62
222,51.509312,-0.160961,-1.254,0.024,176.41
222.5,51.509306,-0.160961,-1.247,-0.005,180.19
223,51.509301,-0.160961,-1.242,-0.012,179.91
223.5,51.509295,-0.160961,-1.241,-0.018,178.45
224,51.50929,-0.160961,-1.262,-0.013,179.64
224.5,51.509284,-0.160962,-1.248,-0.005,180.06
225,51.509279,-0.160961,-1.261,0.006,177.82
225.5,51.509273,-0.160962,-1.242,-0.003,182.91
226,51.509267,-0.160962,-1.265,-0.005,180.35
226.5,51.509262,-0.160962,-1.25,-0.004,182.97
227,51.509256,-0.160962,-1.261,-0.009,181.56
227.5,51.509251,-0.160962,-1.003,0.021,180.84
228,51.509248,-0.160961,-0.762,0.006,180.12
228.5,51.509245,-0.160961,-0.514,0.001,181.63
229,51.509244,-0.160962,-0.256,-0.02,181.77
229.5,51.509244,-0.16096,-0.225,0.093,163.3
230,51.509243,-0.160959,-0.227,0.137,149.64
230.5,51.509243,-0.160958,-0.205,0.179,134.85
231,51.509242,-0.160956,-0.105,0.231,121.46
231.5,51.509242,-0.160955,-0.068,0.243,107.47
232,51.509242,-0.160953,0.002,0.251,88.98
232.5,51.509242,-0.160952,0.058,0.264,76.71
233,51.509243,-0.160951,0.129,0.214,58.21
233.5,51.509243,-0.16095,0.163,0.184,44.7
234,51.509244,-0.160949,0.214,0.123,32.98
234.5,51.509245,-0.160949,0.228,0.069,16.54
235,51.509246,-0.160949,0.232,-0.022,-2.41
235.5,51.509248,-0.160947,0.501,-0.008,1.34
236,51.509251,-0.160947,0.769,0.004,3.24
236.5,51.509255,-0.160947,1.017,-0.014,0.91
237,51.509261,-0.160947,1.26,0.014,-0.01
237.5,51.509267,-0.160948,1.246,0.01,-1.68
238,51.509273,-0.160947,1.242,0.027,-0.63
238.5,51.509278,-0.160947,1.245,0.012,-0.03
239,51.509284,-0.160947,1.235,-0.043,1.36
239.5,51.50929,-0.160948,1.244,-0.023,-2.11
240,51.509295,-0.160948,1.243,-0.024,-3.26
240.5,51.509301,-0.160948,1.249,-0.005,-3.5
241,51.509306,-0.160948,1.237,0.001,-0.09
241.5,51.509312,-0.160947,1.257,0,3.25
242,51.509317,-0.160948,1.222,0.002,0.92
242.5,51.509323,-0.160948,1.247,0.035,-1.13
243,51.509329,-0.160947,1.255,0.011,-0.17
243.5,51.509334,-0.160947,1.257,-0.028,0.62
244,51.50934,-0.160947,1.245,0.008,0.28
244.5,51.509346,-0.160948,1.235,0.003,-1.32
245,51.509351,-0.160947,1.25,-0.008,-1.06
245.5,51.509357,-0.160947,1.255,-0.035,2.58
246,51.509362,-0.160948,1.215,0.023,-2.52
246.5,51.509368,-0.160948,1.234,-0.006,-1.34
247,51.509373,-0.160948,1.249,0.002,0.57
247.5,51.509379,-0.160948,1.225,0.007,-2.32
248,51.509384,-0.160948,1.246,-0.01,0.06
248.5,51.50939,-0.160948,1.215,-0.008,-2.29
249,51.509395,-0.160948,1.252,-0.014,-2.52
249.5,51.509401,-0.160948,1.233,-0.027,-0.56
250,51.509406,-0.160948,1.25,-0.028,-0.53
250.5,51.509412,-0.160948,1.226,-0.03,-2.33
251,51.509418,-0.160948,1.238,-0.036,-0.43
251.5,51.509423,-0.160949,1.255,-0.029,-1.59
252,51.509429,-0.160949,1.25,-0.021,-3.3
252.5,51.509434,-0.160949,1.253,-0.006,-2.89
253,51.50944,-0.160949,1.226,-0.013,-0.49
253.5,51.509446,-0.160949,1.235,0.01,0.31
254,51.509451,-0.160949,1.281,-0.028,-1.45
254.5,51.509457,-0.160949,1.252,-0.024,1.9
255,51.509463,-0.160949,1.243,-0.004,4.11
255.5,51.509468,-0.160949,1.253,-0.014,3.06
256,51.509474,-0.160949,1.257,-0.001,0.54
256.5,51.509479,-0.16095,1.246,0.026,-1.45
257,51.509485,-0.160949,1.26,-0.002,-1.65
257.5,51.509491,-0.160949,1.242,0.017,2.16
258,51.509496,-0.160949,1.239,-0.025,1.6
258.5,51.509502,-0.16095,1.265,-0.008,-2.55
259,51.509507,-0.160949,1.234,0.022,2.21
259.5,51.509513,-0.160949,1.243,0.01,4.13
260,51.509519,-0.160949,1.266,0.022,-1.1
260.5,51.509524,-0.160949,1.238,0.037,2.96
261,51.50953,-0.160948,1.259,0.06,1.52
261.5,51.509535,-0.160948,1.266,0.047,5.45
262,51.509541,-0.160948,1.27,0.075,2.24
262.5,51.509547,-0.160947,1.271,0.055,-1.74
263,51.509552,-0.160947,1.272,0.064,2.74
263.5,51.509558,-0.160947,1.241,0.034,-1.64
264,51.509564,-0.160946,1.236,0.024,3.41
264.5,51.509569,-0.160946,1.246,0.023,0.73
265,51.509575,-0.160946,1.236,0.002,0.17
265.5,51.50958,-0.160946,1.231,-0,1.8
266,51.509586,-0.160946,1.248,0.03,-0.77
266.5,51.509591,-0.160946,1.01,0.003,1.98
267,51.509594,-0.160946,0.77,-0.017,-2.01
267.5,51.509597,-0.160946,0.507,0.031,3.26
268,51.509598,-0.160945,0.26,-0.006,4.07
268.5,51.509598,-0.160944,0.247,0.024,15.94
269,51.509599,-0.160943,0.211,0.132,28.8
269.5,51.5096,-0.160942,0.198,0.183,45.14
270,51.5096,-0.160941,0.121,0.248,60.98
270.5,51.5096,-0.160939,0.074,0.228,72.53
271,51.5096,-0.160938,0.005,0.267,88.25
271.5,51.5096,-0.160936,-0.064,0.239,105.72
272,51.509599,-0.160935,-0.155,0.267,118.9
272.5,51.509599,-0.160934,-0.171,0.199,133
273,51.509598,-0.160933,-0.239,0.138,151.7
273.5,51.509597,-0.160933,-0.207,0.033,163.84
274,51.509596,-0.160933,-0.249,0.008,180.06
274.5,51.509594,-0.160931,-0.496,0.008,180.75
275,51.509591,-0.160931,-0.736,0.01,179.77
275.5,51.509586,-0.160931,-1.001,-0.011,179.41
276,51.509581,-0.160932,-1.269,-0.003,182.75
276.5,51.509574,-0.160931,-1.288,-0.006,179.55
277,51.509569,-0.160931,-1.272,0.03,178.69
277.5,51.509563,-0.160931,-1.267,0.018,180.09
278,51.509557,-0.160931,-1.252,0.019,180.64
278.5,51.509551,-0.160931,-1.239,0.012,179.07
279,51.509546,-0.160931,-1.264,-0.004,176.21
279.5,51.50954,-0.160931,-1.273,0.009,176.62
280,51.509534,-0.160931,-1.269,-0.002,180.01
280.5,51.509529,-0.160931,-1.253,0.003,182.88
281,51.509523,-0.160931,-1.242,0.012,179.52
281.5,51.509517,-0.160931,-1.242,0.011,182.77
282,51.509512,-0.160931,-1.231,-0.016,184.82
282.5,51.509506,-0.160931,-1.246,0.006,180.63
283,51.509501,-0.160931,-1.246,-0.009,180.61
283.5,51.509495,-0.160931,-1.247,0.007,178.48
284,51.509489,-0.160931,-1.254,0.014,178.24
284.5,51.509484,-0.160931,-1.247,0.025,176.41
285,51.509478,-0.16093,-1.241,0.053,178.1
285.5,51.509472,-0.16093,-1.24,0.06,176.14
286,51.509467,-0.160929,-1.242,0.067,177.08
286.5,51.509461,-0.160929,-1.237,0.031,179.75
287,51.509456,-0.160929,-1.267,0.058,175.97
287.5,51.50945,-0.160929,-1.255,0.034,177.94
288,51.509444,-0.160928,-1.279,0.045,179.86
288.5,51.509439,-0.160928,-1.259,0.016,174.47
289,51.509433,-0.160928,-1.248,0.035,176.82
289.5,51.509427,-0.160927,-1.259,0.018,174.29
290,51.509422,-0.160928,-1.266,-0.009,182.09
290.5,51.509416,-0.160928,-1.268,0.008,179.22
291,51.50941,-0.160928,-1.281,0.013,179.28
291.5,51.509404,-0.160928,-1.254,0.001,181.18
292,51.509399,-0.160927,-1.271,-0.015,178.92
292.5,51.509393,-0.160927,-1.276,-0.009,178.57
293,51.509387,-0.160928,-1.258,-0.006,179.15
293.5,51.509382,-0.160928,-1.248,-0.029,180.48
294,51.509376,-0.160928,-1.232,-0.043,180.49
294.5,51.50937,-0.160928,-1.25,-0.021,181.92
295,51.509365,-0.160929,-1.245,-0.035,182.57
295.5,51.509359,-0.160929,-1.233,-0.046,185.17
296,51.509354,-0.160929,-1.248,-0.042,179.81
296.5,51.509348,-0.160929,-1.222,-0.009,184.92
297,51.509343,-0.160929,-1.253,0.036,178.93
297.5,51.509337,-0.160929,-1.217,-0.012,181.47
298,51.509332,-0.160929,-1.265,-0.014,180.82
298.5,51.509326,-0.160929,-1.266,-0.026,181.75
299,51.50932,-0.160929,-1.234,-0.016,178.55
299.5,51.509315,-0.160929,-1.238,-0.056,178.54
300,51.509309,-0.16093,-1.237,-0.054,180.4
300.5,51.509304,-0.16093,-1.273,-0.007,184.22
301,51.509298,-0.16093,-1.255,-0.002,183.54
301.5,51.509292,-0.16093,-1.23,-0.029,182.18
302,51.509287,-0.16093,-1.24,-0.017,179.01
302.5,51.509281,-0.160931,-1.235,0.005,181.76
303,51.509276,-0.16093,-1.227,0.011,181.39
303.5,51.50927,-0.16093,-1.25,-0.017,179.73
304,51.509265,-0.160931,-1.221,-0.011,180.91
304.5,51.509259,-0.16093,-1.274,0.002,179.77
305,51.509254,-0.160931,-1.253,0.017,181.96
305.5,51.509249,-0.16093,-0.968,0.004,180.6
306,51.509245,-0.16093,-0.754,0.021,180.86
306.5,51.509243,-0.16093,-0.503,-0.033,180.36
307,51.509242,-0.16093,-0.241,-0.011,180.49
307.5,51.509241,-0.160929,-0.251,0.073,164.25
308,51.509241,-0.160928,-0.208,0.113,149
308.5,51.50924,-0.160927,-0.16,0.181,136.25
309,51.50924,-0.160925,-0.119,0.231,121.99
309.5,51.50924,-0.160924,-0.076,0.245,104.56
310,51.50924,-0.160923,0.004,0.219,88.28
310.5,51.50924,-0.160921,0.078,0.244,75.51
311,51.50924,-0.16092,0.108,0.24,62.14
311.5,51.509241,-0.160919,0.156,0.182,46.02
312,51.509242,-0.160919,0.227,0.13,30.58
312.5,51.509242,-0.160918,0.216,0.093,12.88
313,51.509243,-0.160918,0.224,0.017,0.39
313.5,51.509245,-0.160916,0.486,0.004,-2.04
314,51.509248,-0.160916,0.75,0.016,-1.95
314.5,51.509253,-0.160916,0.975,0.005,4.17
315,51.509258,-0.160916,1.24,0.002,-0.29
315.5,51.509264,-0.160916,1.236,0.001,1.55
316,51.50927,-0.160916,1.239,0.035,1.86
316.5,51.509275,-0.160916,1.251,-0.006,-2.78
317,51.509281,-0.160916,1.27,0.01,0.66
317.5,51.509287,-0.160915,1.261,0.03,2.68
318,51.509292,-0.160915,1.254,0.017,6.27
318.5,51.509298,-0.160915,1.254,0.005,1.29
319,51.509304,-0.160915,1.251,-0.004,0.96
319.5,51.509309,-0.160915,1.247,-0.004,0.25
320,51.509315,-0.160915,1.257,0.003,-0.29
320.5,51.509321,-0.160915,1.259,-0,1.35
321,51.509326,-0.160916,1.258,-0.017,-3.44
321.5,51.509332,-0.160915,1.23,-0.004,1.8
322,51.509337,-0.160915,1.227,0.002,0.9
322.5,51.509343,-0.160916,1.242,-0.022,-1.36
323,51.509348,-0.160916,1.254,-0.032,0.37
323.5,51.509354,-0.160916,1.252,-0.023,0.42
324,51.50936,-0.160916,1.232,0.002,-2.62
324.5,51.509365,-0.160916,1.25,-0.022,-1.97
325,51.509371,-0.160917,1.281,-0.048,-0.97
325.5,51.509377,-0.160917,1.256,-0.029,0.76
326,51.509382,-0.160917,1.252,0.029,1.89
326.5,51.509388,-0.160917,1.262,-0.021,1.16
327,51.509394,-0.160917,1.275,-0.014,-1.38
327.5,51.509399,-0.160917,1.262,-0.014,1.76
328,51.509405,-0.160917,1.23,-0.009,0.61
328.5,51.50941,-0.160917,1.238,-0.009,1.03
329,51.509416,-0.160917,1.228,-0.019,1.22
329.5,51.509422,-0.160918,1.253,-0.021,-0.14
330,51.509427,-0.160918,1.262,0.013,-0.78
330.5,51.509433,-0.160917,1.242,0.024,0.63
331,51.509438,-0.160917,1.233,0.028,0.22
331.5,51.509444,-0.160917,1.268,0.031,1.93
332,51.50945,-0.160917,1.234,-0,-0.21
332.5,51.509455,-0.160917,1.243,0.013,0.53
333,51.509461,-0.160917,1.275,-0.028,-1.2
333.5,51.509466,-0.160917,1.238,0.007,0.96
334,51.509472,-0.160917,1.24,0.001,-1.39
334.5,51.509478,-0.160917,1.256,-0.02,-1.83
335,51.509483,-0.160917,1.238,0.003,-1.38
335.5,51.509489,-0.160917,1.249,0.01,0.83
336,51.509494,-0.160917,1.238,0.002,0
336.5,51.5095,-0.160917,1.241,0.026,-1.68
337,51.509506,-0.160917,1.264,-0.002,-1.86
337.5,51.509511,-0.160917,1.255,-0.02,-0.24
338,51.509517,-0.160917,1.242,0.018,-2.03
338.5,51.509522,-0.160917,1.254,-0.014,-1.74
339,51.509528,-0.160917,1.223,0.016,4.53
339.5,51.509534,-0.160917,1.249,-0.01,0.37
340,51.509539,-0.160917,1.242,-0.017,-4.18
340.5,51.509545,-0.160917,1.254,0.005,-0.42
341,51.50955,-0.160917,1.244,0.026,-0.12
341.5,51.509556,-0.160917,1.269,0.001,-2.71
342,51.509562,-0.160917,1.275,-0.014,-1.71
342.5,51.509567,-0.160917,1.247,-0.008,1.41
343,51.509573,-0.160917,1.245,-0.002,-2.2
343.5,51.509579,-0.160917,1.23,0.012,0.08
344,51.509584,-0.160917,1.246,-0.051,-4.24
344.5,51.509589,-0.160917,0.988,-0.011,-1.8
345,51.509592,-0.160917,0.738,0.016,-3.27
345.5,51.509595,-0.160917,0.505,0.013,0.09
346,51.509596,-0.160917,0.234,0.008,-2.14
346.5,51.509596,-0.160915,0.206,0.073,16.23
347,51.509596,-0.160914,0.18,0.13,31.16
347.5,51.509597,-0.160913,0.16,0.14,40.28
348,51.509597,-0.160912,0.124,0.216,55.48
348.5,51.509597,-0.160911,0.066,0.193,75.48
349,51.509597,-0.16091,-0.019,0.255,91.27
349.5,51.509597,-0.160909,-0.055,0.224,105.2
350,51.509597,-0.160908,-0.107,0.192,117.91
350.5,51.509596,-0.160907,-0.156,0.163,132.3
351,51.509595,-0.160907,-0.206,0.115,152.63
351.5,51.509594,-0.160906,-0.245,0.053,165.08
352,51.509594,-0.160906,-0.248,-0.011,180.97
352.5,51.509592,-0.160905,-0.505,-0.009,183.14
353,51.509588,-0.160905,-0.76,-0.031,181.12
353.5,51.509584,-0.160905,-1.029,-0.019,181.34
354,51.509578,-0.160906,-1.241,-0.043,184.07
354.5,51.509572,-0.160905,-1.252,0.017,179.17
355,51.509566,-0.160906,-1.242,-0.011,180.47
355.5,51.509561,-0.160906,-1.26,0.002,182.33
356,51.509555,-0.160906,-1.244,-0.005,181.21
356.5,51.50955,-0.160906,-1.23,-0.017,178.87
357,51.509544,-0.160906,-1.283,-0.004,178.99
357.5,51.509538,-0.160906,-1.264,0.023,182.26
358,51.509533,-0.160905,-1.273,0.037,179.11
358.5,51.509527,-0.160905,-1.263,0.038,180.36
359,51.509521,-0.160905,-1.271,0.015,181.97
359.5,51.509515,-0.160905,-1.267,0.019,182.29
360,51.50951,-0.160905,-1.267,-0.002,180.42
360.5,51.509504,-0.160905,-1.261,-0.002,184.83
361,51.509499,-0.160905,-1.256,-0.016,180.31
361.5,51.509493,-0.160905,-1.251,-0.011,180.29
362,51.509487,-0.160905,-1.266,-0.001,181.67
362.5,51.509482,-0.160905,-1.241,-0.002,181.67
363,51.509476,-0.160905,-1.271,0.012,179.38
363.5,51.509471,-0.160905,-1.233,0.003,181.81
364,51.509465,-0.160905,-1.238,-0.005,178.75
364.5,51.509459,-0.160905,-1.251,0.009,180.85
365,51.509454,-0.160905,-1.264,0.018,181.02
365.5,51.509448,-0.160905,-1.254,0.001,181.08
366,51.509442,-0.160905,-1.295,0.002,180.78
366.5,51.509437,-0.160904,-1.25,0.016,176.18
367,51.509431,-0.160904,-1.239,0.007,178.64
367.5,51.509426,-0.160904,-1.257,0.048,180.19
368,51.50942,-0.160904,-1.252,0.011,177.83
368.5,51.509414,-0.160904,-1.245,0.004,176.3
369,51.509409,-0.160904,-1.247,-0.027,179.81
369.5,51.509403,-0.160904,-1.26,0.026,181.98
370,51.509397,-0.160904,-1.235,0.007,182.3
370.5,51.509392,-0.160904,-1.222,0.005,182.67
371,51.509386,-0.160904,-1.24,0.003,182.01
371.5,51.509381,-0.160904,-1.231,-0.021,182.46
372,51.509375,-0.160904,-1.249,0.006,181.51
372.5,51.50937,-0.160904,-1.223,-0.017,179.32
373,51.509364,-0.160904,-1.249,0.015,180.11
373.5,51.509359,-0.160904,-1.243,0.035,179.01
374,51.509353,-0.160904,-1.243,0.026,180.93
374.5,51.509348,-0.160903,-1.252,0.029,178.21
375,51.509342,-0.160903,-1.263,0.029,178.36
375.5,51.509336,-0.160903,-1.243,0.015,177.19
376,51.509331,-0.160903,-1.276,0.027,179.5
376.5,51.509325,-0.160903,-1.271,0.03,184.48
377,51.509319,-0.160903,-1.231,-0.012,178.8
377.5,51.509314,-0.160903,-1.249,0.012,181.81
378,51.509308,-0.160903,-1.235,0.009,182.05
378.5,51.509303,-0.160902,-1.275,0.025,179.18
379,51.509297,-0.160902,-1.244,0.011,179.28
379.5,51.509291,-0.160903,-1.262,-0.038,181.96
380,51.509286,-0.160903,-1.25,-0.028,181
380.5,51.50928,-0.160903,-1.272,-0.031,183.75
381,51.509274,-0.160903,-1.244,-0.038,181.78
381.5,51.509269,-0.160903,-1.238,-0.001,176.78
382,51.509263,-0.160903,-1.253,-0.037,180.81
382.5,51.509258,-0.160903,-1.259,-0.003,180.31
383,51.509252,-0.160904,-1.249,-0.042,178.89
383.5,51.509247,-0.160904,-0.999,0.01,178.22
384,51.509244,-0.160904,-0.751,0.01,180.32
384.5,51.509241,-0.160904,-0.509,-0.005,178.98
385,51.50924,-0.160904,-0.253,-0.014,178.99
385.5,51.50924,-0.160902,-0.26,0.063,159.54
386,51.509239,-0.160901,-0.219,0.137,145.35
386.5,51.509238,-0.1609,-0.179,0.153,136.24
387,51.509238,-0.160899,-0.106,0.223,118.38
387.5,51.509238,-0.160897,-0.06,0.252,105.51
388,51.509238,-0.160896,-0.006,0.281,88.64
388.5,51.509238,-0.160894,0.058,0.244,74.73
389,51.509239,-0.160893,0.105,0.233,59.64
389.5,51.50924,-0.160892,0.184,0.149,47.63
390,51.50924,-0.160892,0.195,0.133,31
390.5,51.509241,-0.160891,0.247,0.076,16.67
391,51.509242,-0.160892,0.264,-0.021,-4.53
391.5,51.509244,-0.16089,0.488,0.013,-2.81
392,51.509247,-0.16089,0.761,0.024,-2.79
392.5,51.509252,-0.16089,1.006,-0.001,-0.68
393,51.509257,-0.16089,1.253,-0.023,0.91
393.5,51.509263,-0.16089,1.253,-0.005,-1.54
394,51.509269,-0.16089,1.265,-0.035,-1.46
394.5,51.509275,-0.16089,1.251,-0.061,-0.41
395,51.50928,-0.160891,1.225,-0.009,-0.72
395.5,51.509286,-0.160891,1.246,0.013,-4.19
396,51.509292,-0.160891,1.246,-0.03,-5.91
396.5,51.509297,-0.160891,1.232,-0.01,-1.53
397,51.509303,-0.160891,1.25,-0.039,-1.97
397.5,51.509308,-0.160891,1.23,-0.027,0.34
398,51.509314,-0.160891,1.252,-0.019,-1.58
398.5,51.509319,-0.160892,1.258,-0.01,-1.63
399,51.509325,-0.160892,1.28,-0.038,-3.59
399.5,51.509331,-0.160892,1.243,-0.001,-0.01
400,51.509336,-0.160892,1.235,0.032,-0.17
400.5,51.509342,-0.160892,1.263,-0.012,0.24
401,51.509348,-0.160891,1.22,0.024,2.91
401.5,51.509353,-0.160892,1.262,-0.002,-3.42
402,51.509359,-0.160891,1.251,-0.023,2.36
402.5,51.509365,-0.160892,1.242,-0.04,-0.69
403,51.50937,-0.160892,1.257,-0.049,-1.84
403.5,51.509376,-0.160892,1.255,-0.056,1.07
404,51.509381,-0.160893,1.247,-0.051,-4.32
404.5,51.509387,-0.160893,1.253,-0.032,-1.39
405,51.509393,-0.160893,1.207,0.004,0.42
405.5,51.509398,-0.160893,1.242,-0.022,0.43
406,51.509404,-0.160893,1.239,0.012,2.88
406.5,51.509409,-0.160893,1.24,0,-0.72
407,51.509415,-0.160894,1.235,-0.005,-3.71
407.5,51.50942,-0.160893,1.249,-0.007,1.37
408,51.509426,-0.160893,1.272,0.003,-0.94
408.5,51.509432,-0.160893,1.24,0.024,1.13
409,51.509437,-0.160893,1.223,0.009,-1.16
409.5,51.509443,-0.160893,1.265,0.024,-2.76
410,51.509448,-0.160893,1.256,0.004,-0.85
410.5,51.509454,-0.160892,1.234,0.026,1.94
411,51.50946,-0.160892,1.249,0.022,4.36
411.5,51.509465,-0.160892,1.23,0.028,-2.36
412,51.509471,-0.160892,1.238,0.008,-2.97
412.5,51.509476,-0.160892,1.247,0.027,-0.31
413,51.509482,-0.160891,1.225,0.033,3.37
413.5,51.509487,-0.160892,1.256,0.001,-0.18
414,51.509493,-0.160892,1.231,0.009,0.22
414.5,51.509499,-0.160892,1.24,-0.016,-1.67
415,51.509504,-0.160891,1.23,-0.015,1.77
415.5,51.50951,-0.160892,1.237,-0.014,1.3
416,51.509515,-0.160892,1.27,-0.034,-0.19
416.5,51.509521,-0.160892,1.211,0.021,-1.89
417,51.509526,-0.160892,1.239,-0.028,0.39
417.5,51.509532,-0.160892,1.234,-0.05,-2.4
418,51.509538,-0.160893,1.251,-0.019,-5.32
418.5,51.509543,-0.160892,1.241,-0.018,2.16
419,51.509549,-0.160893,1.239,0.004,-4.64
419.5,51.509554,-0.160893,1.235,0.008,-0.86
420,51.50956,-0.160892,1.24,-0.018,1.42
420.5,51.509565,-0.160893,1.227,0.015,0.33
421,51.509571,-0.160893,1.258,0.02,-0.76
421.5,51.509577,-0.160893,1.233,0.021,-4.65
422,51.509582,-0.160892,1.249,-0.008,-0.58
422.5,51.509587,-0.160892,0.977,0.01,-0.67
423,51.50959,-0.160892,0.748,-0.009,-1.75
423.5,51.509593,-0.160892,0.497,-0.005,2.05
424,51.509594,-0.160892,0.282,0.01,-4.05
424.5,51.509594,-0.160892,0.122,-0.004,-3.17
425,51.509594,-0.160892,-0.005,-0.008,1.47
