0,51.509254,-0.161045,38.8238806731533,-0.0160038673156776,0.0472023823711591,0.00942017717515264
0.5,51.509246,-0.161042,38.463291652035,0.146992829648172,-0.0187857218282858,-0.0224806733637088
1,51.509247,-0.161047,37.4983934336342,0.235161492036132,0.0130527304959204,0.0142981776553729
1.5,51.509253,-0.161044,37.4114271982107,0.505822924456387,-0.0161513639364227,0.033783617983526
2,51.509255,-0.161044,37.0037419300061,0.760745320551662,0.00739667502875047,0.0464528307448563
2.5,51.509259,-0.161046,37.0184717620723,0.982938898487973,0.0111449739544916,-0.0221548458790171
3,51.509262,-0.161041,37.1288499159273,1.2404419679812,0.0138173841072745,-0.0314133108853233
3.5,51.509267,-0.161039,37.11906965659,1.23616458715843,-0.0198396162006218,-0.0134483552559151
4,51.509275,-0.161038,36.7462911000475,1.24270294850265,-0.0079500196061543,-0.0582360888083059
4.5,51.509279,-0.161036,36.0351862169337,1.25150994984462,-0.00234015568103283,-0.029459354440637
5,51.509285,-0.161038,36.0759053372312,1.23737699649439,0.00397012854073304,-0.0901152781181689
5.5,51.509292,-0.161038,35.7998518603854,1.26421566853953,-0.0266064921776519,-0.0591082371048461
6,51.509295,-0.161038,35.5101228673011,1.22931604484709,0.0364393608955615,-0.0604341758433182
6.5,51.509301,-0.161036,35.5429064137861,1.23691292758832,0.0228756973418614,-0.0330128910036455
7,51.509308,-0.161035,35.7322956977878,1.2706514932759,-0.0127666372302272,-0.0129949329838922
7.5,51.509313,-0.161034,36.0589406229556,1.25156674330487,0.0143323423988848,-0.0425088179385403
8,51.509319,-0.161032,35.9568911241367,1.23582383994992,0.00308304105069465,-0.0148256043118269
8.5,51.509325,-0.161032,36.0632445584051,1.25659040968999,-0.00271173448317036,-0.0477639970869761
9,51.50933,-0.161032,35.9470366176683,1.26217559623329,0.0173520425004793,-0.0416579910110386
9.5,51.509335,-0.161032,35.7860701431055,1.26675646712229,0.0348064804157111,-0.0139729761276605
10,51.509341,-0.161034,35.584316251101,1.23368097079948,0.0377781836090035,-0.00103535884578287
10.5,51.509347,-0.161035,35.6563817260321,1.24663545438258,0.015840238643227,0.0132502117971273
11,51.509353,-0.161035,35.3974377491977,1.27338735131608,6.28159961600055e-05,-0.0120949703408796
11.5,51.509358,-0.161035,35.4208843701053,1.25241665570524,0.0345000240554615,0.0115287662272324
12,51.509364,-0.161035,35.4200989084784,1.26057395856474,-0.00929436090549914,0.00157042926446982
12.5,51.50937,-0.161035,35.4776445417665,1.23886979212987,-0.0174783671941532,-0.00733324978029926
13,51.509375,-0.161036,35.6006036172621,1.23942562228598,0.00212767041244829,-0.0273330920092666
13.5,51.509381,-0.161038,35.8161176308058,1.24280464860377,0.0111490456883106,-0.0205081279613937
14,51.509387,-0.161038,35.7338657539804,1.26910883033746,0.0131969379562551,-0.0108038979102622
14.5,51.509392,-0.161037,35.9715310432948,1.24311952913977,-0.0446434734558217,0.00565288505651085
15,51.509397,-0.161037,36.0012411915231,1.25359136486404,-0.032781303880792,0.047703106093505
15.5,51.509402,-0.161036,35.932150578592,1.22395942254535,-0.0107259870523753,-0.00885632804469305
16,51.509408,-0.161037,35.8390900876839,1.21639755961954,-0.0044870760437516,0.0112613349612443
16.5,51.509414,-0.161036,35.8276730512735,1.23922987183044,-0.0112589161210074,0.020658815678864
17,51.509419,-0.161036,36.0020299009047,1.20943163257615,-0.000273164961150869,0.0225645310179319
17.5,51.509424,-0.161036,35.9814715129323,1.23542504811091,-0.00312962974693049,-0.0544641746970536
18,51.50943,-0.161034,36.0333000733517,1.24963611132673,0.00563849507619446,-0.0781678504048807
18.5,51.509436,-0.161034,36.064228969859,1.22979286923111,-0.0113081657510922,0.00130107108465971
19,51.509441,-0.161032,36.0179262496531,1.24360022821009,0.00308405724926237,-0.0123474838161501
19.5,51.509447,-0.161033,36.0083340415731,1.25102859656159,0.0146989656775027,-0.0514560473485193
20,51.509452,-0.161034,36.0577147025615,1.25785824679045,0.0118135164649032,-0.0605040866477108
20.5,51.509457,-0.161033,36.0705170666333,1.24170984140834,0.00849518469889083,-0.0294200564449899
21,51.509462,-0.161032,36.0725934396032,1.22673256647276,0.0185630416565509,-0.0475416906754742
21.5,51.509468,-0.161031,36.1703516987618,1.23542341833031,0.00826544555166184,-0.0547239653139725
22,51.509474,-0.161033,36.1169016605709,1.25912270712376,-0.0273564429015721,0.0173657474104613
22.5,51.50948,-0.161034,35.9633783348836,1.23995649263573,-0.0166220194625489,0.0183663558026287
23,51.509486,-0.161036,35.9166452756617,1.25623286430814,-0.0217264382275599,-0.0247158562332831
23.5,51.509492,-0.161036,35.9546433491632,1.20562941787085,0.0262406945496922,-0.0537390420778581
24,51.509497,-0.161035,36.0448474374134,1.23785084574922,0.00857422712176512,-0.0188195025997357
24.5,51.509502,-0.161035,36.135367056122,1.23230469020857,-0.00876040091082549,-0.0450959908604922
25,51.509507,-0.161035,36.1727355574258,1.2508607290902,-0.00800365591131175,-0.0513139830436139
25.5,51.509514,-0.161035,36.2902746701147,1.25450640435913,-0.0426473839881644,-0.0371876138917422
26,51.509519,-0.161036,36.2723193743732,1.2719777218472,0.00525268879631807,-0.0340831579567531
26.5,51.509524,-0.161036,36.2122555589303,1.25084466287239,-0.0240841523458385,0.000462306609230745
27,51.509529,-0.161036,36.2031161796767,1.20911441737912,-0.00885595466786646,0.0104946334435615
27.5,51.509535,-0.161035,36.1653746210504,1.23933743757592,-0.0568988277491711,0.0120308592788781
28,51.509541,-0.161036,36.0530876955017,1.25222571363731,-0.0303991078459704,-0.0281672956319421
28.5,51.509547,-0.161037,36.0697000753134,1.24043156815179,-0.0366017302478276,-0.0148246207741191
29,51.509552,-0.161037,36.0730479704216,1.24703926123089,-0.0457606190825218,-0.0309585253452656
29.5,51.509558,-0.161038,36.0649593337439,1.24131817274488,-0.027188629490175,-0.0374877917548516
30,51.509564,-0.161038,36.0770163622219,1.25123613507587,-0.00552618455162728,-0.0642592829022661
30.5,51.50957,-0.161037,36.2058269761037,1.25150061188798,-0.0155991324469724,-0.0581334639899795
31,51.509575,-0.161037,36.2381424971391,1.25650383359173,-0.0135636569089357,-0.0400176301474068
31.5,51.50958,-0.161037,36.2101836751681,1.23204923867074,-0.000806677378639098,-0.0094064584394572
32,51.509585,-0.161036,36.2590818433091,1.23474139483859,-0.0201954299761034,-0.0198656209577004
32.5,51.50959,-0.161035,36.297880794853,0.992751446476784,-0.0196814575870763,0.0223733750522452
33,51.509593,-0.161037,36.3247630873229,0.749242215586394,-0.0107579582814214,0.0409426220851917
33.5,51.509596,-0.161037,36.4192998209037,0.50898462038624,-0.0246307331866594,-0.0146697495044946
34,51.509598,-0.161037,36.4424241064116,0.234555629106896,0.00196104695280192,-0.0212097415483587
34.5,51.509599,-0.161036,36.4918949834537,0.22723714615722,0.0685865074422806,-0.00739582389348517
35,51.5096,-0.161035,36.5085465873126,0.253081136441209,0.132207981898641,-0.0591768388936152
35.5,51.509601,-0.161035,36.5385120969731,0.173078528668332,0.176999934242346,-0.00713827581759019
36,51.509602,-0.161033,36.5828874025028,0.104898919898789,0.215032818457074,-0.0250070517769392
36.5,51.509602,-0.161031,36.6590689194854,0.0604511718966448,0.226955147563363,-0.0137890174420979
37,51.509602,-0.161028,36.6328426329419,0.0125482058414213,0.225924396589833,-0.0334882388629413
37.5,51.509602,-0.161027,36.7477354081348,-0.0553656676629698,0.242546775052141,0.00927104490741739
38,51.509602,-0.161026,36.8049937018659,-0.132561382266202,0.232479885246406,0.0199677879258967
38.5,51.509602,-0.161025,36.8346900295001,-0.15604892613722,0.166548673509111,0.0435157540882013
39,51.5096,-0.161024,36.785689154407,-0.232022064659545,0.129800243415229,0.0431835595070586
39.5,51.509599,-0.161023,36.8521887671668,-0.218487869517864,0.0717277225542032,0.0261555810653674
40,51.509598,-0.161023,36.9060153882019,-0.257244936855397,0.00350472599805054,0.0135810986855683
40.5,51.509596,-0.161023,36.9339422527701,-0.523376628712118,0.0364382955140493,0.0291133454378021
41,51.509593,-0.161022,36.8499089807738,-0.760251072402336,-0.0225856998309565,-0.0260032084465269
41.5,51.509589,-0.161021,36.8537829725537,-1.02380308133567,0.0197381351801545,-0.0107172680422781
42,51.509584,-0.161021,36.8605664244387,-1.2530172902637,-0.0025520699122226,-0.0171550171334739
42.5,51.509578,-0.161021,36.8576860122848,-1.24887059505237,0.016037649352759,0.0101037262897906
43,51.509573,-0.161021,36.8622242193669,-1.2614175373448,0.0207839484293207,-0.0741058626657435
43.5,51.509567,-0.161021,36.8571529665496,-1.22069638554491,-0.00364904580099643,-0.0192622287533672
44,51.509561,-0.16102,36.8765671059955,-1.24011515693414,-0.0252706249017939,-0.00660667916770674
44.5,51.509556,-0.16102,36.8826243600342,-1.23525084030616,0.0033308035094335,-0.0256360933560743
45,51.50955,-0.161018,36.8354317154735,-1.26058454030935,0.026523316890421,0.0230643756202396
45.5,51.509545,-0.161017,36.798646452371,-1.25637679127367,-0.0223360147464654,0.022009247888116
46,51.509539,-0.161018,36.74331102008,-1.26245150878718,0.00835524107665299,0.0245156854245154
46.5,51.509534,-0.161019,36.7563194734976,-1.2091815253284,-0.0433309505553635,0.0271753642207314
47,51.509528,-0.16102,36.7279249958228,-1.26883033330239,-0.0288532632006914,0.0304431286035669
47.5,51.509523,-0.16102,36.7544620940462,-1.23749313751315,-0.0311302347228309,-0.0617784134297498
48,51.509517,-0.161021,36.7104162545875,-1.25212022455111,-0.0290761412464636,-0.0202656474239913
48.5,51.509511,-0.16102,36.6844548492227,-1.27312455607766,0.00452866799072657,-0.0191134454623872
49,51.509506,-0.161021,36.638602376217,-1.23625799871307,-0.0311059057991138,-0.0226801907513493
49.5,51.509501,-0.161021,36.5609942360315,-1.26417917793151,0.040624328844275,-0.073527348711383
50,51.509496,-0.161021,36.5616381317377,-1.2757326046504,-0.00247330384718101,-0.0229918647063533
50.5,51.50949,-0.161022,36.6369985700585,-1.24525676796037,0.0161327638955142,-0.0381541454973944
51,51.509484,-0.161023,36.6553432531655,-1.28498370971381,0.00311508436654026,-0.0518720104192161
51.5,51.509479,-0.161022,36.7086773789488,-1.250011682411,0.00904248574123457,-0.0160501494156298
52,51.509474,-0.161021,36.7172342855483,-1.23859182042099,0.0195566078181669,-0.031811191208111
52.5,51.509468,-0.16102,36.6701782068703,-1.2406397907118,0.00626557267696492,-0.0288601029994435
53,51.509463,-0.16102,36.694601920899,-1.23731710863273,-0.0113000949116154,-0.0552059323431892
53.5,51.509456,-0.161021,36.5894118153956,-1.2714261545246,0.00821665892942255,0.0413100295357666
54,51.509451,-0.161021,36.5278216314036,-1.26049742389489,-0.00938066045780116,0.033669976015039
54.5,51.509445,-0.16102,36.5316362115555,-1.26240295911483,-0.00827146498799805,0.0500907957778122
55,51.509439,-0.16102,36.4950265372172,-1.27406601006728,0.00166359773680946,0.0240746793181122
55.5,51.509434,-0.16102,36.5410243817605,-1.23994961753888,0.0276436680879998,0.0241112012698688
56,51.509428,-0.16102,36.6187196371611,-1.26689288262931,-0.0107925850820823,0.0349291508237987
56.5,51.509423,-0.16102,36.5845091785304,-1.24081137256341,0.0180357894859909,0.0460163883949337
57,51.509417,-0.16102,36.528511710465,-1.24325107674765,0.00486121452820232,0.0283127612052834
57.5,51.509411,-0.16102,36.4677231523674,-1.25362727793459,0.0367702131833517,0.0223506808024563
58,51.509406,-0.161019,36.4187512078788,-1.26498482095047,0.0697383105151015,-0.014947759314447
58.5,51.509401,-0.16102,36.4690500067081,-1.25869199978533,0.0257628080976035,0.0460706595005408
59,51.509395,-0.16102,36.4070683070458,-1.27589086811438,0.0100180117253012,0.0328794431807368
59.5,51.509389,-0.161019,36.4761685971171,-1.25288075523787,0.0199156864829478,0.0471494166441196
60,51.509383,-0.161019,36.496370599838,-1.26555821694144,0.0197121922178566,0.0128523899453574
60.5,51.509378,-0.161019,36.551454559667,-1.25462663080676,-0.00897816081560578,-0.00379975297240776
61,51.509372,-0.161019,36.5991495552007,-1.23871686540131,-0.0302554815639553,0.0115472351134142
61.5,51.509367,-0.161021,36.5848517415579,-1.23822261207849,-0.0374394545000898,0.026969353415736
62,51.50936,-0.161022,36.467682819115,-1.25802217026472,-0.0254713937309284,-0.0175688035209902
62.5,51.509355,-0.161021,36.4738061351236,-1.26335091040572,-0.00511525502404246,-0.00199428614004704
63,51.509349,-0.161022,36.4128893443849,-1.24680241251946,-0.0379187350847297,0.00577114909193643
63.5,51.509344,-0.161022,36.4754274955485,-1.28282073453572,-0.00181866185259223,-0.0251687474831094
64,51.509337,-0.161023,36.4379708166234,-1.24403460374052,-0.0399437834820157,-0.0323342109568855
64.5,51.509332,-0.161023,36.4688201181125,-1.23684083647708,-0.0170292244297623,-0.0332750648301521
65,51.509326,-0.161023,36.4974460077938,-1.26957438181866,0.00394450675063415,-0.0265281049001679
65.5,51.509321,-0.161024,36.5299713218119,-1.23932927004368,0.0469706398435588,0.00365128503306444
66,51.509315,-0.161024,36.5517132075038,-1.26243287089816,0.0520548874881567,-0.0290211622680421
66.5,51.509309,-0.161023,36.5014501451515,-1.27371919483832,0.0118917299678965,-0.0337452982777106
67,51.509304,-0.161022,36.5318191898987,-1.22257811721104,0.00263084899006913,-0.033455211490666
67.5,51.509299,-0.161022,36.5193362138234,-1.23246391537133,-0.00226630175884391,0.0253578409018259
68,51.509292,-0.161022,36.5383664129768,-1.22378089071547,0.00490423842407084,-0.0161273863961351
68.5,51.509286,-0.161023,36.6369661828503,-1.22930360147279,-0.00182494293830851,-0.0234116971992626
69,51.509282,-0.161023,36.6270004545804,-1.25569676104784,-0.00525457206271326,0.0177044405286066
69.5,51.509276,-0.161023,36.6765448900405,-1.25261792921557,7.5188323406816e-05,-0.0151309341010536
70,51.509271,-0.161022,36.6548363058828,-1.26375420100156,0.00880730474751057,0.0205587452835059
70.5,51.509266,-0.161022,36.6144282871392,-1.25444401493628,0.00587398183509101,0.0377461481848514
71,51.50926,-0.161022,36.5588495882694,-1.26015042461538,0.00832477015596094,0.00295285157473824
71.5,51.509255,-0.161022,36.6390147667844,-0.978515937897121,-0.0212117212062101,-0.0130949826918493
72,51.509251,-0.161021,36.6950850069989,-0.752731607214531,0.0148221661543378,-0.0499968344112255
72.5,51.509249,-0.161021,36.8054705553222,-0.493722874076278,0.0101620668441057,-0.0317522239170111
73,51.509247,-0.161021,36.7819266687147,-0.263253023737163,0.00797656711240856,0.0398164303451062
73.5,51.509245,-0.16102,36.794026916381,-0.212246144880628,0.0826149665963049,-0.0356817234353864
74,51.509244,-0.161018,36.8505727564916,-0.217841101669434,0.118176571831853,-0.0149230141868062
74.5,51.509243,-0.161017,37.0289448762778,-0.156902884983529,0.15505039152747,-0.0471083577981733
75,51.509242,-0.161015,36.97086579795,-0.141444755690071,0.253106060345439,-0.0295262328594768
75.5,51.509242,-0.161013,36.9313941693399,-0.0436317335695746,0.24208750850337,0.0236369225188137
76,51.509243,-0.161011,36.8947999738157,0.0182223375188021,0.262227621823681,0.0309523772733586
76.5,51.509242,-0.16101,36.9050362568814,0.0641566061715022,0.232225535287178,0.0229476989065902
77,51.509243,-0.161009,36.8404874757398,0.131751873994203,0.231459990470942,0.0369179721059323
77.5,51.509244,-0.161008,36.8195838911925,0.161407881706371,0.183549309651352,0.00598389925609225
78,51.509244,-0.161006,36.8311905115843,0.214179604370006,0.155475262034836,-0.0143072753022504
78.5,51.509246,-0.161005,36.8028313061222,0.219711855752432,0.0656055061464511,0.00679261412392501
79,51.509247,-0.161004,36.7648166213185,0.229734314149797,-0.00137748173818356,-0.0031841782792591
79.5,51.509249,-0.161003,36.6858399489429,0.497376782012919,-0.000182573890754232,-0.0362710230702012
80,51.50925,-0.161004,36.6966462153941,0.747620499357817,-0.011134818758803,-0.00852257357876229
80.5,51.509254,-0.161004,36.7547528531868,1.00594006522429,0.00501179239509338,-0.0340796776439954
81,51.509259,-0.161005,36.7498848934192,1.2438294948741,-0.0419622371259914,-0.00293862690636892
81.5,51.509266,-0.161006,36.7131183685269,1.24298232854168,-0.025377866760983,-0.0238277138624498
82,51.509271,-0.161007,36.625285911141,1.25995460070186,-0.0206927395515155,0.0457203791840941
82.5,51.509276,-0.161008,36.6351722988766,1.26980186288416,-0.021313516340822,0.00671068546327602
83,51.509282,-0.161007,36.639870703686,1.25501785060917,-0.00103368799441195,0.0108587456297923
83.5,51.509288,-0.161006,36.6093165995553,1.23622856368628,0.00535934150683209,0.0310420875660161
84,51.509293,-0.161007,36.5754310784396,1.27117006587695,-0.0475989078242936,0.0168809902539078
84.5,51.509299,-0.161007,36.6525613486301,1.25846504185922,-0.0293017579341869,0.0356214116541845
85,51.509305,-0.161008,36.696741013322,1.26199809497389,0.00363277365903368,-0.0537216038329182
85.5,51.509311,-0.161008,36.7023430368863,1.24394337555027,0.0232838470640646,-0.0587115778539558
86,51.509317,-0.161008,36.7267842984293,1.25137235668451,0.0286544650326389,-0.0322599089535733
86.5,51.509322,-0.161007,36.7311337743886,1.23514508116503,0.0152598853881296,-0.0783996313799964
87,51.509327,-0.161007,36.7592277540825,1.22067198547342,-0.0078908274451695,-0.0559221564871958
87.5,51.509333,-0.161007,36.8298602332361,1.24864451294745,-0.0611646208494342,-0.0296795644575778
88,51.509339,-0.161008,36.9599450649694,1.26735180968636,-0.0381354520589897,-0.00605339469421007
88.5,51.509344,-0.161009,36.9902031279635,1.24665198090021,-0.0359775070307326,-0.00172263648626891
89,51.50935,-0.161009,36.964321005391,1.26667052138265,-0.0081460064754783,0.0762424408422321
89.5,51.509356,-0.161008,36.9554382786155,1.25583723349308,-0.0259397926321407,0.0932669061833508
90,51.509362,-0.161008,36.8923299028538,1.2403942786347,0.0264308597685727,0.0553434550438745
90.5,51.509367,-0.161007,36.814043585211,1.23924299456644,-0.0172055589637094,0.0560644071273974
91,51.509372,-0.161008,36.8061489695683,1.26370493103362,0.00275133072310081,0.00510224325092479
91.5,51.509378,-0.161007,36.7825914828572,1.23373723152198,-0.0343027523212337,0.0461524910957094
92,51.509385,-0.161007,36.8265229992103,1.24302395715166,0.000875304744666536,0.0100217775402609
92.5,51.50939,-0.161008,36.778650674969,1.24178518661007,-0.0348018047353009,-0.000339361642002101
93,51.509397,-0.161008,36.7582281222567,1.24588602107194,-0.0135313252324679,-0.0298376553045553
93.5,51.509402,-0.161008,36.7172478409484,1.24326288481118,0.00438323068772462,-0.0338415215372327
94,51.509408,-0.161007,36.7619490295183,1.27581186634197,0.023466632161656,-0.0114596840087523
94.5,51.509413,-0.161007,36.7442532801069,1.24274501512927,0.00848934729746256,0.0107424270252112
95,51.509419,-0.161006,36.7751347045414,1.24803953671452,0.0511873559106883,0.0100185155429355
95.5,51.509424,-0.161006,36.7688670365606,1.26300421517682,-0.0146703896822265,0.00674183537643036
96,51.50943,-0.161006,36.7862862951588,1.22877465550875,-0.011902939725477,-0.0172008537699119
96.5,51.509436,-0.161005,36.8096736853477,1.24514120584167,0.021957750411783,0.00913285988390222
97,51.509442,-0.161004,36.7956033183727,1.23720353799252,0.0279488796464039,0.0259664956073498
97.5,51.509446,-0.161004,36.7949440144002,1.29324428526898,0.0074984452485191,0.0103233310351312
98,51.509452,-0.161005,36.7295500587206,1.25706915481028,0.0232423565296602,-0.0175294156343123
98.5,51.509458,-0.161005,36.7385057718493,1.22850450792974,0.0251719778545638,0.00857225393179428
99,51.509463,-0.161005,36.7569827544503,1.23260959007726,0.052169220436672,-0.043544553362088
99.5,51.509468,-0.161005,36.758805235615,1.23522438843776,0.0547006277272136,-0.0216331372902129
100,51.509474,-0.161006,36.8133351320866,1.25846385757466,-0.0165420081814496,-0.0360934456118908
100.5,51.509479,-0.161005,36.807417558739,1.24150871566043,0.0217478246293819,-0.00763309161684056
101,51.509485,-0.161006,36.767177737318,1.24723581142045,-0.0290699780735711,0.0291084152158744
101.5,51.50949,-0.161007,36.7441451919731,1.22262533174184,0.0105446178884341,0.0118701582098233
102,51.509496,-0.161008,36.7877409597859,1.2448456534675,0.00854839081204042,-0.0182185890586988
102.5,51.509501,-0.161009,36.8815868906677,1.27060093373538,-0.0167082433689901,0.00691177195578796
103,51.509506,-0.161009,36.9285643715411,1.23943079274116,0.0480526541756299,-0.0749281856514926
103.5,51.509512,-0.16101,36.8970387584995,1.27463065477813,-0.025620524668952,-0.00326593148721288
104,51.509517,-0.161009,36.8701886550989,1.26687642108141,-0.0319639626972134,-0.00309409484156753
104.5,51.509523,-0.161008,36.9259959245101,1.22125056079961,-0.0295605320953001,0.0303264105361969
105,51.509527,-0.161008,36.8829423275311,1.25659706712255,-0.0300951500245145,-0.0061536174202993
105.5,51.509533,-0.161009,36.873195148306,1.27202534522387,-0.032352092732597,0.00108070866618615
106,51.509539,-0.161008,36.8125226441771,1.26365681868739,-0.00331914332712848,-0.0383340558873898
106.5,51.509545,-0.161007,36.965800688602,1.24067191023667,-0.00571869847170866,0.0203941644887731
107,51.509551,-0.161005,36.9950652231928,1.23605919663672,0.00140531137179737,-0.00967318764867009
107.5,51.509556,-0.161006,37.0733913457952,1.26620437379313,0.0110230817074791,-0.0354038307993561
108,51.509562,-0.161006,37.0699911725242,1.26732526042706,0.00431499994178665,-0.0143798900354616
108.5,51.509568,-0.161005,37.115665914258,1.28147000260653,-0.0145622237648184,0.0144821818690015
109,51.509574,-0.161007,37.1197027554736,1.26927615450613,-0.0152152873680567,-0.0296864015304327
109.5,51.509579,-0.161007,37.1215791234281,1.25647594273125,-0.0064930282247045,-0.0504543264404922
110,51.509585,-0.161007,37.1381753073074,1.27910911965771,-0.0444468864865464,-0.0125882337207726
110.5,51.50959,-0.161007,37.1102428745944,1.02552692010256,-0.0213983251884127,-0.0281745459112956
111,51.509594,-0.161008,37.2148746077437,0.767373518230514,-0.0123712147396571,0.000945106256495298
111.5,51.509596,-0.161009,37.2866850390565,0.499058996632017,1.84242126109106e-06,-0.0194466509889491
112,51.509598,-0.161009,37.3327278264333,0.245449267399652,-0.0121424931391569,0.0229251069011263
112.5,51.5096,-0.161009,37.3215473485179,0.215251411209673,0.0643045689881381,0.0175695549196345
113,51.509601,-0.161008,37.3102560294792,0.219826029849413,0.152798918677463,-0.0106233008364256
113.5,51.509601,-0.161006,37.2260837133508,0.124602199709016,0.207093136750218,-0.0604418374519398
114,51.509602,-0.161004,37.2644830474164,0.131127248043282,0.187412266681575,0.0262392472585501
114.5,51.509603,-0.161003,37.2783663275186,0.0508547213444688,0.254281013475121,-0.0814993265362583
115,51.509602,-0.161001,37.3431942004245,-0.0174543938112087,0.25896485151288,-0.0415281428048291
115.5,51.509602,-0.161,37.3469241005369,-0.0632629418266016,0.22251370815148,-0.0206856223177357
116,51.509602,-0.160998,37.3082234999165,-0.122277056682134,0.208057361048462,-0.0116642517062609
116.5,51.509601,-0.160997,37.3290151723195,-0.166438355184022,0.196306051378077,-0.0181285335454242
117,51.5096,-0.160996,37.2973957231734,-0.210676513794556,0.122246300093832,-0.0088546430003426
117.5,51.5096,-0.160996,37.2414723946713,-0.256796737144004,0.0658342584323448,0.00986389825526644
118,51.509599,-0.160996,37.316886784276,-0.243283833688643,0.0153337951912928,-0.0208244705386051
118.5,51.509597,-0.160996,37.3060921120923,-0.498657130724627,0.0110565772042853,-0.0129574874983337
119,51.509594,-0.160996,37.4228279858362,-0.771677195645829,0.0212766483656035,-0.0261073448621574
119.5,51.50959,-0.160997,37.4085929931607,-1.00431218412702,0.0537173100845706,-0.0140133690396497
120,51.509585,-0.160996,37.3174793072976,-1.22511652251548,0.0173567965789873,0.00738763205332293
120.5,51.509579,-0.160996,37.3239871102851,-1.25355643359385,0.00312638351317378,-0.0443249177763279
121,51.509573,-0.160997,37.2584657168481,-1.25943186228662,-0.0135847871149312,-0.00368589129915142
121.5,51.509568,-0.160996,37.2202450917102,-1.26372401477458,0.0394106738737846,0.00760654438134611
122,51.509563,-0.160996,37.1860564288218,-1.23486025513316,0.0137827386664601,-0.0185441052771611
122.5,51.509557,-0.160996,37.2663593476173,-1.2530077870214,0.0114361764194457,0.0510822513517022
123,51.509551,-0.160995,37.2642425401136,-1.25240533724567,-0.0375189692125287,0.019455565103818
123.5,51.509546,-0.160996,37.3092812395189,-1.23808850813866,-0.0151454774679651,-0.0389353128225796
124,51.50954,-0.160997,37.3560855265241,-1.26192653701829,-0.0197240471572731,-0.0469840389179245
124.5,51.509535,-0.160997,37.3619637868833,-1.25458995978785,-0.0343074469400915,-0.00639913286219751
125,51.50953,-0.160997,37.3682871540077,-1.24529629589702,-0.0532236225562514,0.00656978720486212
125.5,51.509524,-0.160996,37.4056320879608,-1.25375803711708,-0.0122322592727916,-0.00871447821355475
126,51.509518,-0.160996,37.3983530611731,-1.2513452683748,0.00553723495298024,-0.0155277745160756
126.5,51.509512,-0.160996,37.4089650006499,-1.27073477286896,0.0346464194491562,-0.0319647881399737
127,51.509506,-0.160996,37.3557688265573,-1.22676806100939,7.14089544752343e-05,0.0117048045741044
127.5,51.5095,-0.160997,37.340730973985,-1.21418918482086,0.0198132538757823,0.00467206808755682
128,51.509495,-0.160996,37.3682544890326,-1.23299643429925,-0.00907119753473585,0.0199997065975064
128.5,51.50949,-0.160996,37.3603159659542,-1.24236179922668,0.0352172527847967,0.00568379635123328
129,51.509484,-0.160995,37.2960662681144,-1.25624125667118,0.00637890395449076,-0.00727379192411171
129.5,51.509478,-0.160995,37.2917211432941,-1.22546278027363,-0.0182414088443428,-0.0287098875692391
130,51.509473,-0.160994,37.3268193162512,-1.26796450224537,-0.0147779686043158,-0.035083854887145
130.5,51.509468,-0.160993,37.2969456224237,-1.27276504223994,-0.00969135466072354,0.0036479951638283
131,51.509462,-0.160993,37.3282814677805,-1.25896479135135,-0.0180209663876239,0.0196890124097269
131.5,51.509457,-0.160994,37.3271656094585,-1.2432335392024,-0.019279022074506,0.0328419201556371
132,51.509451,-0.160994,37.370311036706,-1.26710808601811,-0.00536604176989541,-0.0228327327074574
132.5,51.509445,-0.160994,37.4474050204735,-1.24265467309144,0.0248837285528359,0.0328738876077095
133,51.509439,-0.160992,37.3978384342045,-1.25601355176784,0.0323606354148479,0.0299977577433602
133.5,51.509434,-0.160992,37.3415360793006,-1.2476447943548,0.0526428686203296,-0.0396461569320886
134,51.509428,-0.160992,37.323069077218,-1.26852597838944,0.0542873406312308,-0.0162023149117811
134.5,51.509421,-0.160993,37.3605003189296,-1.22991728192642,0.041788789720489,-0.032793833236496
135,51.509416,-0.160992,37.4673669689801,-1.21777409756877,0.0241442278601614,-0.0151075469513726
135.5,51.50941,-0.160992,37.4888618332334,-1.23928874111992,-0.009538074597979,-0.0140234592135129
136,51.509405,-0.160993,37.4389637187123,-1.25592182582964,-0.00318849398734486,0.0311332905950343
136.5,51.5094,-0.160993,37.4083355108742,-1.26195486152047,0.0186074303618583,0.00193593039475382
137,51.509395,-0.160992,37.3998421602882,-1.253853978812,0.0233980211511584,-0.00107033980985349
137.5,51.509389,-0.160992,37.4230928451288,-1.24449434890458,0.0225478430615776,0.0486203988221522
138,51.509385,-0.160992,37.3919022085611,-1.2286551813126,0.00750859701918589,0.0478029888857925
138.5,51.509379,-0.160991,37.4668522533029,-1.25240903116779,0.029882816100995,-0.0266525695946338
139,51.509374,-0.160991,37.5400586642791,-1.24014371720377,0.0303331504106907,-0.0303478209729874
139.5,51.509368,-0.160991,37.5844884302933,-1.23920359008839,0.0252592286231459,0.000761044871873895
140,51.509363,-0.160991,37.6017770909239,-1.27244335266921,0.0292969523953205,0.00388683608928664
140.5,51.509357,-0.160991,37.5962056871504,-1.27476271368587,0.0257293941102516,-0.0274785317463183
141,51.509351,-0.160991,37.6166132199578,-1.23767570612333,0.0317743250177762,-0.0171146896914055
141.5,51.509346,-0.160991,37.5819015719462,-1.23543253504627,-0.0216772856096244,0.0221795269339014
142,51.50934,-0.160991,37.5704276384786,-1.26728446022174,-0.00649608840476476,0.0302766552216582
142.5,51.509334,-0.160991,37.54503892106,-1.26221692679627,0.0217990970075471,0.0155894837256311
143,51.509328,-0.160991,37.5213364777155,-1.25944862113952,-0.0115633564576833,0.0982310181195369
143.5,51.509323,-0.160992,37.4465360427275,-1.24982601158066,-0.0150362511735986,0.0344505004670693
144,51.509317,-0.160993,37.5374296607915,-1.22396652628441,-0.0019164231619487,0.0100842994113964
144.5,51.509311,-0.160993,37.6024715574458,-1.2642914773946,0.0111761213475189,-0.0120915963749431
145,51.509305,-0.160992,37.59087881702,-1.24516475537079,0.0284100491820005,-0.0480200918996994
145.5,51.5093,-0.160992,37.6287273147609,-1.25092783543332,-0.00211630063797644,-0.0149989448409199
146,51.509294,-0.160992,37.6326451674104,-1.27066345210495,0.035892756601747,-0.013132229358899
146.5,51.509289,-0.160992,37.7209978539031,-1.24977173938738,-0.0158269221096616,-0.020693988599886
147,51.509283,-0.160991,37.7431063621771,-1.22606579233075,0.0213217738499431,-0.0310227815552935
147.5,51.509277,-0.160991,37.7288613331039,-1.28133543245893,0.015810940818842,0.00178748712889731
148,51.509271,-0.16099,37.7734724935144,-1.25805125147761,0.0367423776123025,-0.0379203087488675
148.5,51.509265,-0.160991,37.7980713576544,-1.27583429920256,0.0107115374907458,-0.0314242416828671
149,51.509259,-0.160992,37.7995768620167,-1.26964003250148,0.0199511443050497,0.00357259115634634
149.5,51.509254,-0.160991,37.823868297739,-1.02109224566899,0.0105199192905026,0.0356478478749039
150,51.509251,-0.16099,37.7732767800335,-0.760862655136887,0.0113281506647343,-0.0140504374406697
150.5,51.509248,-0.160989,37.7976373522542,-0.496474878868664,-0.0223349907721799,0.0243244970987087
151,51.509246,-0.16099,37.7563194874674,-0.252654247594441,-0.0407646728536397,0.0206036469136547
151.5,51.509244,-0.16099,37.716394145973,-0.230875491739219,0.0420375501141942,0.0141965173523988
152,51.509243,-0.160989,37.6763751064427,-0.206237003481119,0.147950070176573,-0.027966193081996
152.5,51.509242,-0.160989,37.7101444455329,-0.167783217605041,0.153265312439043,-0.0389801652282298
153,51.509242,-0.160987,37.6955809441861,-0.127770253890278,0.216430173564946,-0.0092394306282931
153.5,51.509241,-0.160985,37.6307714895811,-0.0662999473662031,0.233584947104658,-0.00245543816535957
154,51.509241,-0.160983,37.6964409386273,-0.00839702865748443,0.227381297963165,0.0121320370732697
154.5,51.509242,-0.160982,37.7161517022178,0.0492896168900799,0.252914604074466,-0.00780164928802929
155,51.509243,-0.16098,37.7652528742328,0.122553241111564,0.216598555651057,-0.0246085897122658
155.5,51.509243,-0.160979,37.8223058881704,0.16396583992854,0.174228315401041,0.0134242674367647
156,51.509244,-0.160977,37.8235660309438,0.219786045948336,0.124775099904758,-0.00937102266448894
156.5,51.509245,-0.160976,37.7626389584038,0.212680527388831,0.0644285059535362,-0.00458639091275267
157,51.509246,-0.160975,37.7958307350054,0.251399613440103,0.00577104529095565,-0.000566067807381138
157.5,51.509248,-0.160975,37.7735472104978,0.502795449327119,-0.0180282658747512,-0.0647786855171596
158,51.50925,-0.160974,37.799652049318,0.74745663492328,-0.0294425629464314,0.0163625013849302
158.5,51.509254,-0.160976,37.8524619420059,1.01954148437918,-0.0263483076967065,-0.000632852392324357
159,51.509259,-0.160976,37.8745149518363,1.2463323604292,-0.0140249348206067,0.00279524762634142
159.5,51.509264,-0.160975,37.794888622826,1.24074334207496,0.000122238946057403,0.00412364596728199
160,51.50927,-0.160975,37.7496917764656,1.25773958437852,-0.0245590392530572,-0.016722252033769
160.5,51.509275,-0.160975,37.7709369934164,1.25609847689914,0.00337496571373399,-0.057631060207516
161,51.509281,-0.160976,37.8228626048658,1.25984329666898,0.0153217209663658,-0.0665322264870124
161.5,51.509287,-0.160976,37.897221501451,1.2404931708862,0.0181801959213893,-0.00366557971576198
162,51.509292,-0.160975,37.9504542991053,1.23230044495882,0.0181391750973076,-0.0136963035126778
162.5,51.509298,-0.160975,37.9246462988667,1.25678679308359,0.0120391074149946,-0.0100048884170122
163,51.509304,-0.160975,37.9207756330725,1.2595177705522,-0.0168970010775293,0.00280559506247879
163.5,51.509308,-0.160976,37.8743115987163,1.23847876355289,0.0194320836649897,0.0398442055051862
164,51.509314,-0.160976,37.85063585639,1.27139404353478,-0.0159374300208659,0.029795799087566
164.5,51.50932,-0.160976,37.8219334899914,1.25857745255795,-0.00238061095274643,0.0256795599861328
165,51.509326,-0.160976,37.7781700491905,1.25628649893832,-0.00364722482787856,0.0252424586311127
165.5,51.509332,-0.160977,37.7651450675912,1.25817112079651,0.00730961157581237,0.0286644788703362
166,51.509338,-0.160976,37.7104459991679,1.26902954264035,0.0221026575784827,-0.0573370350215673
166.5,51.509343,-0.160976,37.6698156851344,1.26291631430717,0.000753522912611994,-0.062045236717583
167,51.509348,-0.160977,37.6791051449254,1.24188183072968,0.0269319656686074,-0.0222666716927564
167.5,51.509354,-0.160977,37.6794870605227,1.23259765477747,0.00188644206111174,-0.0292691078410929
168,51.50936,-0.160976,37.6570777441375,1.26167931703342,0.0129747519939236,-0.0471524710858036
168.5,51.509365,-0.160977,37.6687900961842,1.24998209575503,-0.0116916137699235,-0.00304305095195878
169,51.509371,-0.160976,37.6020863172598,1.26355442998993,-0.0287962298346906,-0.0148956183693425
169.5,51.509376,-0.160976,37.6462349281646,1.24257177708022,-0.00871283190902174,-0.054548285882009
170,51.509382,-0.160977,37.6364032789133,1.23292016462832,-0.00570975322844737,-0.0262596977244755
170.5,51.509388,-0.160976,37.741182917729,1.25119474739459,-0.0123513752607853,-0.0571151584653256
171,51.509394,-0.160976,37.737979165744,1.22391682206001,-0.000772474917543179,0.031123380304427
171.5,51.5094,-0.160977,37.7824057603721,1.22017883444852,-0.013171711458806,0.0138944774236388
172,51.509405,-0.160977,37.7656776320655,1.24000580878354,-0.00648384733878092,-0.00959784856433266
172.5,51.509411,-0.160977,37.7588922886644,1.23504271685056,0.000391538446201622,0.0289759907769567
173,51.509416,-0.160978,37.7191646134015,1.22925356135461,0.034158741599742,-0.0265664108908116
173.5,51.509423,-0.160976,37.7066637321841,1.24448509455317,0.000923866598417403,-0.00865762399528813
174,51.509427,-0.160976,37.7212417679839,1.25665292178662,0.0174376603547767,0.0047534021504968
174.5,51.509433,-0.160976,37.771333136363,1.26040162672461,0.0190753089327068,-0.0106346163209777
175,51.509439,-0.160975,37.7864145569038,1.2275723939671,-0.0135481551240484,0.0265433195526921
175.5,51.509445,-0.160976,37.7886996301822,1.26546502697813,-0.00853282311634636,0.0219932123725959
176,51.509451,-0.160975,37.8189214151353,1.25833383723266,0.0377346824725839,-0.0528035621800629
176.5,51.509456,-0.160975,37.7898739469238,1.26596928224524,-0.0112019707784808,0.000473369161289816
177,51.509462,-0.160975,37.7785777186509,1.23369149856318,0.0124006413070858,0.00627865518989523
177.5,51.509467,-0.160975,37.8921920198482,1.23673152766995,0.0392110368100207,-0.0319540104537143
178,51.509473,-0.160975,37.9090516378637,1.25965537715412,0.0269281404014232,-0.0570326425418647
178.5,51.509478,-0.160975,37.8645076001994,1.25495983678287,0.0217701432669063,-0.00492188878218691
179,51.509483,-0.160975,37.9086827137507,1.22849027868122,0.0384019312571738,-0.0558272954699498
179.5,51.509489,-0.160976,37.9009919427335,1.22738593815105,0.0231490304505708,-0.0108203384959408
180,51.509495,-0.160977,37.9650311639998,1.24086222304351,-0.00505836723499748,-0.0476082971415388
180.5,51.509501,-0.160976,38.0445800130256,1.23825120171145,0.0129450934072893,-0.0188083080618698
181,51.509506,-0.160976,38.0971066644415,1.22577146421955,0.00384225768435463,0.0180258213408717
181.5,51.509511,-0.160976,38.0242671018932,1.23871864391324,-0.0145101909293517,0.0186024748187157
182,51.509516,-0.160975,38.0399108470883,1.25436164470837,-0.00506284636454165,0.0202324333865476
182.5,51.509522,-0.160975,37.9960781852715,1.2449050350559,-0.00949191109221241,0.0522512616510615
183,51.509528,-0.160974,38.037468690658,1.24706710358333,0.0215250889519106,-0.00237040713545722
183.5,51.509534,-0.160975,37.9362294091843,1.25625232167362,0.00273440962315712,-0.0296532449978415
184,51.509539,-0.160976,37.9820692476351,1.23001574275315,-0.00518756175491979,0.0684247484339607
184.5,51.509545,-0.160974,37.9142475626431,1.22337553076225,0.00831028971484416,0.0439439044101322
185,51.509551,-0.160975,37.9619769125711,1.26545076477948,-0.0256682835649543,-0.00950729643702075
185.5,51.509556,-0.160974,37.8790475595742,1.25505033534639,-0.0478053749508663,0.060002882870373
186,51.509562,-0.160974,37.871323015308,1.25192484829756,-0.0127672534633526,0.0156325638748449
186.5,51.509569,-0.160974,37.7176395584829,1.24487753689483,-0.00105338283828842,0.00641443332343639
187,51.509574,-0.160974,37.738440744346,1.21980412558945,-0.0119702882288782,0.0092717913142264
187.5,51.50958,-0.160974,37.7121509825811,1.27551873067363,-0.00844980633879006,-0.00556261178164497
188,51.509585,-0.160974,37.6355168889277,1.26726957765132,0.00269594418571346,0.018692363045496
188.5,51.50959,-0.160974,37.7258268357255,1.00625972973214,-0.0032105121522713,0.0692586979115897
189,51.509595,-0.160975,37.6804508087225,0.758491113924976,0.00687068927332053,0.0156990798744598
189.5,51.509598,-0.160976,37.7030466471333,0.489457941407623,-0.0128706583533743,-0.0324104090731394
190,51.5096,-0.160976,37.7911862300243,0.236740131068489,-0.0270231049662472,0.0182588814688774
190.5,51.5096,-0.160974,37.7214645450003,0.262820945255024,0.0576867872646602,0.0438936363139587
191,51.509601,-0.160973,37.7138422173448,0.215969435328712,0.133723313751072,-0.00594669269133134
191.5,51.509602,-0.160971,37.7268131342717,0.166901647467702,0.180258481756955,-0.0141334594409099
192,51.509602,-0.16097,37.7841477580369,0.132452489667945,0.23177778973056,0.00624547025976806
192.5,51.509603,-0.160968,37.8568578872364,0.0887964661500617,0.239433682803946,-0.0487769624897211
193,51.509603,-0.160965,37.8721908736043,0.0214771509121406,0.231485271712404,0.00423625682588705
193.5,51.509603,-0.160963,37.928152597975,-0.0671666360001839,0.234636337189417,0.0122878710625055
194,51.509603,-0.160961,37.9832883027848,-0.139242603637303,0.220394055415384,-0.0177738341789916
194.5,51.509602,-0.16096,37.9667412030976,-0.18024525137995,0.183489941660884,-0.0228168439103869
195,51.509602,-0.16096,37.9512872011401,-0.198593756915219,0.120928438537793,-0.0162098493336433
195.5,51.5096,-0.160958,38.0750903028529,-0.256775500523406,0.100266274015476,-0.0199492431829214
196,51.509599,-0.160957,38.1189782554284,-0.246736091142166,0.000123237486049976,-0.003369239655069
196.5,51.509597,-0.160957,38.0863221369218,-0.508627276077967,0.00959868275229222,0.0384194748360793
197,51.509594,-0.160959,38.017923057545,-0.753862813461511,0.0164852359867654,-0.0427660973357819
197.5,51.509591,-0.160958,38.0319295218214,-1.00951933277467,0.00293854397766421,0.0137825796746654
198,51.509585,-0.160959,38.0513707178179,-1.27564663931922,0.00763387687880737,0.00559201919975882
198.5,51.50958,-0.16096,38.0336365150288,-1.26930034469208,0.0240217887410606,0.0488618051864376
199,51.509574,-0.160959,37.9915582782123,-1.23531042804286,-0.0247703703293647,-0.0100772752300854
199.5,51.509568,-0.16096,37.990591613343,-1.24955278584992,-0.018986863483778,0.00342620832153717
200,51.509562,-0.16096,37.9660155430902,-1.23985246776739,0.0105142105915763,0.0248760432782852
200.5,51.509557,-0.160959,37.8788149843458,-1.2699252625304,-0.00284772618652185,0.00934338493412135
201,51.509551,-0.16096,37.8824829463847,-1.27501265331063,0.0215147761759084,-0.00190195942290017
201.5,51.509545,-0.16096,37.8063446246088,-1.25682768635623,0.0273123261936522,0.014172309773627
202,51.509539,-0.160961,37.8051284763496,-1.25346881380238,0.0219252590995267,-0.00403059618650359
202.5,51.509534,-0.160959,37.7990258405916,-1.26432660512491,0.0285217994478523,-0.00536050215931572
203,51.509529,-0.160959,37.7856048138347,-1.26188286689827,0.00202057164856242,-0.00194238084382437
203.5,51.509523,-0.160959,37.8284831186756,-1.26334366011748,0.0107895440035036,-0.0484441261202603
204,51.509518,-0.160959,37.8927423604764,-1.2526539017148,0.0259723733514344,-0.00704494979794568
204.5,51.509512,-0.160958,37.890141468728,-1.24318395984629,0.0334584213872836,-0.0400750211016467
205,51.509507,-0.160957,37.8641923349351,-1.23871259243865,0.0178644775258718,-0.0950281803936097
205.5,51.509501,-0.160958,37.9648600600194,-1.25407732066436,0.00736011630323495,0.00182508633894485
206,51.509495,-0.160957,37.9498077821918,-1.2694371783626,-0.00934548748757426,-0.015151132376108
206.5,51.509489,-0.160957,38.0138967018574,-1.22754525687471,-0.0170592866715797,-0.0205248300486051
207,51.509484,-0.160957,38.0101429887582,-1.23610244834511,-0.0223571954584636,-0.0195476778708212
207.5,51.509479,-0.160958,38.0338737261482,-1.23824437370995,-0.0221910916404996,-0.0358449436447085
208,51.509473,-0.160958,38.0492563007865,-1.24488638710528,-0.00678920797517611,-0.0280142685704917
208.5,51.509467,-0.160959,38.0650109078269,-1.23781939157937,-0.0396535605423163,-0.0322844570404424
209,51.509461,-0.160959,38.1584307814483,-1.25095781266274,0.00342729429881399,0.0177868409992682
209.5,51.509455,-0.160959,38.1569649816956,-1.26419217692254,-0.00596270867162001,-0.0111470371278642
210,51.509449,-0.160959,38.156686619157,-1.26466885388563,0.026331827084756,0.00886534438672126
210.5,51.509444,-0.160959,38.2088781544007,-1.2514320441333,0.0404084412006352,-0.019718634253811
211,51.509438,-0.160958,38.225002331892,-1.2535109970903,-0.00509078746291002,-0.0279516903973411
211.5,51.509432,-0.160958,38.1809214851819,-1.26436595304463,0.0399984147111894,0.0174103374633938
212,51.509426,-0.160957,38.1621814582031,-1.2520952698194,-0.00780017189576606,0.00681485529871273
212.5,51.50942,-0.160959,38.1364298064727,-1.25166469961039,0.00115820018064764,-0.0591262087606704
213,51.509415,-0.16096,38.102405870799,-1.24456916182283,-0.0522374606677135,0.037321843100415
213.5,51.50941,-0.160961,38.0471955323592,-1.23486246801553,-0.00361992119708145,0.0142996205195705
214,51.509404,-0.160961,38.0575171106029,-1.26436037352658,0.00383819471968535,0.0492338585915445
214.5,51.509399,-0.160961,38.0631185371894,-1.24432719473602,0.0125280938034264,0.0655538564071472
215,51.509394,-0.16096,37.9491910110228,-1.22433681345267,0.00479510987195106,0.0132327800910319
215.5,51.509388,-0.160959,37.9412198555656,-1.24002149820478,-0.0100537369199794,0.0340736403536903
216,51.509383,-0.160958,37.8889349419624,-1.24427068427845,-0.0198251960178705,0.0120935063702425
216.5,51.509378,-0.160957,37.8078044964932,-1.2655491563256,-0.0103984123153702,0.0186798473990377
217,51.509372,-0.160957,37.7804610966705,-1.23706325718584,-0.0265547094654918,-0.0106339797153165
217.5,51.509367,-0.160957,37.7516182637773,-1.25617107394463,-0.00527658831522577,0.0093492770900262
218,51.509361,-0.160958,37.7732187695801,-1.2416036337252,0.0150976341818217,-0.0343509846726031
218.5,51.509355,-0.160957,37.8614544144366,-1.24145242729032,-0.0226416091466431,-0.0502643028803154
219,51.509349,-0.160958,37.90287713008,-1.26603560511186,0.0185865278332569,0.00821857348029098
219.5,51.509343,-0.160957,37.9279299748596,-1.26516420874492,0.00846944422217726,0.0190220350053939
220,51.509338,-0.160957,37.8826150535606,-1.23295306554922,-0.0174796044320797,-0.0412892585193004
220.5,51.509333,-0.160957,37.8424959515687,-1.27428598940445,0.0159907051755453,0.0098170360147356
221,51.509327,-0.160958,37.8296770453453,-1.23158769733709,-0.0116454240955302,-0.0322125345094323
221.5,51.509321,-0.160958,37.7745591963176,-1.23790808508169,-0.0092157835646337,-0.00621336618333923
222,51.509315,-0.160958,37.7396400298458,-1.25365382745487,0.023570037488213,-0.0144656061119295
222.5,51.50931,-0.160958,37.7896375623532,-1.24739911833767,-0.00493780202649224,0.0183011233477111
223,51.509305,-0.160958,37.7787155262195,-1.24211792484103,-0.0120394500370753,0.044536330971523
223.5,51.509299,-0.160958,37.7073884666897,-1.24050462595999,-0.0177854042623618,0.0209579664815416
224,51.509294,-0.160959,37.6771137944888,-1.2621767708455,-0.0129839686493786,-0.0165127024437461
224.5,51.509289,-0.160959,37.6770191602409,-1.2480952575106,-0.00460153582416655,0.0324569831154449
225,51.509283,-0.160959,37.7763486055192,-1.260969011021,0.00571633660961196,-0.00829061348742755
225.5,51.509278,-0.16096,37.8664558010641,-1.24231201558404,-0.00240000833641328,0.0109371855578297
226,51.509272,-0.160961,37.8440630838741,-1.2648405550551,-0.00576397577066314,0.032535946451372
226.5,51.509266,-0.160961,37.8100763605908,-1.2497590121329,-0.00329972103982336,0.0157214907524463
227,51.509261,-0.160961,37.7384066192899,-1.26043511076185,-0.0090671049855541,0.015214083579694
227.5,51.509255,-0.160961,37.7057680459693,-1.00204141046727,0.0208089201133543,-0.00395544002418813
228,51.509251,-0.16096,37.6654967416544,-0.761647682036969,0.00582255855824188,0.0459878027940911
228.5,51.509248,-0.160961,37.6710099286865,-0.513885727904849,0.00125413930329242,-0.0218145685518755
229,51.509246,-0.160961,37.7155873370357,-0.255563062928495,-0.0198771973828296,0.0284167310060105
229.5,51.509245,-0.160961,37.7177932385821,-0.226041407227197,0.0912549457753319,0.0228949123167825
230,51.509244,-0.160961,37.7850875435397,-0.228107228116486,0.13674505496905,0.0326209791838191
230.5,51.509242,-0.160959,37.7714517300483,-0.205195040041333,0.179055650672444,0.00736962902922142
231,51.509242,-0.160958,37.8356886804104,-0.105165912663712,0.230864800053955,-0.00460982024926804
231.5,51.509242,-0.160956,37.8240094857756,-0.0678898679898677,0.243070764614535,-0.0319932247124967
232,51.509243,-0.160954,37.8018143048976,0.00110221729145489,0.25121341691055,-0.0498223689825401
232.5,51.509242,-0.160951,37.7571268675383,0.0584391967207435,0.264762403881466,-0.0654331285265811
233,51.509243,-0.160948,37.8256128984503,0.129064712375534,0.213787900167067,-0.0104702624678075
233.5,51.509244,-0.160947,37.8063505007885,0.16295742153033,0.18443426562693,-0.0126390961477266
234,51.509246,-0.160946,37.8531157255638,0.213989068667444,0.123318890760859,0.0128142412776577
234.5,51.509247,-0.160946,37.7682984131388,0.228485107489079,0.0691613605392381,-0.0298445296547946
235,51.509248,-0.160945,37.7503680177033,0.232589933645226,-0.0223591648509414,0.0693188578977927
235.5,51.509249,-0.160946,37.6656049001031,0.501574989279244,-0.0096311503800391,-0.020807297459756
236,51.509252,-0.160946,37.7156907408498,0.769625632295122,0.00356382122090457,-0.0145471098957483
236.5,51.509255,-0.160947,37.690893847961,1.01669745676019,-0.0140192099857366,0.00387673311391262
237,51.50926,-0.160946,37.6281438523438,1.26009137406808,0.014303062448096,-0.0103482468255661
237.5,51.509267,-0.160947,37.6357706456911,1.245621749073,0.0097192721951887,-0.0442767022658155
238,51.509272,-0.160947,37.605885670986,1.24158927571661,0.0273477425035186,-0.0382184961759636
238.5,51.509278,-0.160947,37.6081501976587,1.2447976254714,0.0114866136454127,-0.00751339627665093
239,51.509283,-0.160948,37.6674229016062,1.23545311294521,-0.0432518418833127,0.00415422238921337
239.5,51.509289,-0.160948,37.6425281651318,1.24444181727409,-0.0229635451908599,0.0259755589582459
240,51.509294,-0.160947,37.6840653487016,1.24288281040182,-0.0241726724097339,0.0336521037357853
240.5,51.509299,-0.160946,37.6446387115866,1.24899013482823,-0.00457297037370488,0.0523562510336283
241,51.509304,-0.160945,37.4733017319813,1.23704601857885,0.000925345306636669,0.0261643056926036
241.5,51.50931,-0.160944,37.4172604086343,1.25706763276179,0.000139260269445864,0.0364987761902781
242,51.509316,-0.160944,37.4729478552472,1.22180585963256,0.00185244039405618,0.0522987259595927
242.5,51.509322,-0.160944,37.4650451978669,1.24661461800553,0.0355200666958972,0.0133782019152869
243,51.509328,-0.160945,37.4389013771433,1.25485641894938,0.0110827079550338,-0.0116803987456274
243.5,51.509333,-0.160945,37.4930732520297,1.25705783314404,-0.0284565911552507,0.00644457403265708
244,51.509339,-0.160946,37.5096170904581,1.24484091673748,0.00860784198829335,0.00291883602350484
244.5,51.509344,-0.160947,37.5579248215072,1.23443611334355,0.00343400602678696,0.0358316339031387
245,51.50935,-0.160947,37.5859400799964,1.25030481072402,-0.00816663612303438,0.0497542498916135
245.5,51.509356,-0.160946,37.5522542838007,1.2548613486392,-0.0354838401429931,0.00452554750950895
246,51.509361,-0.160946,37.5562974533532,1.21459997283965,0.0238997154224478,-0.0119640339279719
246.5,51.509367,-0.160946,37.5570101151243,1.23379214418954,-0.00626946801949649,0.0252813745481755
247,51.509372,-0.160946,37.5525982649997,1.24879710387813,0.0023490039813368,-0.0153080832635458
247.5,51.509377,-0.160945,37.6113212506752,1.22469178180915,0.00748321955074621,0.00788781783176251
248,51.509383,-0.160946,37.6430008851457,1.24590886137168,-0.0106683196702693,0.00791780837096412
248.5,51.509388,-0.160947,37.6732172248885,1.21528617815933,-0.00730888631639124,-0.00398655966409212
249,51.509394,-0.160947,37.6058182301931,1.25264438420299,-0.0139719442701419,-0.0169366033105441
249.5,51.5094,-0.160947,37.6552659270819,1.23235972685535,-0.0272955867522631,-0.0400999740067755
250,51.509405,-0.160947,37.7200022900943,1.24987695274395,-0.0277552601292761,-0.0637337728690439
250.5,51.509411,-0.160948,37.7720497585833,1.22619722332772,-0.0303037633955012,0.02043412812046
251,51.509417,-0.160947,37.7460205983371,1.23740482019687,-0.0365829339429679,-0.0377912442101201
251.5,51.509422,-0.160948,37.6797900486272,1.2548458643041,-0.0289512445976571,0.0106177118543901
252,51.509428,-0.160949,37.6285222431179,1.25017090109907,-0.0208912064584527,0.00917082480091513
252.5,51.509434,-0.160948,37.6290978484321,1.25267759103797,-0.00646555717172266,0.0298540966914345
253,51.50944,-0.160948,37.662113634171,1.22620035745402,-0.0137216093055619,0.0189037028344153
253.5,51.509445,-0.160948,37.6668066803832,1.2348751616919,0.0102748552133594,-0.028478416483005
254,51.509451,-0.160948,37.6017479507718,1.28130942883525,-0.0276821596323785,0.0678184216431003
254.5,51.509456,-0.160948,37.5892052005511,1.25217208247023,-0.0241178246057077,0.0379770154605227
255,51.509461,-0.160949,37.6387893133797,1.2427424704768,-0.00365071882608682,0.0255158747735303
255.5,51.509467,-0.16095,37.6495933386032,1.25333320797227,-0.0141822473959282,0.000875407659222338
256,51.509471,-0.160948,37.6265480085276,1.25705719285816,-0.00108157517648717,-0.0149433616166389
256.5,51.509477,-0.160948,37.6583274132572,1.24593233325021,0.0266868560428319,-0.0177283760420164
257,51.509483,-0.160948,37.6768110080156,1.25984822646195,-0.00217532246106599,0.0339594017606151
257.5,51.509488,-0.160949,37.6148341572843,1.24204906032165,0.0166579526626231,-0.0258491322229784
258,51.509494,-0.160949,37.5682331698481,1.23918081253132,-0.0251132073373051,0.0456919045103904
258.5,51.509499,-0.16095,37.5861610004213,1.26536417139097,-0.00733560456296055,-0.00687400372570057
259,51.509504,-0.16095,37.5774525476154,1.23430035417635,0.0219181889759558,0.0105979354086176
259.5,51.509509,-0.16095,37.5393696229439,1.24290682868603,0.0100847110940054,-0.00852685529187791
260,51.509515,-0.16095,37.5168337710202,1.26595261794986,0.0223829527175642,-0.00492300786438082
260.5,51.509521,-0.160949,37.5274954549968,1.23810091421859,0.0362340570198685,-0.0251141526106545
261,51.509527,-0.160949,37.5053391610272,1.2592580828405,0.0599575853669526,-0.0117182711032868
261.5,51.509532,-0.16095,37.5641430777032,1.26533243490708,0.0465679093619114,0.0341366369708426
262,51.509537,-0.160949,37.5917457658798,1.27038625666272,0.0756871823895051,-0.00605427419754878
262.5,51.509544,-0.160948,37.6009669022169,1.27084283095525,0.0550936826278716,-0.0177918574412343
263,51.50955,-0.160948,37.6266495033633,1.27261784976952,0.0640572854473052,0.02191143643691
263.5,51.509555,-0.160947,37.5959193573799,1.24049689779346,0.0346164307437957,-0.00880305860504582
264,51.50956,-0.160947,37.5199924698099,1.23614969196084,0.0230497088677694,0.00306546181196699
264.5,51.509565,-0.160946,37.5444379195105,1.24555665766186,0.0227150732876285,0.0234973977012212
265,51.509571,-0.160945,37.4795043251943,1.23583035193236,0.00188175870386283,-0.0204426151736604
265.5,51.509576,-0.160945,37.4896979907062,1.23094761120194,-0.000531175418337508,-0.0438278662076771
266,51.509583,-0.160944,37.5269595996942,1.24813947112786,0.0304733948980436,-0.0321366947423642
266.5,51.509588,-0.160942,37.4894540181849,1.00879107009993,0.00241538002110799,0.00897191284378612
267,51.509593,-0.160942,37.4528994320426,0.769884461111025,-0.0163012542143103,-0.0267313876391426
267.5,51.509597,-0.160941,37.449913282413,0.506528191047774,0.0312784173988516,0.00852690083086149
268,51.509599,-0.16094,37.4658879921772,0.259929880067126,-0.00582920888133532,0.00581451436784496
268.5,51.5096,-0.160941,37.3961902796291,0.247872707020284,0.0228655733487237,-0.0378790780315298
269,51.509601,-0.16094,37.4086501160637,0.211384564451746,0.132332793661712,0.0237733850544744
269.5,51.509603,-0.160938,37.4324319649022,0.198280313009009,0.183507018016586,-0.0197045452080581
270,51.509603,-0.160934,37.3957452089526,0.121918835925143,0.248748766902349,-0.00317132867752299
270.5,51.509604,-0.160932,37.4424117417075,0.0738023048061704,0.228226006372416,0.0147931967933669
271,51.509595,-0.160937,37.7201729093213,0.00467373540605115,0.267929006602755,-0.0178939292253128
271.5,51.509596,-0.160935,37.7093867883086,-0.0645946106695617,0.239483124110398,-0.0351987010122767
272,51.509596,-0.160933,37.741252255626,-0.155801020814382,0.267755353524922,-0.0208715586690179
272.5,51.509596,-0.16093,37.7580054742284,-0.170996318498667,0.199384645495913,-0.0534528107287957
273,51.509586,-0.160937,38.0445936839096,-0.239467573468296,0.138218585053757,-0.03858202555836
273.5,51.509586,-0.160937,38.0883521740325,-0.207364761120009,0.0331456863868251,-0.0121176894722608
274,51.509586,-0.160936,38.0479392698035,-0.249650649101348,0.00883234116570973,-0.073387340759962
274.5,51.509576,-0.160942,38.2953356311191,-0.496729451932723,0.00591078942927184,0.017583974072528
275,51.509575,-0.160942,38.3470492507331,-0.735990354287866,0.0103821428556039,-0.0218928179908204
275.5,51.509572,-0.160941,38.362880401779,-1.00051799683146,-0.0110014129443373,0.0123147766525936
276,51.509569,-0.16094,38.3693689312786,-1.26953493184572,-0.00290326356898854,-0.0379565755521625
276.5,51.509564,-0.160938,38.4014657456428,-1.28747966035417,-0.00613889339722541,0.0120958149272805
277,51.509559,-0.160938,38.4024207361508,-1.27171108638514,0.0299207921269078,0.0297095267242089
277.5,51.509554,-0.160937,38.3752928841859,-1.26671478471057,0.0184083808547109,-0.0313558585928264
278,51.509548,-0.160936,38.3776412354782,-1.25215053645312,0.0194838149399952,0.00103977264045141
278.5,51.509543,-0.160935,38.4381036094856,-1.23919696371529,0.0122045038818634,-0.0241445187046027
279,51.509538,-0.160934,38.4793911164161,-1.26433367992398,-0.0038918365732882,0.00640848815439776
279.5,51.509533,-0.160934,38.560697882669,-1.27310278477488,0.00936415843244938,0.0262544106805338
280,51.509527,-0.160934,38.5861503211781,-1.26930837662888,-0.00201470065890793,0.0343023755809039
280.5,51.509521,-0.160934,38.6226926071104,-1.25308285608866,0.00318180408343222,-0.0081597929707754
281,51.509516,-0.160933,38.6102648342494,-1.24155627553738,0.0120997152922976,-0.0222421649109532
281.5,51.50951,-0.160934,38.7100008251145,-1.24180527939267,0.010774403155122,0.0496384807057937
282,51.509506,-0.160934,38.6567514885683,-1.23132928358401,-0.0159265410606348,0.0397390508031303
282.5,51.509501,-0.160933,38.5854689478874,-1.24640739060171,0.00598761066129846,0.0745354109935366
283,51.509497,-0.160932,38.578778245952,-1.24581552964326,-0.00882944767611962,0.0226050247583508
283.5,51.509492,-0.160931,38.5367366452701,-1.24711363844886,0.00682037908113335,-0.00295173125887638
284,51.509486,-0.160931,38.5490876943804,-1.25399715700581,0.0143538028113698,0.00188689174025958
284.5,51.509481,-0.16093,38.5575859784149,-1.24655012340043,0.0252774783323803,-0.00309685512108238
285,51.509475,-0.16093,38.5472823888995,-1.24066218045803,0.0534895301736901,-0.0208075405088937
285.5,51.509469,-0.160929,38.571279254742,-1.24001743658249,0.0596501603213595,-0.00318813420148778
286,51.509465,-0.160929,38.5051793330349,-1.24178583993964,0.0672348697120644,0.000946944382923864
286.5,51.509458,-0.160928,38.5231276126578,-1.23681685946341,0.0309369006588281,-0.014169173724255
287,51.509453,-0.160927,38.458059243625,-1.26674066222062,0.0575456856781736,0.045139049438467
287.5,51.509447,-0.160926,38.3921439370606,-1.25530823394974,0.0342038571969138,0.0288459204183037
288,51.509442,-0.160926,38.3098989145365,-1.27913025189923,0.0456648710743642,-0.00266868396968345
288.5,51.509437,-0.160925,38.2961814103182,-1.25838714128071,0.0153090747808095,-0.00302241790059066
289,51.509431,-0.160925,38.3578273791354,-1.24770487138995,0.0356816188434555,0.0211008770762576
289.5,51.509426,-0.160924,38.392520560883,-1.25909100486441,0.0175429326771514,-0.00596480577336111
290,51.50942,-0.160924,38.3850932067726,-1.26664178721916,-0.0082373007520533,-0.0291227873372268
290.5,51.509414,-0.160924,38.3729070986155,-1.26839901627849,0.00732679114479547,-0.0279175666647605
291,51.509409,-0.160923,38.3928681809921,-1.28098999307004,0.0134962930199649,-0.011317354600881
291.5,51.509404,-0.160923,38.369035315467,-1.25359920099802,0.00091790756918415,0.013199497771741
292,51.509398,-0.160923,38.3875821640249,-1.27134363828833,-0.0151177507498593,0.00581359170702422
292.5,51.509393,-0.160923,38.3619289714843,-1.2757411242234,-0.00935953474294944,-0.0310176916062711
293,51.509387,-0.160924,38.3415693917777,-1.25826273278435,-0.00643998283821421,0.00964443207234023
293.5,51.509382,-0.160924,38.2437789731193,-1.24851294510381,-0.0286171140474643,0.00271477842775836
294,51.509376,-0.160925,38.24080086709,-1.23214054106507,-0.0425804263303054,-0.0191521019089123
294.5,51.509371,-0.160926,38.314514986705,-1.24984382573175,-0.0210483791974444,-0.081634376835892
295,51.509365,-0.160926,38.3107426462229,-1.24557221320064,-0.0348192948020169,-0.0523794678949517
295.5,51.50936,-0.160927,38.3845082602929,-1.23237192726742,-0.0453421040951613,-0.0421771908520501
296,51.509355,-0.160926,38.3135192180052,-1.24810690092366,-0.0427575269314929,-0.0645554879640078
296.5,51.509349,-0.160926,38.3224850778934,-1.22216096537006,-0.00863126984227638,-0.0404793205555738
297,51.509343,-0.160926,38.3908279871102,-1.2530164060646,0.0361156130156017,-0.0257315772628471
297.5,51.509338,-0.160926,38.4356452838983,-1.21713819964289,-0.0116391606599056,-0.0509197301500862
298,51.509333,-0.160927,38.4180592158809,-1.26550112879857,-0.013715359521724,-0.0170209022947376
298.5,51.509327,-0.160927,38.4249797686934,-1.26581435411713,-0.0263307295604847,0.0249644799133204
299,51.509321,-0.160927,38.3294812070671,-1.23405822237319,-0.0166714040270312,0.0319000911574523
299.5,51.509317,-0.160927,38.2855964307673,-1.23847766914145,-0.0558589223470866,0.0570188726640913
300,51.509312,-0.160928,38.2563380827196,-1.23742075553406,-0.0540555101580761,-0.0222767955428278
300.5,51.509307,-0.160929,38.1723941520322,-1.27331034550984,-0.00620665618372549,0.0119716396218141
301,51.509301,-0.160928,38.176680730423,-1.25479660787675,-0.00244476723044816,0.00600489764105716
301.5,51.509295,-0.160928,38.236120833084,-1.23039850712638,-0.0296740028324125,-0.0538800640952004
302,51.509289,-0.160928,38.1913207711186,-1.23942121756088,-0.0172988577154368,-0.00570850263382727
302.5,51.509284,-0.160927,38.1913021972869,-1.23469650756094,0.00533606972233925,-0.028791882302449
303,51.509278,-0.160927,38.2693800807465,-1.22672462768442,0.0113032054417739,-0.0335638411214506
303.5,51.509273,-0.160927,38.2538523396943,-1.24983777087634,-0.0170926872721693,0.0166193518578264
304,51.509267,-0.160928,38.2200855570845,-1.22035340124343,-0.0107081683298298,0.0118212747281329
304.5,51.509261,-0.160928,38.0860498335678,-1.27419181997244,0.00143285762285084,0.0604874825514473
305,51.509256,-0.16093,38.116510189604,-1.25324652241829,0.0169140048328665,3.55394127097286e-05
305.5,51.509251,-0.16093,38.1270510978065,-0.96682607419048,0.00405177145726225,0.0391343345162419
306,51.509247,-0.16093,38.1045454854611,-0.754282307049124,0.0209975193203996,-0.00175982518106937
306.5,51.509243,-0.160929,38.1197852087207,-0.503215672148035,-0.0330838141284481,0.00403434427471985
307,51.509242,-0.160929,38.1867983439006,-0.240445897179991,-0.0112416420486534,0.00260054970565851
307.5,51.509241,-0.16093,38.1957826134749,-0.252328642999581,0.071428609263002,-0.0196860413914619
308,51.509239,-0.160929,38.1283168492373,-0.208760721560412,0.113433298451919,-0.00152689962431136
308.5,51.509239,-0.160928,38.1224601806607,-0.160516679909347,0.181401158601628,-0.0336321246487631
309,51.509239,-0.160927,38.1798559513409,-0.119141337114339,0.230942965210479,-0.0401393752448724
309.5,51.509239,-0.160925,38.2174155751709,-0.0756206606596097,0.245668291457765,-0.0268602170284255
310,51.509239,-0.160925,38.2096596651245,0.00400982471950017,0.219782969480067,0.0164807632786422
310.5,51.509239,-0.160923,38.1471577482298,0.0781948205039173,0.243900186360678,0.0240388400179977
311,51.50924,-0.160919,38.1489737047814,0.108338194860847,0.240841184212072,0.0114293770895412
311.5,51.50924,-0.160918,38.1009476559702,0.155795581696023,0.182419664937038,0.0141172929652453
312,51.509241,-0.160917,38.1845754222013,0.227745690886665,0.1303391066029,-0.0270751484372858
312.5,51.509243,-0.160916,38.223114711931,0.21601439587623,0.093119495380475,0.0159380456219402
313,51.509244,-0.160914,38.2053727216553,0.224934886888073,0.0176044038691707,-0.00901316640051361
313.5,51.509246,-0.160913,38.2202226957306,0.487289866174339,0.00191610605513942,-0.0171971031329978
314,51.509249,-0.160912,38.2506002618466,0.750012819574739,0.0165066921574517,-0.0177461583130292
314.5,51.509253,-0.160913,38.1478686337359,0.975001961513329,0.00512233594994917,0.00912124757147015
315,51.509258,-0.160913,38.1165494718589,1.2397875650826,0.00195330593699116,0.0102486798965689
315.5,51.509264,-0.160913,38.1142897391692,1.23599910950206,0.000899693507615654,-0.00463351852891825
316,51.509269,-0.160913,38.0967746607494,1.23884198123697,0.0355273990424903,-0.0181700938144622
316.5,51.509275,-0.160913,38.1488714539446,1.25027683529535,-0.00599013421576886,-0.0198829290793052
317,51.50928,-0.160913,38.1561502581462,1.27001855423279,0.00928904306720268,0.0091077499303196
317.5,51.509285,-0.160914,38.1168388528749,1.26073519302416,0.0300945941376113,0.0129360983203998
318,51.509291,-0.160913,38.1133044729941,1.25348409817979,0.0167358146216378,-0.0277807772001573
318.5,51.509297,-0.160914,37.9993154683616,1.25376202328646,0.00509295246154781,-0.0154669839293183
319,51.509302,-0.160914,38.0245131817646,1.2508393389998,-0.00382039512118376,-0.00698259355542818
319.5,51.509309,-0.160915,38.094340065727,1.2473834833692,-0.00421749517555895,-0.0182670361065548
320,51.509314,-0.160916,38.079837117577,1.25696574565598,0.00276026304287532,-0.0841227682639668
320.5,51.50932,-0.160917,38.1234152831603,1.2587965913504,-0.000598156141797399,-0.0269564710759025
321,51.509326,-0.160917,37.986262883991,1.25805241502819,-0.0171508711843517,-0.0192066499868453
321.5,51.509331,-0.160918,37.9369047482032,1.22981794652164,-0.00426652359622238,-0.00899682760736897
322,51.509337,-0.160918,37.9865822393913,1.22654174613263,0.00199102935198477,0.0566836816544171
322.5,51.509343,-0.160918,37.9445419097319,1.24178455626601,-0.0221187319701521,0.0299039958143745
323,51.509348,-0.160918,37.9561891786288,1.25407404596331,-0.032065044982142,0.104295310062236
323.5,51.509354,-0.160919,37.9293618870433,1.2523214579012,-0.0233128256922014,0.0427518801013541
324,51.509359,-0.160919,37.9361564926803,1.23229304325049,0.00185684240315914,0.0232228557389854
324.5,51.509364,-0.16092,37.8719702288508,1.25051834798621,-0.0226178460515061,0.0158051498433117
325,51.50937,-0.160921,37.7928804482799,1.2811077793887,-0.0484167107565543,0.0208328781251047
325.5,51.509376,-0.160921,37.7344801023137,1.25594212980936,-0.0292126869394134,0.0121073504093503
326,51.509381,-0.160922,37.681751973927,1.25222395732753,0.0289358203132823,0.0365807947147169
326.5,51.509387,-0.160921,37.6846361979842,1.2614662566211,-0.0208078057354254,0.0410324834798376
327,51.509392,-0.160921,37.689347774256,1.27484637390381,-0.0137895158234323,0.0409845268577599
327.5,51.509398,-0.160921,37.6104743536562,1.26247621582653,-0.0137432777798706,0.0570947689630241
328,51.509403,-0.160921,37.5841035051271,1.22997364003538,-0.00935986740549762,0.0399847330529322
328.5,51.509409,-0.160921,37.5942005990073,1.23843209331235,-0.00875648862414717,-0.0284279461312571
329,51.509415,-0.160922,37.5859828493558,1.22747439120912,-0.0187318711980613,0.000736043435884515
329.5,51.50942,-0.160923,37.5553779813927,1.25258089889007,-0.0210860720977126,-0.0131927274594642
330,51.509425,-0.160922,37.5928238972556,1.26204554189765,0.013490644236158,-0.0391113655285878
330.5,51.509432,-0.160921,37.7092157958541,1.24184513558969,0.024144210844643,-0.0418263989982789
331,51.509437,-0.160921,37.712111902656,1.23337454900304,0.0277663109130578,-0.0178118286684905
331.5,51.509443,-0.160922,37.7123133901041,1.26824663094168,0.031122737600702,-0.0423714382938765
332,51.509449,-0.160921,37.6819142503664,1.23420060367848,-0.000201119694237008,-0.0149694547506577
332.5,51.509454,-0.160921,37.6624481559265,1.24269825613199,0.0133237077056002,-0.0220650019588149
333,51.50946,-0.160922,37.6284146120306,1.27499610310689,-0.0275874745573823,0.0406360691563948
333.5,51.509466,-0.16092,37.6624763219152,1.2377843059708,0.00677239125726266,-0.0393978428246492
334,51.509472,-0.160918,37.6929310855921,1.24013799300921,0.00117430676662516,0.0197502273696071
334.5,51.509477,-0.160918,37.6919153996278,1.25666906068915,-0.0196038491011627,0.0115300019388188
335,51.509483,-0.160918,37.7163822781295,1.2379642786621,0.00354478126234553,0.0237067592743349
335.5,51.509488,-0.160918,37.7145125546958,1.24857287464513,0.00989590567267636,0.0460919221106213
336,51.509494,-0.160916,37.7573390111793,1.23792512981764,0.00179163483394364,-0.000649363008364601
336.5,51.5095,-0.160914,37.7791646565311,1.24144560958031,0.0263558913947862,0.0121904426905955
337,51.509506,-0.160914,37.7906392721925,1.26465034096097,-0.00260401438311006,-0.0330378925664174
337.5,51.509511,-0.160914,37.7653931207024,1.25506023497296,-0.01982912368581,0.00490480957443873
338,51.509517,-0.160914,37.7509631286375,1.24243053342664,0.0181641853099349,-0.0143014396130341
338.5,51.509522,-0.160914,37.6750582978129,1.25421529495462,-0.0143997771185939,0.0184320465694029
339,51.509527,-0.160913,37.6365186604671,1.22301903962798,0.0156541160246706,-0.0182225732792678
339.5,51.509533,-0.160914,37.7051032739691,1.24900807833325,-0.00954126035297808,-0.0115947815990849
340,51.509538,-0.160914,37.6745358933695,1.24220099373961,-0.0168563331370269,-0.0119225192456374
340.5,51.509544,-0.160915,37.6799948848784,1.25409378527991,0.00479697463068267,-0.0123669332848424
341,51.509549,-0.160914,37.7112750478555,1.24381956854905,0.0261462548748021,0.0288568156654226
341.5,51.509555,-0.160914,37.7451017368585,1.26942873779409,0.00102843282935148,-0.0285840235775175
342,51.509562,-0.160915,37.7696278553922,1.27535350678614,-0.0139025474453415,0.0568832247261819
342.5,51.509567,-0.160916,37.6977475562599,1.24679957126506,-0.00872523260283419,0.023883554302648
343,51.509572,-0.160915,37.622577104019,1.24537975260472,-0.00129711394683158,0.067136532783639
343.5,51.509578,-0.160914,37.6371196405962,1.22946977948654,0.0119057324889915,0.0131632128116985
344,51.509584,-0.160914,37.647783287568,1.24559860288693,-0.0504542844897063,0.00829976887056949
344.5,51.50959,-0.160914,37.6270219772123,0.987313068943593,-0.0111888506774967,0.00523500173925789
345,51.509595,-0.160914,37.7061400343664,0.738143980540129,0.0157898253883874,-0.0211430984685134
345.5,51.509598,-0.160914,37.7195827267133,0.504852295512919,0.0125677412344537,-0.000692280720369171
346,51.5096,-0.160914,37.6906522938516,0.233929226926056,0.00825758935546638,-0.0413518007351347
346.5,51.509592,-0.160922,37.9685694824439,0.206682741438127,0.0717415281711269,-0.0073229829709064
347,51.509584,-0.160928,38.2224123640917,0.181072485335852,0.129825231373712,-0.0156051944203421
347.5,51.509585,-0.160927,38.1805435565766,0.160166637313156,0.140672314422054,0.0380039576698895
348,51.509587,-0.160925,38.2203519092873,0.124121474456713,0.216113363326176,-0.0220517179220631
348.5,51.509589,-0.160923,38.2170146894641,0.0658570749053871,0.193005330081341,0.0275154945993929
349,51.50959,-0.16092,38.2023104168475,-0.0187778115024866,0.256042299607301,-0.0236706972403822
349.5,51.50959,-0.160917,38.1818148829043,-0.0551868591807975,0.224357206440398,0.0160952214724061
350,51.509589,-0.160913,38.1135914330371,-0.10717627300882,0.192389760659527,0.018650826045861
350.5,51.50959,-0.160911,38.1362003087997,-0.155843604976087,0.16343981004031,-0.0541626568810917
351,51.50959,-0.16091,38.1215120486449,-0.206563150136191,0.116161444046987,0.0158601598834996
351.5,51.50959,-0.160909,38.1116715485696,-0.245447165370043,0.0514824211621565,-0.0163302139023118
352,51.509589,-0.160909,38.0732396706007,-0.248561811281401,-0.0102882529149097,-0.02661201994128
352.5,51.509588,-0.160908,38.1236894109752,-0.505103977648566,-0.0111528829122011,-0.0119101492958201
353,51.509585,-0.160908,38.1422629661392,-0.760598421356978,-0.0307870725360637,0.0506903197835935
353.5,51.509583,-0.160908,38.1581203339156,-1.02861129305853,-0.0190549842156029,0.0335372043357658
354,51.509579,-0.160908,38.12578529655,-1.24148020780702,-0.0427652433898771,-0.035774519079271
354.5,51.509573,-0.160908,38.1876430120319,-1.25097255571086,0.0171418174459003,-0.0287716845440138
355,51.509568,-0.160908,38.1645368949976,-1.24142587198001,-0.0111514852675401,-0.0251886725525605
355.5,51.509564,-0.160908,38.1644164940808,-1.25978574704642,0.00199826682775073,-0.0209356499803387
356,51.509558,-0.160908,38.1728801450226,-1.24400666294557,-0.0047220781845018,-0.00911190784904004
356.5,51.509553,-0.160908,38.2305106490385,-1.22970894943493,-0.0171026531845542,-0.0238843484980241
357,51.509547,-0.160908,38.2758529332932,-1.28338722693184,-0.00429696176517561,-0.0397821487884633
357.5,51.509541,-0.160908,38.2257670261897,-1.26380240318955,0.0238908359127866,-0.076354410495418
358,51.509536,-0.160906,38.1989550692961,-1.27244706911719,0.037047921354482,-0.0419824801189769
358.5,51.50953,-0.160906,38.1930933590047,-1.26250979108422,0.0382992683222827,-0.0393856846155854
359,51.509525,-0.160906,38.2877184648532,-1.27092100812442,0.014721129817802,-0.0389333742478284
359.5,51.509519,-0.160904,38.3636944941245,-1.26691345156179,0.0192369427767105,-0.0203322047727919
360,51.509513,-0.160904,38.409698537318,-1.26663391325743,-0.00197258879026688,-0.0205453722560258
360.5,51.509507,-0.160904,38.4626226085238,-1.26146102027018,-0.00165908622395966,-0.0319866080869019
361,51.509501,-0.160905,38.4104054463096,-1.25617694353537,-0.0169479839459759,-0.0201010345751426
361.5,51.509496,-0.160904,38.4397181088571,-1.25107618394023,-0.0105690689628136,-0.0478464047158312
362,51.509491,-0.160904,38.3960830904543,-1.26615235470064,-0.000394075993235893,0.0124792351807776
362.5,51.509486,-0.160904,38.4195558116771,-1.24116989119248,-0.00204006213266288,-0.0274846686561218
363,51.50948,-0.160903,38.4584385917988,-1.27096651408889,0.0120771807879706,-0.0624389141243381
363.5,51.509475,-0.160902,38.4467758783139,-1.23311608763882,0.00346397590730697,-0.00088451840595194
364,51.509468,-0.160902,38.4754332439043,-1.23755658924508,-0.00506921936487207,0.0109116923042998
364.5,51.509463,-0.160903,38.4248959065881,-1.25133167238293,0.00914399039911751,0.00478108100570396
365,51.509457,-0.160901,38.3768869352061,-1.26413531244225,0.0180080952624133,-0.00304436043412648
365.5,51.509452,-0.160901,38.3309480822645,-1.25401538627052,0.00148708611999143,-0.0297041038038141
366,51.509447,-0.160902,38.4046295974404,-1.29556381171375,0.0015704097305728,-0.00448341235285243
366.5,51.509441,-0.160902,38.3677399868611,-1.24973805780796,0.0160537571203774,0.0175216820708873
367,51.509435,-0.160904,38.4079941078089,-1.2386786329218,0.00764802115605884,0.00395427658900205
367.5,51.509429,-0.160904,38.4478845645208,-1.25724757406638,0.0480050717469802,0.0149529708130993
368,51.509424,-0.160904,38.3830621973611,-1.25194243742471,0.0106936297585326,0.0141010002780697
368.5,51.509418,-0.160903,38.3785442674998,-1.2450456781575,0.00375344234219643,-0.00639267829219015
369,51.509412,-0.160904,38.376785221044,-1.24729127251574,-0.0268037048915071,0.00640553907770325
369.5,51.509407,-0.160905,38.3919226545841,-1.26031403919756,0.0264005482057249,-0.0383438077521656
370,51.509401,-0.160903,38.3890550322831,-1.23490371401654,0.00729308519549035,0.0145539478410379
370.5,51.509396,-0.160903,38.333153919084,-1.2219195256231,0.00462322364704907,-0.00803633990996833
371,51.50939,-0.160903,38.3156433911063,-1.23993160665087,0.00278848124075469,-0.00112811068583496
371.5,51.509385,-0.160902,38.2980760480277,-1.23109684526515,-0.021021419631554,-0.0340508970381481
372,51.509378,-0.160902,38.2842277956661,-1.24937243165911,0.00559711048030542,0.0140539559596703
372.5,51.509374,-0.160902,38.2069086008705,-1.22263474933436,-0.0174545054698041,0.0295157029288146
373,51.509369,-0.160901,38.1948320835363,-1.24943547864955,0.015139082994436,0.0125302909915193
373.5,51.509363,-0.160901,38.1737100591417,-1.24247206377794,0.0351406247199429,0.0081302772647287
374,51.509357,-0.1609,38.2435163825285,-1.24309643208651,0.0258969052723795,-0.0114649024807868
374.5,51.509352,-0.160901,38.2141106554773,-1.25228439086801,0.02895694785428,-0.0118160460101389
375,51.509346,-0.160902,38.2081933631562,-1.26260344817336,0.0291675994725716,-0.0772835642611214
375.5,51.50934,-0.160902,38.1201778126415,-1.24258375943617,0.0144444256848209,-0.0710593442225653
376,51.509334,-0.160901,38.0967839006335,-1.27617840468545,0.0277128784119466,-0.0365815828362399
376.5,51.509329,-0.1609,38.1322334962897,-1.27119931081857,0.0305084225356812,-0.0319177613726075
377,51.509322,-0.160901,38.1571129278746,-1.23114343368002,-0.0124042213001493,-0.0170763263275193
377.5,51.509317,-0.1609,38.0892997651827,-1.2490283760737,0.0119842327941499,0.0228678917787182
378,51.509311,-0.160902,38.1034564746078,-1.23455443263173,0.00925250964595484,-0.0158462345199727
378.5,51.509306,-0.160902,38.1259873213712,-1.27532030164054,0.0248456500950157,-0.0193992691121057
379,51.5093,-0.160903,38.1539672778454,-1.24382521839417,0.0108988802387267,0.0133187131963162
379.5,51.509294,-0.160903,38.1602498223074,-1.26226780077922,-0.0381700615942434,0.0390295777751851
380,51.509289,-0.160903,38.0804005023092,-1.2493862006669,-0.0278248089104026,0.0574902019799497
380.5,51.509283,-0.160902,38.0516017696355,-1.27200040373376,-0.0309539769070766,0.0665518898892201
381,51.509278,-0.160902,37.9753201422282,-1.24399912570898,-0.038309767073888,0.0703531729513903
381.5,51.509273,-0.160901,38.0061836764216,-1.2385633280488,-0.00117296356161923,-0.0126406329699371
382,51.509268,-0.160901,38.0957414521836,-1.25348973787163,-0.0366672710909229,0.00712222983456656
382.5,51.509263,-0.160902,38.0601963379886,-1.25825110252131,-0.00249567927572064,-0.0339051302395059
383,51.509258,-0.160902,38.107609904604,-1.2496008033928,-0.0427431642961513,-0.0317745637519055
383.5,51.509253,-0.160901,38.1138065566774,-0.998459518053675,0.00970639393157406,-0.00584901018714168
384,51.509249,-0.160901,38.0831077266484,-0.750696638021913,0.0102573305500655,-0.0157881011419385
384.5,51.509246,-0.160901,38.1189249434974,-0.509632732364762,-0.00526737001894668,-0.016914954934149
385,51.509245,-0.160902,38.1352384611964,-0.252387313620965,-0.0143229064869875,-0.0124684108879633
385.5,51.509243,-0.160902,38.168349605985,-0.261564354943527,0.0608918054600165,-0.0261176912748883
386,51.509242,-0.1609,38.2647765639704,-0.219685252923267,0.137030309180619,0.0224087160034775
386.5,51.509241,-0.160898,38.2586555157322,-0.179133352052283,0.153685621243673,0.0471458960615648
387,51.509241,-0.160898,38.2331739463843,-0.106521333828608,0.22323538172836,0.0327593991742084
387.5,51.509241,-0.160897,38.1876514621545,-0.0608139571734796,0.252180506105384,0.0185956304139193
388,51.509241,-0.160896,38.1814997489564,-0.00591676951476562,0.281665158920571,-0.0217631544060851
388.5,51.509241,-0.160893,38.1572510800324,0.0580318155848715,0.244116315202736,2.43748397060969e-05
389,51.509241,-0.160892,38.0654010253493,0.105531952572827,0.233030122494739,-0.00328589193036393
389.5,51.509242,-0.160892,38.1064235600643,0.18432548846712,0.14914627247333,0.0084122278724406
390,51.509243,-0.16089,38.0042418115772,0.194712452741015,0.134335837965077,-0.00283617572700863
390.5,51.509244,-0.160891,38.0193496611901,0.248069790006493,0.0756241732231567,-0.00153449823490402
391,51.509245,-0.160891,38.1150546032004,0.265143564179517,-0.0209853039365461,-0.00668881673799115
391.5,51.509247,-0.16089,38.1241885845084,0.488574583992904,0.010875471903997,-0.0597396378481339
392,51.50925,-0.160891,38.1473463245202,0.760992458061644,0.0238671053019344,-0.0166864965901975
392.5,51.509254,-0.160892,38.1855165394954,1.00658094396604,-0.0013053914393443,0.00256789751722647
393,51.509259,-0.160892,38.1166623202153,1.25359942524485,-0.0234014369659107,0.0141258538666161
393.5,51.509265,-0.160892,38.1154861683026,1.25216952684719,-0.0047863018413051,0.0648782568247265
394,51.509271,-0.160892,38.0807720215525,1.26459136768867,-0.035024406163931,-0.00396463481638643
394.5,51.509277,-0.160892,38.1323467656039,1.25090527548924,-0.0613234112067392,0.0586489847338517
395,51.509282,-0.160891,38.0836824495345,1.22495266480507,-0.00879857618135419,0.0633783464086376
395.5,51.509287,-0.160892,38.0822525050025,1.24607825894235,0.0134236131477184,-0.0334224830116691
396,51.509293,-0.160892,38.0517749465071,1.24605251843386,-0.0297785133516748,-0.0194821643224216
396.5,51.509299,-0.160892,38.0289656843524,1.23150496920194,-0.0101564878411783,-0.0121697598147281
397,51.509304,-0.160892,38.1080589843914,1.24942375231371,-0.0386487932099851,-0.00560997178255485
397.5,51.509309,-0.160891,38.1861047630664,1.22941997479516,-0.0274022451948586,0.0318020147110449
398,51.509315,-0.160891,38.1946968734264,1.25229981708695,-0.0183937796419883,-0.0541071095856741
398.5,51.509321,-0.160891,38.1980768542271,1.25814173125167,-0.0103434068169078,0.0017673802799657
399,51.509326,-0.160891,38.2515584628563,1.27978398665388,-0.0375017101032827,-0.00588879198733017
399.5,51.509332,-0.160891,38.2374782119878,1.24227098123185,-0.000717297488413598,-0.0233274867408421
400,51.509337,-0.160892,38.3085048375651,1.23470404463919,0.0322804616158885,-0.0293877440295605
400.5,51.509343,-0.160891,38.2707066498697,1.26320577844226,-0.0117251825670281,-0.0284431188134227
401,51.509349,-0.160891,38.3054333236068,1.21931817578796,0.0242762701200566,-0.0453267848049762
401.5,51.509354,-0.160892,38.2617531104479,1.26178499770323,-0.00128987338803589,-0.0520548374929296
402,51.50936,-0.160891,38.1768092853017,1.25081219857833,-0.0236490411160574,-0.0421022435857596
402.5,51.509367,-0.160891,38.1057053734548,1.24137076306696,-0.0395090751639149,0.00900771746493112
403,51.509372,-0.160891,38.0935484920628,1.25705719796641,-0.0492545971279543,0.0295808004775466
403.5,51.509378,-0.160892,38.053685345687,1.25455225014005,-0.0558691173612522,-0.0194298938963596
404,51.509383,-0.16089,38.0978740002029,1.24665818552045,-0.0509868863017114,-0.0486416269412941
404.5,51.509388,-0.160891,38.044211860979,1.25283261514654,-0.032590980044583,-0.0413908330645365
405,51.509394,-0.160891,38.0570041900501,1.2069112764811,0.0034599080114115,-0.0182076463639133
405.5,51.5094,-0.160891,38.1577327763662,1.2423116389068,-0.0218851166782335,-0.00936198487175643
406,51.509405,-0.160891,38.1728455687407,1.23914453680353,0.0114185328055781,0.0120238278823861
406.5,51.509411,-0.16089,38.1203330392018,1.23978568496011,0.000761320737695179,-0.0126342948521269
407,51.509416,-0.16089,38.111236766912,1.23461581963732,-0.00426473531825214,0.0521705249346163
407.5,51.509422,-0.16089,38.0481486276258,1.24952978346035,-0.00758275351789582,-0.00186135807914822
408,51.509427,-0.160889,37.9977193698287,1.27186183742309,0.00299279498229152,-0.00102246208043011
408.5,51.509432,-0.160889,37.9955221291166,1.24023367543155,0.0240369082399531,-0.0501122217254559
409,51.509438,-0.160889,38.086918808287,1.22257996874022,0.008639523326492,0.0646908477645235
409.5,51.509443,-0.16089,37.9845094732009,1.26528580258038,0.023818936207906,0.00450752718874914
410,51.509449,-0.16089,37.9428171392065,1.25610276603684,0.0042225478572683,0.0426267267596907
410.5,51.509455,-0.160889,37.9295719994698,1.23365560891724,0.0261657485942254,0.0232171934697489
411,51.50946,-0.160889,37.925285672769,1.24954761934352,0.0222103554005088,0.0736058798274013
411.5,51.509466,-0.160888,37.8624677958433,1.22962938391009,0.0285149673807531,0.020479113085785
412,51.509472,-0.160889,37.8089794677217,1.23769336614428,0.00836729490868733,-0.0107682686039718
412.5,51.509476,-0.160889,37.8198982602917,1.24646420679777,0.0271529464114675,-0.0175152638218807
413,51.509481,-0.160888,37.942773950519,1.22545669864492,0.0327838046766645,-0.000846750570187904
413.5,51.509487,-0.160888,37.9230014430359,1.25640272977794,0.00133873355285924,0.0135647001027382
414,51.509492,-0.160888,37.9067417534534,1.23095667270349,0.00893959982185878,0.00649149296713492
414.5,51.509497,-0.160888,37.8703292962164,1.24049257435366,-0.0158863917606821,-0.0204730933696702
415,51.509503,-0.160888,37.9048682770226,1.22959851311281,-0.0148968480999857,-0.0514066864051946
415.5,51.509509,-0.16089,37.8761350617278,1.23690899787397,-0.0138475678007978,0.0599904560361957
416,51.509514,-0.160891,37.8803990015294,1.26977600074104,-0.0336789402827224,0.0240498887729566
416.5,51.50952,-0.160891,37.9644259556662,1.21118817013008,0.0216848653490981,-0.0087009036483523
417,51.509526,-0.160891,38.0315979209263,1.23919971689019,-0.0288297426749848,-0.0768267630962629
417.5,51.509532,-0.16089,38.0211682512891,1.23359132412004,-0.0496178671020358,0.00156595555484706
418,51.509538,-0.160892,38.0094287702814,1.25074430030569,-0.0187909509497323,-0.0647713956062139
418.5,51.509544,-0.160892,37.9551266895141,1.24102564081374,-0.0182693521022198,-0.0216025689076756
419,51.50955,-0.160892,37.9848851605784,1.23878020374201,0.00469453943018313,-0.0374145014053707
419.5,51.509556,-0.160892,37.951792928623,1.23503758979796,0.0081964488725516,-0.0144923473291823
420,51.509561,-0.160892,37.9046615757979,1.23982845678976,-0.0180956269593962,-0.0151741209741654
420.5,51.509566,-0.160891,37.9124416832346,1.22671670127739,0.0152631069469311,0.0064404624276313
421,51.509571,-0.160891,38.0083068781532,1.25836388812463,0.0202980784918483,-0.0259561590142372
421.5,51.509577,-0.160891,38.0180420307443,1.23307966550982,0.0218430077277184,0.00889985851040564
422,51.509583,-0.16089,38.0134771447629,1.24898632280468,-0.00798711301100964,0.0533066128559428
422.5,51.509588,-0.16089,38.0137785000261,0.975581702680489,0.0102504784491668,-0.000829440318074803
423,51.509593,-0.16089,37.9500355632044,0.747944302978644,-0.00903273811820327,0.000843114856325433
423.5,51.509596,-0.16089,37.9242191954982,0.496497674449731,-0.00495599835430123,0.0585724586857167
424,51.509598,-0.160888,37.8074738313444,0.282039589190137,0.0101093724373045,-0.0239526035951111
424.5,51.509598,-0.160887,37.7766300004441,0.122298376656807,-0.00422728630265032,-0.0311492464146895
425,51.509598,-0.160885,37.7263489696197,-0.00490167210429137,-0.00855911366515595,-0.00810957001912175
