0,51.509254,-0.161045,0,0,-1.542892291
0.5,51.5092540875101,-0.161045062002541,0.0194725070250663,-0.00860928516045381,-3.79790438164981
1,51.5092547168563,-0.161045077573817,0.140040472381902,-0.00216213009932627,0.75248449873199
1.5,51.5092561777688,-0.161045147083768,0.325078414146038,-0.00965171671694857,0.414899950288834
2,51.5092586262055,-0.161045299762515,0.544819706796649,-0.0212000143030336,-0.556803128701108
2.5,51.5092619968146,-0.161045290659525,0.750019102042531,0.00126398412474347,0.516727773346137
3,51.5092665356943,-0.161045243981038,1.00997960395415,0.0064814810849314,0.316631397124533
3.5,51.5092717258548,-0.161045126492457,1.15490089319971,0.0163137236231169,1.11188728256084
4,51.5092775091935,-0.1610457797405,1.28689334085871,-0.0907058928669078,-3.37000175209152
4.5,51.5092831937696,-0.161045889465827,1.26491697819225,-0.0152357633308391,-0.477209370304726
5,51.5092886539063,-0.161045949052392,1.2149752894906,-0.00827381164657074,-0.253414848386305
5.5,51.5092944512209,-0.161045898430041,1.29000323764376,0.00702909703999553,0.649752342590692
6,51.5093003113361,-0.161046280811803,1.30397745788161,-0.0530950873157929,-1.79164062092925
6.5,51.5093061932232,-0.161045877283708,1.30882208562574,0.0560313246606878,2.77501953689356
7,51.5093116303267,-0.161046018424172,1.20985002548817,-0.0195978577951076,-0.710210692317861
7.5,51.5093172917164,-0.161045836386809,1.25975759060782,0.0252765353108456,1.39046886108311
8,51.5093230165179,-0.161046223484688,1.27386780599187,-0.0537499103418349,-2.33523172940912
8.5,51.5093286940324,-0.161046690104746,1.26334564857474,-0.0647918384029801,-2.75925116439537
9,51.5093342858099,-0.161046999865612,1.24426768074765,-0.0430113817649268,-1.74048317976377
9.5,51.5093399726206,-0.161045876004059,1.26541420230243,0.156052095824953,7.05723777159051
10,51.5093456263834,-0.161045372003322,1.25806048129018,0.0699822512828736,3.35216597353552
10.5,51.5093512432075,-0.161045213858845,1.24984096967167,0.02195890677806,1.42824359319275
11,51.5093566579943,-0.161045068192466,1.20488417097348,0.0202262772763103,1.5037798892491
11.5,51.5093623428222,-0.161045169011955,1.26497301201705,-0.0139991307410615,-0.122239659463443
12,51.5093679377486,-0.161045263702132,1.24496836204834,-0.0131480533330808,-0.158674732196068
12.5,51.5093737350536,-0.161045232157542,1.29000112602844,0.00438007315563018,0.403293555050706
13,51.5093793951287,-0.16104551031322,1.25946507850291,-0.0386228525562281,-1.21081220533844
13.5,51.5093850977807,-0.161045892080403,1.26893917205741,-0.0530096523459664,-1.90488789668764
14,51.5093905325925,-0.161046187209386,1.20934010186342,-0.0409796430875896,-1.50987739558743
14.5,51.5093960594982,-0.161046031137613,1.22983255999378,0.0216710832514192,1.3635366461718
15,51.5094013981797,-0.161046536079372,1.18794944414166,-0.0701128298183244,-3.07435063254321
15.5,51.5094069422322,-0.161047446244514,1.23364803800375,-0.126379418673279,-5.10526341170437
16,51.5094125285804,-0.16104795520248,1.243059574477,-0.0706704762418317,-2.66021233700022
16.5,51.5094181685443,-0.161048000075581,1.25498998701647,-0.00623077585245345,-0.115539992299626
17,51.5094236266312,-0.161048246596082,1.21451920757515,-0.0342301685199871,-1.70400272294827
17.5,51.509429260828,-0.161048657541753,1.25370673912257,-0.0570611280576381,-2.45073436855597
18,51.5094349872296,-0.161048981079644,1.27422388163623,-0.0449242708782506,-1.73608561232699
18.5,51.509440851307,-0.1610491193035,1.30485916695221,-0.0191928221226695,-0.803173094527683
19,51.5094464447757,-0.161049334526387,1.24464399887228,-0.0298843787097174,-1.49508315827454
19.5,51.5094521261368,-0.161049001685939,1.26420161851058,0.0462159433894788,2.58281879417823
20,51.5094577661864,-0.161048927124478,1.25500907591563,0.0103530922273214,0.993101697828742
20.5,51.5094630463485,-0.161049030371243,1.17492785985662,-0.0143361347142931,-0.406497878749397
21,51.5094686834199,-0.161049335831182,1.25434637095337,-0.0424140583441352,-1.3614024008662
21.5,51.5094743349216,-0.161048768284988,1.25755736608039,0.0788055364256571,3.94047140868534
22,51.5094796804605,-0.161049027017514,1.1894753412641,-0.0359258036099914,-1.41702221942637
22.5,51.5094850439761,-0.161049470395848,1.19347545890967,-0.0615644322896796,-2.36799312777439
23,51.5094905693451,-0.161049215129467,1.22949066555703,0.0354445103489261,1.73980616096762
23.5,51.5094959617431,-0.161049091358842,1.19990228173863,0.0171859242442836,1.19300072260985
24,51.5095014592933,-0.16104955671884,1.22330050731716,-0.0646166301366904,-2.84590807810903
24.5,51.5095070094721,-0.161049630311669,1.23501127047272,-0.0102185835880863,0.0594643362732742
25,51.5095126944254,-0.161049531542853,1.26500093751563,0.0137143426710057,1.24618525341605
25.5,51.509518446201,-0.161049682034433,1.27987006890082,-0.0208961990898976,-0.47879861960153
26,51.5095241309797,-0.161049782837901,1.26496209119921,-0.0139968566169517,-0.181023178600582
26.5,51.5095295519797,-0.161050470477453,1.20626674907145,-0.0954807534777478,-4.06170158807862
27,51.5095352576896,-0.1610507043214,1.26961965495688,-0.0324699087523725,-1.04091351778962
27.5,51.5095409572628,-0.161050217798994,1.2682541442527,0.0675550354558332,3.56786504808018
28,51.5095467088753,-0.161050381965797,1.27983377054078,-0.0227950298476507,-0.586188656407858
28.5,51.5095524388148,-0.161050349337117,1.27501116653371,0.00453058484297506,0.518157239898115
29,51.5095581738857,-0.161051064564017,1.27615298105195,-0.0993112747789187,-4.20811973027857
29.5,51.5095638089152,-0.161051444768099,1.25389204164657,-0.0527924039790378,-2.53415642741181
30,51.5095694637623,-0.161051915737827,1.2583018094751,-0.0653954606351973,-2.97960133704693
30.5,51.5095753713322,-0.161052182417416,1.31453703160263,-0.0370292001066047,-1.07325881413887
31,51.5095810994797,-0.16105195445804,1.27461240820066,0.0316527872036759,1.58881898243309
31.5,51.5095866942257,-0.161052056481538,1.24492827415941,-0.0141662418570236,-0.435652560388275
32,51.5095923024954,-0.161051539535026,1.24793752789374,0.0717794293270541,3.26443519826175
32.5,51.5095977150854,-0.161051838149508,1.2043953901234,-0.0414634281642447,-1.20144568513553
33,51.5096020326954,-0.161052505769244,0.960743297961841,-0.092700796755819,-4.32978955794716
33.5,51.5096054466798,-0.161052668272812,0.759670891554275,-0.0225640558992443,-1.927490052527
34,51.5096076935331,-0.161052621424837,0.499963934213636,0.00650496654807922,1.03190486680621
34.5,51.5096083636963,-0.161049417773033,0.149122954148936,0.444835611437027,15.8578828370209
35,51.5096085635596,-0.16104605785156,0.044473073160302,0.466534070416755,28.9885511239177
35.5,51.5096082514763,-0.161042732207704,-0.0694439675327446,0.461774534923352,44.6318011306136
36,51.5096070909979,-0.161039660272565,-0.258226630238681,0.426546412650056,61.2817965172717
36.5,51.5096055370467,-0.161037276522061,-0.345781153802738,0.330990146040145,77.0385802469542
37,51.509604048548,-0.1610351455929,-0.331216843958426,0.295885234703832,88.9898409389146
37.5,51.5096020443303,-0.161034280056625,-0.445973285099787,0.120182040710285,105.501116589765
38,51.5096000768296,-0.161033773875851,-0.43780311617134,0.0702845654623453,116.779164471604
38.5,51.5095979809174,-0.161034096945032,-0.466376924361563,-0.0448590289722234,128.468009583058
39,51.5095960251815,-0.161035732827574,-0.435185243065227,-0.227146722666569,144.842712276513
39.5,51.5095944752817,-0.16103875531766,-0.344879657786674,-0.41968095050567,166.221464816
40,51.5095934425491,-0.161042769607036,-0.229800967632173,-0.557394986029261,178.996112697637
40.5,51.5095920722825,-0.161042706330769,-0.304908130388599,0.00878608172770274,179.213582986185
41,51.509589736742,-0.16104256667833,-0.519698377894512,0.0193911221476916,178.733611235989
41.5,51.5095865187644,-0.161043108955946,-0.716055977034779,-0.0752967316384695,186.193852086504
42,51.5095821639792,-0.161043424944658,-0.96901543094457,-0.043875901958802,182.82878738471
42.5,51.5095768768199,-0.161042764086719,-1.17648486724896,0.0917619534810986,176.108248898933
43,51.5095711095275,-0.161042286282488,-1.28332283848606,0.0663444481059368,177.473097123704
43.5,51.509565450832,-0.161042619523244,-1.25915813404591,-0.0462714127536914,182.309180163484
44,51.5095597898275,-0.161042411263526,-1.25967193791911,0.0289174490210903,178.825895765995
44.5,51.5095541736142,-0.161042609121322,-1.24970511242435,-0.0274731161904895,181.451882999777
45,51.5095486069024,-0.161042197750114,-1.23869015422547,0.057120065965365,177.544599131396
45.5,51.5095430570706,-0.161042299297456,-1.2349340818933,-0.0141001398866663,180.932519190168
46,51.5095373740221,-0.161042537587963,-1.26457709499743,-0.0330873248881158,181.725252475273
46.5,51.5095316679531,-0.161042336144842,-1.26969956501992,0.0279709624993514,178.936506580133
47,51.5095261284629,-0.161041784141367,-1.23263288639882,0.0766472952084251,176.710909640312
47.5,51.5095207176146,-0.161041422102561,-1.20400781162204,0.0502701517514564,178.165471249533
48,51.5095151461385,-0.161041241844544,-1.23975030600514,0.0250293584256372,178.968167744371
48.5,51.5095094670077,-0.161041656487236,-1.26370532664809,-0.0575743701676596,182.898465681946
49,51.5095036944092,-0.161041921757916,-1.28450351753809,-0.0368336270448959,182.043821566107
49.5,51.5094981687144,-0.161041076112153,-1.22956317129318,0.117420456656248,175.458876562691
50,51.5094925348942,-0.161041510267933,-1.25362292254781,-0.0602838428657445,183.364865142512
50.5,51.5094869945194,-0.161040978786489,-1.23282972714548,0.0737978145115961,177.015070067089
51,51.509481284982,-0.161040205062577,-1.27047132614217,0.107433931027716,175.337202439138
51.5,51.5094757350369,-0.161040280256508,-1.23495926955544,-0.0104409084853322,180.618933787335
52,51.5094704407065,-0.161040766114737,-1.17808053848444,-0.0674629168021646,183.520248626762
52.5,51.5094650110536,-0.161040289935898,-1.20819217409427,0.0661189114955358,176.85811445844
53,51.5094593066267,-0.161040586094804,-1.26933414931831,-0.041122589587619,181.833003677448
53.5,51.5094538137686,-0.161041178249187,-1.22225639784782,-0.0822224961308384,184.166600039246
54,51.5094481090644,-0.161041467682955,-1.26939586561013,-0.040188793013423,182.219399110767
54.5,51.509442515038,-0.161041644295126,-1.24476810082552,-0.0245231607909494,181.354138892935
55,51.5094368433816,-0.161041019123548,-1.262042144376,0.0868070697635059,176.418506967651
55.5,51.509431160548,-0.161040734019864,-1.2645292578538,0.0395875618195265,179.085560771552
56,51.5094255745089,-0.161040210145129,-1.24299078524774,0.0727416975901187,177.437738491613
56.5,51.5094198057887,-0.161039781920711,-1.28364053674337,0.0594603497743107,177.642142495337
57,51.5094141902528,-0.161039518095942,-1.24955434481069,0.0366329298358617,179.012885315455
57.5,51.5094083928673,-0.161039617673387,-1.2900190296041,-0.0138266548672196,181.302520566319
58,51.5094028049352,-0.161038383576498,-1.24341202077769,0.171358421082177,173.080096144079
58.5,51.509397264294,-0.161037861386834,-1.23288897919048,0.0725077649734063,176.31412533213
59,51.5093915570075,-0.161037923836683,-1.26997043168406,-0.00867136945379239,180.377675578169
59.5,51.5093856801727,-0.161037364759651,-1.30769789588381,0.077629717898953,176.620195392629
60,51.509380086274,-0.161037549457116,-1.24473969152939,-0.0256458645991061,181.037656439065
60.5,51.5093743789004,-0.16103750895492,-1.26998981576027,0.00562386689909348,179.63800457703
61,51.5093685914363,-0.161036966609394,-1.28781135587334,0.0753065204635807,176.893205287588
61.5,51.5093630881351,-0.161037201979736,-1.22458016443469,-0.0326819762707166,181.234100679592
62,51.5093574033184,-0.161037264594495,-1.2649705172828,-0.00869427430616775,180.439086773691
62.5,51.5093516977465,-0.161037010697988,-1.26958889140278,0.0352544063202894,179.045517185805
63,51.5093458828655,-0.161037916042486,-1.29391209110514,-0.12571022450315,185.699014589818
63.5,51.5093401980482,-0.161038022444438,-1.26497064362339,-0.0147742820552601,181.212675507262
64,51.5093345616354,-0.161038357865495,-1.2541997956084,-0.0465743889678911,182.706492828842
64.5,51.5093291030402,-0.161038614891629,-1.21463229487627,-0.0356889835992908,182.602573280089
65,51.5093234619076,-0.161038516967606,-1.25525003417153,0.0135970970748067,180.68052516529
65.5,51.5093178452803,-0.161038337115689,-1.2497971800186,0.0249730779552556,179.350320531539
66,51.5093122283777,-0.161038193301424,-1.24985844195701,0.019969124382286,179.391762351941
66.5,51.509306655989,-0.161038106290129,-1.23995333773848,0.0120818304891117,179.1876057843
67,51.5093010163001,-0.16103800938708,-1.25492876446666,0.0134553378379606,179.317217562009
67.5,51.5092954996398,-0.161037450866765,-1.22755278869984,0.0775525689791811,176.40834471865
68,51.5092897481142,-0.161037614469367,-1.27981440330941,-0.0227168167761834,181.303377170353
68.5,51.5092842653171,-0.161037632123549,-1.22001761953248,-0.00245134774270748,180.443868949373
69,51.5092785678628,-0.161037090033207,-1.26778258455154,0.0752712356653369,176.88191515968
69.5,51.5092730849405,-0.16103714966475,-1.22004549712279,-0.00828005994947651,181.018156524029
70,51.5092673323567,-0.161037125113893,-1.28004985323288,0.0034089775251247,180.37560800125
70.5,51.5092616714548,-0.161036908719162,-1.25964902057414,0.0300472146823913,178.438012996199
71,51.5092561319227,-0.161036354296625,-1.2326421555674,0.0769836439235348,176.908771999811
71.5,51.5092505631555,-0.161036702124656,-1.23914746435458,-0.0482972296061225,182.915893430594
72,51.5092460959027,-0.161036369370312,-0.994041355918732,0.046204196087206,178.208254945167
72.5,51.5092428070952,-0.161035866001036,-0.731816831335981,0.0698947280589076,175.690230145339
73,51.5092404274283,-0.161035691222887,-0.529517222460588,0.0242686083770893,178.327206647076
73.5,51.5092395484314,-0.161032565667113,-0.195592075794135,0.43399527322327,163.626819819895
74,51.5092396592232,-0.161028829046019,0.0246531026853755,0.518844009082978,147.878324425058
74.5,51.50924098614,-0.16102456796448,0.295262024951699,0.591667313616233,134.962556274357
75,51.5092426371062,-0.161021219601504,0.367368678275597,0.464932866732227,118.846441384964
75.5,51.5092439601443,-0.161018457261078,0.294398968920792,0.383561407487964,101.839422823959
76,51.5092462716951,-0.161016773440567,0.514360203217704,0.233804829561144,89.3079891649778
76.5,51.509248228495,-0.161015576015772,0.435421983082658,0.166266942549898,76.2493632245617
77,51.5092503625978,-0.161015131804726,0.474874949432467,0.061680373879986,60.8766406577287
77.5,51.5092525955072,-0.1610163078016,0.496861136915151,-0.163291579370895,43.8736121696284
78,51.5092545035265,-0.161017799634016,0.424567454171597,-0.207146521055645,28.3919835597965
78.5,51.509256219826,-0.161019831641784,0.381906447398153,-0.282151882111585,15.8995577157344
79,51.5092573462466,-0.161023240653425,0.250648161057491,-0.47335401093875,1.87812506287936
79.5,51.5092587630376,-0.161023308587801,0.31526062177826,-0.00943294178504309,1.1782317706576
80,51.5092609630939,-0.161023495599755,0.489550754477159,-0.0259673069180137,-1.24727081626296
80.5,51.5092641974777,-0.161023644460367,0.719706605053148,-0.0206698493704668,-1.47000225108432
81,51.509268579345,-0.161023672268169,0.97504160807499,-0.0038612163125203,0.349002910522808
81.5,51.5092738598333,-0.161023694224865,1.17500040215425,-0.00304876827333805,0.00737480124431656
82,51.5092795888467,-0.161023531211458,1.27480503074592,0.02263501004565,1.1924754113249
82.5,51.5092851390713,-0.161023547142491,1.23502140392416,-0.00221208215513424,0.24996541292756
83,51.5092908554221,-0.161024181169481,1.27198739668455,-0.0880369532359213,-3.5637955793488
83.5,51.5092964264605,-0.161024394053427,1.23965284810797,-0.0295597065383514,-1.19962494538736
84,51.509301951085,-0.161024099341878,1.22932495688391,0.0409217604001303,2.08356884650653
84.5,51.5093077934494,-0.161024137609515,1.30002760340523,-0.00531359853302751,0.206553219053006
85,51.5093136359223,-0.161024136632417,1.30005174848373,0.000135673438629353,0.517234037171164
85.5,51.509319431646,-0.161024353502945,1.28964923627314,-0.0301132426293143,-1.39979187744004
86,51.5093249815243,-0.161024451101767,1.23494436547646,-0.0135519412822179,-0.313248220070262
86.5,51.5093304842106,-0.161024153976569,1.22444333511457,0.0412568784846769,2.79042257847885
87,51.5093360165829,-0.161024878600705,1.23104898913229,-0.100616596865257,-3.76786576012383
87.5,51.5093416549757,-0.161025096867413,1.25464037885513,-0.030307092480496,-1.20115168961687
88,51.5093473366062,-0.161024784597074,1.26426151416521,0.0433598185329342,2.12280398394541
88.5,51.5093529965729,-0.161024512204563,1.25944096255374,0.0378226393395705,1.93387164114692
89,51.5093585001203,-0.161024737742103,1.2246349497092,-0.0313166612867919,-1.02988208041784
89.5,51.5093642522571,-0.161024818945641,1.27995039967026,-0.0112753884164835,-0.522624065761779
90,51.5093698660556,-0.161024489530438,1.24916774856977,0.0457404197309607,1.93661816624203
90.5,51.5093756178682,-0.161024331635283,1.27987825114557,0.0219242757402777,1.56328924809729
91,51.5093813414345,-0.16102476316309,1.27359299349624,-0.0599190864855282,-2.59925485033776
91.5,51.5093868459591,-0.16102492434368,1.22485238434804,-0.0223804640384118,-0.494879820608636
92,51.5093921857061,-0.16102540389036,1.18818652767915,-0.0665866528273331,-2.67790841865014
92.5,51.5093977806094,-0.161025483027364,1.24496321819627,-0.0109884350159243,-0.25718553617945
93,51.5094033717686,-0.161025822704135,1.24413011046598,-0.047165238723825,-1.81669615199867
93.5,51.5094091240915,-0.161025872047217,1.27999182338241,-0.00685144871188152,-0.0783979513899505
94,51.5094148633881,-0.161025250607472,1.2770932541873,0.0862889342710885,4.02655416930156
94.5,51.5094205695802,-0.161025060094129,1.26972692650393,0.0264533953783008,1.0807363336563
95,51.5094262532335,-0.161024863955005,1.2647116388144,0.0272345499303663,1.07510208398313
95.5,51.5094319976455,-0.161025353904344,1.27823152143,-0.0680310372354348,-2.58999055905416
96,51.5094376123573,-0.161025651634193,1.24937097823553,-0.0413407394520128,-1.3588939792568
96.5,51.5094432972134,-0.161025592435648,1.26497930546056,0.0082199058943586,0.548949037079332
97,51.5094490608608,-0.161025016683893,1.28251174080248,0.0799449479731361,3.6382395557826
97.5,51.5094546978227,-0.161024716075359,1.25432200670632,0.0417404384545049,2.19813065150451
98,51.509460200726,-0.1610244617385,1.22449164055861,0.0353154669201343,1.71748600941669
98.5,51.5094656593976,-0.161024250923757,1.21464932122011,0.0292722816005873,1.48427033001022
99,51.5094714316331,-0.161023968884074,1.28442272731494,0.039162080930794,2.06298460208584
99.5,51.5094770941985,-0.161023994197286,1.26001924096987,-0.00351481721991553,0.194862289908607
100,51.5094828628155,-0.16102444188769,1.28361757106941,-0.062163179403397,-1.98335012846273
100.5,51.5094881659732,-0.161024418033468,1.18004477696359,0.00331223114274585,0.685223376707542
101,51.5094940529166,-0.161024547499116,1.30994725530748,-0.0179766961122288,-0.191406896346034
101.5,51.5094996020875,-0.161024380062995,1.23478699528034,0.0232490081010706,1.25495254050039
102,51.5095049717046,-0.161024216220389,1.19483314839138,0.0227500350626497,1.61341381291161
102.5,51.5095106923948,-0.161024739433938,1.27295303322366,-0.0726497543289262,-2.91142223819636
103,51.5095163994603,-0.161024628815782,1.26992128947437,0.0153596574000747,0.963645554554823
103.5,51.509521758571,-0.161025196675487,1.19249529289247,-0.0788489866099637,-3.04457551819641
104,51.5095273708866,-0.161025596604466,1.24883779886078,-0.0555313055309074,-1.93184839005655
104.5,51.5095328684399,-0.161026064987829,1.22330120180951,-0.0650363887628818,-2.65036005136269
105,51.5095385081826,-0.161026158825309,1.25494079126978,-0.0130296046253353,-0.38485192438773
105.5,51.5095440083536,-0.161026543179741,1.22388368568946,-0.0533687148689437,-1.99639889389277
106,51.5095495572049,-0.161026734084965,1.23471589445302,-0.026507734446849,-1.18348313373077
106.5,51.5095552615392,-0.161027041373105,1.26931355419574,-0.0426678287917237,-1.52825595741978
107,51.5095608775045,-0.161026827240433,1.24964993227564,0.0297329244785523,1.22547161904143
107.5,51.5095665547481,-0.161027301976104,1.26328540230968,-0.0659183764588041,-2.84205338107104
108,51.5095718321645,-0.161027591990064,1.17431690697992,-0.0402692453067269,-1.76407059862713
108.5,51.509577537554,-0.161028451304074,1.26954836430055,-0.119318126398541,-4.51084185553121
109,51.5095832298404,-0.161029118500206,1.26663270821181,-0.0926420162857275,-3.8944525615063
109.5,51.5095890267985,-0.161029226095278,1.28992396698088,-0.0149398695182281,-0.432608990510259
110,51.5095945544318,-0.161029376092373,1.22999452963213,-0.0208275037235179,-0.0151673614193409
110.5,51.5095999924477,-0.161029412303867,1.21005309360472,-0.00502806359764843,0.349086893431526
111,51.5096046158078,-0.161029796337599,1.02877802091889,-0.0533241139714663,-1.96027879187245
111.5,51.5096081059809,-0.161030318416311,0.776624205399713,-0.0724920243015216,-5.36940611465127
112,51.5096103959162,-0.161030472712739,0.509550421526099,-0.0214244702063872,-2.31775474107202
112.5,51.509611644893,-0.161027686606014,0.27791906003766,0.386858334041297,12.4886810365958
113,51.5096114183932,-0.161023710072268,-0.0504001552982215,0.552152296815739,29.7239069029926
113.5,51.5096102595578,-0.161019827281686,-0.257861020881634,0.539135822884429,46.6462981342159
114,51.5096084152042,-0.161016721464394,-0.410400743960999,0.431251027594835,65.268703592335
114.5,51.5096074369775,-0.161013829649101,-0.217672457117099,0.40153628702046,73.8242613895985
115,51.5096057206728,-0.161011953351412,-0.38190762488492,0.260528961700536,90.6734842546819
115.5,51.5096037382133,-0.161010928601865,-0.441131722317877,0.142289226650117,104.031731555854
116,51.5096015888395,-0.161010906372674,-0.478273048776561,0.00308658304212872,118.373579416894
116.5,51.5095991159825,-0.161012706170256,-0.550253672589885,-0.249906753081119,133.751610858976
117,51.5095972495786,-0.161013877933934,-0.41530731885781,-0.162702556582572,150.277449280116
117.5,51.5095956762906,-0.161016708185363,-0.350083947017104,-0.392988081036354,163.013379131268
118,51.5095944031957,-0.161019199451327,-0.283285746735698,-0.345919040267875,180.284517442518
118.5,51.5095929877986,-0.161019156477716,-0.314950480248109,0.00596700277823658,179.296584794331
119,51.5095908326276,-0.161019008975041,-0.479563012089707,0.020481148295969,177.506754923511
119.5,51.5095873836185,-0.161018552393706,-0.767464504028476,0.0633975671521732,176.096228418362
120,51.5095825103892,-0.161018270590494,-1.08437824505373,0.0391291510980316,178.646308941441
120.5,51.5095771399981,-0.161018252290589,-1.19500539895536,0.00254099242719832,179.667206112774
121,51.5095714105234,-0.161018133156774,-1.27490776168139,0.0165420618583558,179.535237739593
121.5,51.5095657257291,-0.161018229075513,-1.26496556027108,-0.013318585566328,181.033518755546
122,51.5095602207883,-0.16101814499772,-1.22494505896758,0.0116744384096088,179.514758134343
122.5,51.5095546935652,-0.161018268224648,-1.22990324629722,-0.0171104082055991,180.452340881564
123,51.5095490150204,-0.161018702914885,-1.26357493051026,-0.0603579791103979,182.449458216924
123.5,51.5095432630249,-0.16101858025126,-1.27991902754922,0.0170321962135991,179.644933201199
124,51.5095376762107,-0.161019067471982,-1.24316329033943,-0.0676520034595714,183.23457423166
124.5,51.5095320368892,-0.161019208614518,-1.25484706892783,-0.0195980510067927,180.917592869999
125,51.5095263301226,-0.161019358442128,-1.26985479296731,-0.0208040013217996,181.299509741699
125.5,51.5095206473934,-0.161019661773847,-1.26450605238533,-0.0421185003508685,182.94492974496
126,51.509514897164,-0.16101937033306,-1.27952601444144,0.0404674147145984,179.110621075906
126.5,51.5095093012453,-0.161018237306362,-1.2451892027011,0.157324125107228,173.47933223451
127,51.509503621049,-0.161017852913003,-1.26394242389725,0.0533741671744798,178.179801040639
127.5,51.5094980926804,-0.161017062044105,-1.23015811458161,0.109814524379638,175.413772219726
128,51.5094924530919,-0.161017185858461,-1.25490648128831,-0.0171919977717015,181.140994244775
128.5,51.5094867718542,-0.161016855807408,-1.2641741573724,0.0458285924664268,177.769837304224
129,51.5094809976855,-0.161016709275408,-1.28485291915446,0.0203464164783098,178.825233869731
129.5,51.5094753847821,-0.161017075187203,-1.24896859422004,-0.0508079782991764,182.237831688038
130,51.5094697677966,-0.161017210166588,-1.24987690866445,-0.0187423050077019,181.161625911678
130.5,51.5094641725532,-0.16101717646412,-1.24503892170097,0.00467969242388428,180.286270695013
131,51.5094584425621,-0.161017163723793,-1.27502263196993,0.00176903433926698,180.271020189939
131.5,51.5094529871375,-0.161017542975959,-1.21392681387689,-0.0526603556519892,183.092269062187
132,51.5094473030318,-0.161017746529619,-1.26481231261377,-0.0282640690535411,182.095420306852
132.5,51.5094416175611,-0.161017813574495,-1.26511606006183,-0.00930939413324638,181.304820660008
133,51.5094357523984,-0.161017710728872,-1.3051006528847,0.0142804434642843,180.321437125232
133.5,51.5094302023032,-0.161017754311753,-1.23499265909032,-0.00605162312618491,180.480245831083
134,51.5094245856854,-0.161017589693825,-1.24979508887381,0.0228577311130789,179.09890101201
134.5,51.5094190718148,-0.161016964228021,-1.22693205690444,0.0868479576649405,176.053571784329
135,51.5094134767258,-0.161016948705489,-1.24500456005519,0.00215535423544635,180.084892363022
135.5,51.5094078843796,-0.161017228506703,-1.24439423624756,-0.0388513165123875,181.843479364052
136,51.5094023120386,-0.161017335637875,-1.23994271308278,-0.0148755165744132,180.27610513616
136.5,51.5093969022081,-0.161016919196695,-1.2037813231418,0.0578242380890535,178.210359449774
137,51.509391194419,-0.161016942051481,-1.27008227645458,-0.00317346319441279,180.810859390865
137.5,51.5093854231778,-0.161016615136171,-1.284201483276,0.0453932856757013,178.109345922243
138,51.5093797833604,-0.161016536960398,-1.25495739357647,0.0108549692746568,179.655080908866
138.5,51.509374099562,-0.161016337557605,-1.26474392832785,0.0276877525062376,179.23957695412
139,51.5093684369785,-0.161016393441646,-1.26002325500468,-0.00775968911610733,180.848498100671
139.5,51.5093628677259,-0.161016083837505,-1.23925548007206,0.0429895930844407,178.082523819816
140,51.5093571380398,-0.161016006301515,-1.27495473655313,0.010766138622307,179.547643531361
140.5,51.509351635447,-0.161016280930095,-1.22442253955507,-0.0381331264042429,182.078493650881
141,51.5093460264306,-0.161015778368,-1.24810362611103,0.069782490291481,177.326999244442
141.5,51.5093403203409,-0.161015580790189,-1.26970412516522,0.0274343678447299,178.811834787165
142,51.5093348924041,-0.161015056262556,-1.20781027777868,0.0728324992014141,176.700696133247
142.5,51.5093295913139,-0.161014826436398,-1.17958469558835,0.0319121707380543,178.751358835379
143,51.5093239073639,-0.161015001145937,-1.26477765215554,-0.0242590372801313,181.32982042402
143.5,51.5093185030954,-0.161015555514557,-1.20254365718109,-0.0769760523467701,183.824229135286
144,51.5093130657131,-0.161015664268897,-1.20991205137941,-0.0151009281901776,180.899744593814
144.5,51.5093073427572,-0.161015206150336,-1.27345713885286,0.0636114052702525,177.621187907049
145,51.5093018011493,-0.161014697988913,-1.23310405451435,0.070560044622267,177.527626585934
145.5,51.5092960940649,-0.161014594375898,-1.26992545180482,0.0143870423279424,179.540403420515
146,51.5092904580476,-0.161014934386292,-1.25411180413085,-0.047211680119557,182.183303263664
146.5,51.5092849297913,-0.161014995779174,-1.23013308274599,-0.0085246260437178,181.328682947772
147,51.509279446908,-0.161015006837685,-1.22003680518186,-0.00153551492070264,180.522963365919
147.5,51.509273695456,-0.161015171361237,-1.27979801515623,-0.0228447020489638,181.121111945196
148,51.5092681455045,-0.161015250016704,-1.23496065070866,-0.0109216031123639,180.724741337517
148.5,51.5092624626253,-0.161014991060967,-1.26453936009533,0.0359569682075077,178.883054934535
149,51.509256912443,-0.161014972946371,-1.23501201368075,0.00251527944684168,180.161669134333
149.5,51.5092515196738,-0.161015032231204,-1.19998483153734,-0.0082319217441104,180.66042441767
150,51.5092469359475,-0.161014955211859,-1.01995876378918,0.0106944263995146,179.708214677502
150.5,51.50924365571,-0.161014872552738,-0.7299098274944,0.0114775314029146,179.075575501033
151,51.5092414544418,-0.161014777013283,-0.489820429179417,0.0132660151701937,178.425227229155
151.5,51.5092404378534,-0.16101169999486,-0.226208588334453,0.427255669559886,165.657016319295
152,51.5092402564252,-0.161008246900598,-0.0403709238772792,0.479475227024539,151.395131294523
152.5,51.5092408245187,-0.161004528086565,0.126410672922581,0.516371418019949,138.801838099967
153,51.5092419251506,-0.161001209364587,0.244909724436167,0.460817109186987,124.630280442752
153.5,51.5092512926113,-0.160995898339319,2.08442278399044,0.737455811041652,104.683835193742
154,51.5092537722961,-0.160994247480405,0.551772942019501,0.229227949938847,89.9198074325061
154.5,51.5092562846998,-0.1609936584118,0.559053482595808,0.0817943798666606,73.1874086891873
155,51.5092586619586,-0.160993607262623,0.528981380519761,0.00710225418136848,61.9521281281612
155.5,51.5092627567117,-0.160998507063089,0.911153716222823,-0.680355531810995,43.3773658287807
156,51.5092647796322,-0.16100008116459,0.450134957967317,-0.218569842560298,33.4633281310435
156.5,51.5092664458571,-0.161002612806916,0.370763997055932,-0.351527931492938,16.5849978509895
157,51.5092673384881,-0.161007203284413,0.198625903391205,-0.637404822450921,-1.93181288028462
157.5,51.5092687096941,-0.161007214695776,0.305117171832619,-0.00158451003445471,1.31801195341122
158,51.5092709121517,-0.161007222817898,0.490085082401747,-0.00112778666573714,0.943908341805344
158.5,51.5092744350657,-0.161007528451868,0.783909587087188,-0.0424384034255488,-2.40540022199193
159,51.5092788393163,-0.161007536407389,0.980022280940484,-0.00110465336108416,0.327133890895017
159.5,51.5092842074086,-0.161007281058287,1.19449381413665,0.0354561566939477,1.36938205944375
160,51.5092898466891,-0.161007135218107,1.25483790176061,0.0202504397353699,1.00673011488275
160.5,51.5092956361719,-0.161007618173585,1.28826052905339,-0.0670601173813988,-2.82437594642499
161,51.5093013205479,-0.161007778725083,1.26487243148206,-0.022293154229467,-0.411854494245539
161.5,51.5093068023848,-0.161007936812797,1.21980398489515,-0.0219510464384033,-0.941726787461872
162,51.509312279892,-0.161007552473741,1.21884052666153,0.0533668506764485,2.71842743991142
162.5,51.5093177179196,-0.16100751899259,1.21005563844501,0.00464897675425329,0.812025151169729
163,51.5093232906171,-0.161007569603535,1.2400220396487,-0.00702750872130119,0.146598248240289
163.5,51.5093290873508,-0.161007437850553,1.28987399626222,0.0182943653493018,0.950262753088533
164,51.5093348171523,-0.161007494030624,1.2749804067407,-0.00780079969941244,-0.202257347964168
164.5,51.5093403745959,-0.161006834963215,1.23662777880007,0.0915138073198678,4.45411836437272
165,51.5093459628327,-0.161006389540599,1.24347980154766,0.0618484754118506,3.14657829729501
165.5,51.5093517311241,-0.161005947308125,1.28354509244977,0.0614055054943557,2.99758470293155
166,51.5093572808226,-0.16100583633974,1.23490436593961,0.0154083413754414,0.663830062920018
166.5,51.5093629883825,-0.161005805274883,1.27003126261523,0.00431346155468913,0.641231752379442
167,51.5093687398392,-0.161005973507613,1.27979908010767,-0.0233596865503508,-0.795012952030049
167.5,51.5093745130164,-0.161005727796042,1.28463225455974,0.0341178826585355,2.18123600435894
168,51.5093803033725,-0.161005272399823,1.28845488481097,0.0632332973226177,2.97841994544743
168.5,51.5093859654446,-0.161005140314419,1.25990943760061,0.018340500472817,1.30691324621644
169,51.5093916040231,-0.161005405041843,1.25468171567114,-0.0367582844570345,-0.605239529311762
169.5,51.5093971539492,-0.161005292696214,1.23495502399285,0.0155995628143536,1.25722720020916
170,51.5094027864375,-0.161005764601167,1.25332655166809,-0.0655255582810972,-2.54536456555876
170.5,51.5094082891055,-0.161006032375106,1.22443928054311,-0.0371812896368951,-1.598991406437
171,51.5094140188678,-0.161006109418488,1.27497168965257,-0.0106977248301934,-0.188636190433307
171.5,51.509419434164,-0.161006171016672,1.20499754623141,-0.00855310774886712,-0.0167836944826868
172,51.5094249391124,-0.161006088399394,1.22494669298479,0.0114716758174087,0.583333694678994
172.5,51.5094303755844,-0.161005892637207,1.20970952221155,0.0271822085347812,1.57133254264116
173,51.5094359706505,-0.161005884129746,1.2449994556458,0.00118128813580098,0.0635678632568654
173.5,51.5094415788037,-0.161005363852872,1.2479115871455,0.0722420976311394,3.38193253085002
174,51.5094470616122,-0.161005352339448,1.22002019878412,0.00159867522591425,0.413217530187681
174.5,51.509452701694,-0.16100538335129,1.25501623458115,-0.00430609169960235,0.154948829752819
175,51.5094584301979,-0.161005600784724,1.27469170041785,-0.0301913123120125,-0.853503515837709
175.5,51.5094640477257,-0.161005581909915,1.24999757650637,0.00262082591444774,0.161382829115283
176,51.5094697775677,-0.16100553981702,1.27498946237541,0.00584472869014738,0.383982206287897
176.5,51.5094751927709,-0.161005622412139,1.20497683137737,-0.0114685864063847,-0.131635775868197
177,51.5094809215466,-0.161005416925788,1.27475219760206,0.0285324084338686,1.8888819010642
177.5,51.5094866287779,-0.161005341314026,1.26995817750853,0.0104989230792404,0.383431912450714
178,51.5094925466794,-0.161005999562272,1.31683597082802,-0.0913997591835477,-3.82721338841536
178.5,51.5094982884922,-0.161006562436797,1.27765316346059,-0.0781568197857112,-3.03949329680027
179,51.509503903765,-0.161006824046079,1.24949580596186,-0.0363252306752305,-1.31228676069577
179.5,51.5095095887375,-0.161006865429306,1.26500522617887,-0.00574618403245741,0.0477334639291531
180,51.5095152962453,-0.161006798311453,1.27001970238239,0.00931951212944614,0.948276744023408
180.5,51.5095207790749,-0.161006799995464,1.220024912443,-0.000233829878644454,0.355335974397883
181,51.5095264637382,-0.161006681868673,1.26493641384548,0.016402249895758,1.21395286395799
181.5,51.5095321717879,-0.161006666336877,1.27014030831178,0.00215663502301858,0.954466241599127
182,51.5095380364065,-0.161006735291379,1.30497960479244,-0.00957453153934306,-0.148157199537653
182.5,51.509543631374,-0.161006659509224,1.24497752462424,0.0105225695649984,0.824806523814927
183,51.5095494268575,-0.161006896853651,1.28959585378323,-0.0329559503773392,-1.17074841641676
183.5,51.5095552328949,-0.16100753858045,1.29194427333072,-0.08910558394206,-3.68441144170757
184,51.5095608717226,-0.161007733180713,1.25473719908804,-0.0270207944389555,-0.850181580813545
184.5,51.5095664894727,-0.161007740822311,1.25004707518569,-0.00106105735319824,0.450985754047975
185,51.5095720396737,-0.161007652513701,1.23501623542181,0.0122618961795959,1.20907233861006
185.5,51.5095776304297,-0.161008004571275,1.24404041259471,-0.0488841674964949,-2.30088427489183
186,51.509583200128,-0.161008292680603,1.23935471444951,-0.0400047718636949,-1.81644756373745
186.5,51.5095886786465,-0.161008643803899,1.21906563399277,-0.0487544287276391,-1.82528425665086
187,51.5095943787784,-0.161009118645284,1.26837845283199,-0.0659330149234189,-2.28993364852127
187.5,51.5095998611389,-0.161009232539084,1.2199205524238,-0.0158144614590658,-1.09494139135652
188,51.5096054781018,-0.161009103016463,1.24987191163472,0.0179845631318465,0.741873317193831
188.5,51.5096107320867,-0.161008770120637,1.16910300286996,0.0462234723931993,2.56777430380892
189,51.5096152900706,-0.16100848425125,1.01423066832376,0.0396937220033039,2.45573483410697
189.5,51.50961878608,-0.161008074527325,0.777922891958133,0.0568912486059528,4.24148771753703
190,51.5096210501023,-0.161007821336327,0.50378432813017,0.035156236599758,3.64015764231805
190.5,51.5096221813062,-0.161005093012594,0.251712546645308,0.37883492444972,14.7747039349325
191,51.5096219120897,-0.161001512876318,-0.0599053575736359,0.497111338784022,32.3003928575293
191.5,51.5096215500325,-0.160998171161413,-0.0805640154176018,0.464005907825068,41.9124133858848
192,51.5096204442495,-0.160995326872262,-0.246055960088471,0.394937042741121,64.4219260640096
192.5,51.5096190993981,-0.16099280546345,-0.299252814708133,0.350104267082442,75.6480573867749
193,51.5096171220219,-0.160991384851958,-0.440000593236192,0.197255663063778,93.6679187593921
193.5,51.5096150976309,-0.16099022966892,-0.450462196212505,0.160400227246658,104.05578883954
194,51.5096121375117,-0.160990870153411,-0.658677994647822,-0.088932975220245,116.562711388074
194.5,51.5096100884675,-0.160991348423745,-0.45594796735758,-0.066409111109439,131.889872675524
195,51.5096080966875,-0.160993513332277,-0.443205696934272,-0.300603335004396,147.817142098099
195.5,51.5096064743022,-0.160995817116999,-0.361008939770407,-0.319886676432604,161.38328686565
196,51.50960522828,-0.160998564100448,-0.277261603179645,-0.381426016645849,176.002970043106
196.5,51.5096035918098,-0.160998348747833,-0.364143070115272,0.0299022890947819,177.879968499895
197,51.509600984752,-0.160998402784153,-0.580115691528345,-0.00750308864428054,182.104254089804
197.5,51.5095974820411,-0.160998620477834,-0.779414085660126,-0.0302273563943199,182.228286278571
198,51.5095929430323,-0.160998695498354,-1.01000838635018,-0.0104168030825001,181.226262838136
198.5,51.5095875078782,-0.160998423994592,-1.20941629823245,0.0376990398630465,178.072540346341
199,51.5095819934245,-0.160999035937863,-1.22706183132772,-0.0849700070544626,183.923955833473
199.5,51.5095761115297,-0.160998635406075,-1.30882387570704,0.0556149480305593,177.724287839581
200,51.5095705164743,-0.160998703048012,-1.24499710363538,-0.00939227136956225,180.846418126754
200.5,51.5095649450818,-0.160998501937978,-1.23973170777211,0.0279246920838793,179.204050124181
201,51.5095592660778,-0.160998084554649,-1.2636771443467,0.0579548525478394,177.541721297993
201.5,51.5095536047389,-0.160998291650224,-1.25974632695504,-0.0287558084054674,181.93062244312
202,51.5095479866811,-0.160998278059539,-1.25011554878666,0.00188710551585329,180.697315778707
202.5,51.5095422119379,-0.160998223538131,-1.28498075014778,0.00757045404533632,179.787293102433
203,51.5095365944197,-0.160998250035028,-1.2499954854741,-0.00367917063016282,180.237395816278
203.5,51.5095311341421,-0.160998272523509,-1.21500669122881,-0.00312259103029429,180.387751755387
204,51.509525474156,-0.1609985535732,-1.25944532610534,-0.0390245712243839,182.284067628172
204.5,51.5095199700494,-0.160998370362178,-1.22475940452295,0.0254393890405199,179.165552301596
205,51.5095143072575,-0.160998400678422,-1.26006964322825,-0.00420950013691943,180.823479126029
205.5,51.509508690607,-0.160998238406988,-1.24980238632025,0.0225318713863215,178.797568172568
206,51.5095030280823,-0.16099826772597,-1.26001018943407,-0.00407102835996491,179.889545617329
206.5,51.5094975013804,-0.160998440662275,-1.22978724998721,-0.0240127262154948,181.458658724234
207,51.5094918698674,-0.160998941566666,-1.25310955252826,-0.0695520903114873,183.624271662669
207.5,51.509486140512,-0.160998816190027,-1.27488117847474,0.0174089279068125,179.204174276283
208,51.5094806384915,-0.160999115515033,-1.22429522342841,-0.0415621930488083,181.995771227734
208.5,51.5094749751949,-0.160999101464243,-1.26018194454532,0.00195099550023759,180.888961650298
209,51.509469539142,-0.160999361619875,-1.20961627115668,-0.0361234142932994,182.629172510494
209.5,51.5094638603097,-0.160999787844354,-1.26363889699765,-0.0591825948794449,183.034777615073
210,51.5094582881778,-0.160999930421252,-1.23989622017828,-0.0197972482560508,181.450748683613
210.5,51.5094523129458,-0.160999689693055,-1.3295929910442,0.0334258675703957,178.814061008145
211,51.5094468198813,-0.161000275318393,-1.22230231919794,-0.0813159303575686,183.955770250334
211.5,51.509441072503,-0.160999890462806,-1.27889158851865,0.0534384222142643,177.804244803456
212,51.5094352980495,-0.160999996513915,-1.28491628077455,-0.0147255356999722,180.714563108817
212.5,51.5094297044641,-0.160999789862369,-1.24466996873752,0.028694231548681,178.73918189462
213,51.5094239307821,-0.160999603751423,-1.28474462271425,0.0258421063533818,178.696074772523
213.5,51.5094183650579,-0.161000053954693,-1.23847037607264,-0.0625121867278115,183.388598167907
214,51.5094125479476,-0.160999758858689,-1.29440815212371,0.0409750440815707,178.722233561486
214.5,51.5094068404997,-0.160999824022569,-1.27000635577535,-0.00904821865483187,180.854835898983
215,51.5094011128685,-0.161000082827616,-1.27449748865895,-0.035935935288022,181.758894224429
215.5,51.5093955010073,-0.160999675968481,-1.24873666869264,0.0564937410641155,177.680100255507
216,51.509389794095,-0.160999805552063,-1.26988718336345,-0.0179931126140554,181.086973438265
216.5,51.5093841554014,-0.161000006787498,-1.25470732584475,-0.0279422149544555,181.586208033075
217,51.5093787023182,-0.160999555526778,-1.21340578624853,0.0626590715924271,177.392890384027
217.5,51.5093730303788,-0.160998930749474,-1.26210509932445,0.0867524447885251,176.724634575198
218,51.5093675502121,-0.160998648259533,-1.21943232460953,0.0392246897696771,178.739989554936
218.5,51.5093616882812,-0.160998941573808,-1.30438151857667,-0.040727690634955,182.082570658777
219,51.509356073894,-0.160998632718273,-1.24929872887251,0.0428856529542747,178.460215662975
219.5,51.5093504802126,-0.160998832366612,-1.2446913305637,-0.0277218617623084,181.271283032027
220,51.5093449306014,-0.160998959421253,-1.23488493428847,-0.0176419779773101,181.059736318348
220.5,51.5093392235112,-0.160999077115474,-1.26992674334686,-0.0163422533451777,181.143312195427
221,51.5093336959591,-0.160999022177118,-1.229976409435,0.00762838340598579,179.663285657351
221.5,51.509328171871,-0.160999349690824,-1.22920559301536,-0.0454764320950435,182.617209601933
222,51.5093223236997,-0.160998632800295,-1.30131975799874,0.0995427885081986,176.407256759472
222.5,51.5093166387206,-0.160998633514497,-1.26500664041069,-9.91695130064772e-05,180.190193407096
223,51.5093109987855,-0.160998553884156,-1.25498356422098,0.0110569576456556,179.9060980894
223.5,51.5093053385366,-0.160998299033106,-1.25950375996896,0.0353869838451397,178.454304670524
224,51.5092996986188,-0.160998247312285,-1.25497970672652,0.00718162271251824,179.635605212784
224.5,51.5092942158877,-0.160998232244128,-1.22000294363306,0.00209226827006631,180.061416323701
225,51.5092885371843,-0.160997795920798,-1.2636101882101,0.0605850841652017,177.821161155652
225.5,51.5092829487279,-0.16099823210729,-1.24352865211112,-0.0605660911596334,182.908042615103
226,51.5092772410707,-0.160998198431206,-1.2700529101838,0.00467604805257711,180.352985666842
226.5,51.5092716287199,-0.160998592016814,-1.24884558803795,-0.0546508158971433,182.968675666264
227,51.5092658325383,-0.160998784271081,-1.289751110597,-0.0266952188305051,181.558825328605
227.5,51.5092604401303,-0.160998894562565,-1.19990447939,-0.0153143838523413,180.84104338399
228,51.5092558112924,-0.160998913064604,-1.02999687370468,-0.00256907738272835,180.120659340186
228.5,51.5092524190151,-0.160999030662532,-0.75484063044355,-0.0163289137061288,181.626275386947
229,51.509250193782,-0.160999050132852,-0.495153026390304,-0.0027035271466669,181.771268901522
229.5,51.5092492801393,-0.160995911177113,-0.2033013759668,0.435855816335282,163.295912363891
230,51.5092492293102,-0.160992345515893,-0.0113103578760192,0.495105478545145,149.640167562688
230.5,51.5092497380078,-0.160988893763316,0.113194049044453,0.479288829549262,134.845071017181
231,51.5092506161209,-0.160985626469689,0.195395412766529,0.453676001708899,121.461460942562
231.5,51.5092516796046,-0.160982674047243,0.236643617762251,0.409954945065295,107.470582589397
232,51.509253664647,-0.160980857964449,0.441706420391067,0.252169905595853,88.9790757019693
232.5,51.5092559440634,-0.160979759963325,0.507209763322828,0.152461565585978,76.7069781405101
233,51.5092580739463,-0.160979333629745,0.473935938605586,0.05919801060963,58.2085177189636
233.5,51.5092602203884,-0.160979993839851,0.477620667012018,-0.0916726356980636,44.7014958825754
234,51.509262387473,-0.160982103821414,0.482213973490047,-0.292978795867549,32.9832025295211
234.5,51.5092641103725,-0.160984569889808,0.383375076716841,-0.342422765106921,16.5437956428399
235,51.5092653391355,-0.160987455547159,0.273421128840081,-0.40068424110719,-2.40586315392236
235.5,51.5092668445192,-0.160987419360761,0.334974019294617,0.00502461568255904,1.33826326332759
236,51.5092691113393,-0.160987241030336,0.504406871321028,0.0247618397787675,3.24158769329036
236.5,51.5092722793208,-0.160987169345348,0.704930928073498,0.00995372539644403,0.914622621916636
237,51.5092767284067,-0.160987202060819,0.989998916383215,-0.00454266360297638,-0.0140424833495132
237.5,51.5092820266264,-0.160987585348132,1.1789459524072,-0.0532208475718708,-1.68159663911593
238,51.509287576226,-0.160987711286049,1.23488234948407,-0.0174869389497964,-0.630366594798504
238.5,51.5092932611317,-0.160987833295178,1.26499029929423,-0.0169414104469066,-0.0335407951754313
239,51.5092989459044,-0.160987713004585,1.26496070708198,0.016702783352171,1.36342810339406
239.5,51.5093047147185,-0.160988144946393,1.28366139184676,-0.0599766726217853,-2.1132816656977
240,51.5093103204526,-0.160988733223468,1.24737325129206,-0.0816843763999753,-3.26080279211519
240.5,51.5093159500016,-0.160989283435167,1.25267246525432,-0.0763988533530198,-3.50376780592247
241,51.5093216349965,-0.160989242660974,1.2650101609112,0.00566164122283007,-0.0877980620990677
241.5,51.5093272906196,-0.160988791782108,1.25847444003421,0.0626061202990259,3.24814234485962
242,51.5093328177572,-0.160988668773869,1.22988415280919,0.0170801255548754,0.916762115232782
242.5,51.5093383664323,-0.16098887463581,1.23467664105607,-0.0285846493757391,-1.12675647888045
243,51.5093438939471,-0.160988965069189,1.22996810316046,-0.0125569889985838,-0.170344470033319
243.5,51.5093495342186,-0.160988954501866,1.25505844341232,0.00146730940187236,0.623964297103674
244,51.509354949688,-0.160988987731374,1.20503604762867,-0.00461403151862403,0.275120974696703
244.5,51.509360745039,-0.160989230244714,1.28956631654615,-0.0336738076594173,-1.3225766504645
245,51.509366271735,-0.16098939551985,1.22978590928213,-0.0229490159073944,-1.05975518831629
245.5,51.5093718180418,-0.160989059352724,1.2341496595491,0.0466779452991536,2.57890637156399
246,51.5093773844411,-0.160989481494623,1.2386206017075,-0.0586158267729465,-2.51996808677057
246.5,51.5093829552237,-0.160989710280795,1.23959594283166,-0.0317677279378822,-1.34326853261106
247,51.5093885280196,-0.160989697000717,1.24004393680232,0.00184398314455099,0.574987010644837
247.5,51.5093942963825,-0.160990140156301,1.28356100995113,-0.0615336251314751,-2.32105794941034
248,51.5093999364168,-0.160990173769847,1.25500566388134,-0.00466735196139418,0.0608426676717822
248.5,51.5094054801843,-0.160990606389745,1.23358461699603,-0.0600706953549221,-2.29146699146891
249,51.5094110000299,-0.160991085717018,1.2282615919881,-0.066556159787528,-2.51939510038518
249.5,51.5094166841984,-0.160991258966608,1.26482629004086,-0.0240562694319007,-0.555142785944929
250,51.5094221884728,-0.160991457989388,1.22479673027849,-0.027634957265273,-0.530154562843423
250.5,51.5094275761573,-0.1609918367271,1.1988534573953,-0.0525889512962811,-2.32551733545541
251,51.5094333280221,-0.16099197672578,1.27988990101675,-0.019439265124522,-0.431483891007492
251.5,51.5094390560277,-0.160992212915856,1.27458079349974,-0.032795744545895,-1.59076873352322
252,51.5094448200018,-0.160992781185846,1.28258443752719,-0.07890608877527,-3.30198413379649
252.5,51.5094504755827,-0.160993229056165,1.2584650639327,-0.0621882051683354,-2.88813691582379
253,51.5094561603711,-0.160993298201005,1.26496423318066,-0.00960097780717864,-0.493743092344133
253.5,51.5094619801779,-0.160993284197744,1.29500819285864,0.00194439642466713,0.30724619140909
254,51.5094677073288,-0.160993573844799,1.27439063190725,-0.0402183911518314,-1.44809001281982
254.5,51.5094732996856,-0.160993294188952,1.24439660379522,0.038831076178734,1.89776979321806
255,51.5094789710363,-0.160992664039313,1.2619741176114,0.087498208652519,4.10662926685835
255.5,51.5094845378411,-0.160992251914553,1.23871083687313,0.0572247790166771,3.05625091832454
256,51.509490402765,-0.16099224343542,1.30504753170107,0.0011773533435847,0.543423473511725
256.5,51.5094961742409,-0.160992572808234,1.28425371957301,-0.0457344074086008,-1.45097231454898
257,51.509501810549,-0.160992908795661,1.25417652893438,-0.0466528607401781,-1.65093922816737
257.5,51.5095075139905,-0.16099256736081,1.26911489369771,0.0474092458776069,2.16191233299672
258,51.5095130851264,-0.160992358847068,1.2396745938617,0.0289527504779235,1.59666178863493
258.5,51.5095187632047,-0.160992808768482,1.26347114954888,-0.0624729128059864,-2.55442286448239
259,51.5095243323924,-0.160992494912013,1.23924107153213,0.0435798894308925,2.20813386419402
259.5,51.5095299339166,-0.160991814904327,1.24643653117968,0.094421045856745,4.13036024874972
260,51.5095355950122,-0.160992017531274,1.25969218576497,-0.0281353377476012,-1.0976022686764
260.5,51.5095413164897,-0.160991519591566,1.27312823416558,0.06914036027582,2.96023967759524
261,51.5095467527137,-0.16099131019551,1.20965434335727,0.0290752409064243,1.51895137559423
261.5,51.5095524811563,-0.160990469739801,1.27467808831019,0.116699663229525,5.44583492941975
262,51.5095580495481,-0.160990122817104,1.23906399182851,0.0481711963106647,2.23561293842299
262.5,51.5095638207845,-0.160990452776679,1.28420045245271,-0.0458158131419894,-1.74450723243067
263,51.5095693889662,-0.160990091310463,1.23901723853593,0.050190592585979,2.74016856840437
263.5,51.5095752490717,-0.160990483510383,1.30397536966232,-0.0544580461322046,-1.64068703758666
264,51.5095808858729,-0.160990128406864,1.25428628038472,0.0493071019254404,3.40623496503135
264.5,51.5095865714604,-0.160990150323132,1.26514206157201,-0.00304313388887468,0.731810397726405
265,51.5095921442475,-0.160990238099824,1.24004205153634,-0.0121880324598172,0.171553419075508
265.5,51.5095978258801,-0.160989925879641,1.26426204194858,0.0433526165068874,1.80089610046726
266,51.5096032629595,-0.160990067751332,1.20984469623523,-0.0196992654639893,-0.767103045983492
266.5,51.509608563255,-0.160989797591676,1.17940792801427,0.0375123897837201,1.97712066542125
267,51.509612985272,-0.160990132372597,0.983975679842293,-0.0464852205366049,-2.00675062793164
267.5,51.5096164620173,-0.160989801123607,0.77363627660726,0.0459947989637968,3.26191924684737
268,51.5096185685361,-0.160989553022836,0.468737075118762,0.0344494472165646,4.06925274484884
268.5,51.5096197766483,-0.160986891566704,0.268825957405133,0.369550201530166,15.9442063619514
269,51.5096202095805,-0.160983743655321,0.0963349593955528,0.437095791723425,28.8014515516497
269.5,51.5096198240297,-0.160980538076775,-0.0857917555805589,0.445103033078891,45.1418414474646
270,51.5096181799839,-0.160977346815918,-0.365828783291894,0.443115000266679,60.9785956899491
270.5,51.5096164931254,-0.160974797305092,-0.375355351803976,0.354006326163679,72.5308083464348
271,51.5096145894824,-0.160973083186164,-0.423593680850601,0.238009959946754,88.2549187854893
271.5,51.5096126413476,-0.160971942045912,-0.433493874895622,0.158450357727951,105.724105515068
272,51.5096106285959,-0.160971419212467,-0.447872235966838,0.0725968170031816,118.899245769583
272.5,51.5096084158309,-0.160972461464969,-0.492378690298286,-0.144719544210198,133.004959778006
273,51.5096065633694,-0.160974328488151,-0.41220491365035,-0.259241166723535,151.695414164601
273.5,51.5096049410188,-0.160977219350376,-0.361001203381448,-0.401403972966105,163.837830938628
274,51.5096039775441,-0.160981356766211,-0.214389888990074,-0.574491296822635,180.060860316118
274.5,51.5096024945359,-0.160981375090655,-0.329995100116887,-0.00254439837903231,180.754287779359
275,51.5096004275353,-0.160981268659748,-0.459943585182731,0.0147782182768402,179.76646390775
275.5,51.5095969225101,-0.16098119026062,-0.779929058677815,0.0108859311632086,179.406017999894
276,51.5095925897292,-0.160981489154976,-0.964119079758453,-0.0415022942227214,182.749875913266
276.5,51.5095872873992,-0.160981327609856,-1.17986062973197,0.0224309818187992,179.551785349282
277,51.5095816734986,-0.160980969493624,-1.24919050122142,0.0497254246570167,178.692217330615
277.5,51.5095757637675,-0.160980895127408,-1.31501792526386,0.0103259551579869,180.090383451803
278,51.5095700338621,-0.160980943787354,-1.27500357254516,-0.0067565691617822,180.636162318606
278.5,51.5095641697198,-0.160980811338722,-1.30487362841859,0.0183908641827562,179.065203877303
279,51.5095583865211,-0.160980162789901,-1.28686226814158,0.0900528348496609,176.214681681363
279.5,51.509552690281,-0.160979589608001,-1.26751246572758,0.0795879351841563,176.619117042353
280,51.5095469603926,-0.160979597847917,-1.27499980429537,-0.00114413593984206,180.010970941726
280.5,51.5095412579481,-0.160979986115557,-1.26889303395815,-0.0539120782854944,182.875015453259
281,51.509535640792,-0.160979875530924,-1.24991490283016,0.0153549962410868,179.516182097118
281.5,51.5095300056278,-0.160980254474045,-1.25392201339494,-0.052617355096557,182.768080661589
282,51.5095244718645,-0.16098093985666,-1.2313585432082,-0.0951673818718958,184.823026520515
282.5,51.5095188770703,-0.16098102905672,-1.24493896824864,-0.0123856908128697,180.625232225764
283,51.509513281793,-0.16098104557316,-1.24504648379606,-0.00229335658768378,180.611765600722
283.5,51.5095075768802,-0.160980772778185,-1.26944228595127,0.037878394634967,178.484874216883
284,51.5095022338683,-0.160980386403357,-1.18891303411487,0.0536493016689565,178.239625807057
284.5,51.5094967224049,-0.16097969528356,-1.2263964141053,0.0959640646507904,176.406188596718
285,51.5094909757658,-0.160979265804794,-1.27872712551438,0.0596344273509217,178.10428993591
285.5,51.5094851953907,-0.160978550640918,-1.28623393959156,0.0993026824449933,176.144914875311
286,51.5094794293323,-0.160978039233888,-1.28304823323409,0.0710104327851034,177.077425985827
286.5,51.5094735647597,-0.160977967764488,-1.30496935189635,0.00992374652300181,179.753088632207
287,51.5094677832608,-0.160977281504915,-1.28648401292698,0.095289268349901,175.968174571879
287.5,51.5094621022615,-0.160976941709673,-1.26412109149845,0.0471816281316213,177.944031473936
288,51.5094565072354,-0.160976903095652,-1.24499057925065,0.00536167783098829,179.859099081087
288.5,51.509450828688,-0.160975983452715,-1.26357550856896,0.127695319006451,174.472973639631
289,51.5094451548077,-0.160975411201014,-1.26253698429685,0.0794589613284162,176.824540740885
289.5,51.5094393867362,-0.160974479443949,-1.28349619359287,0.129377436336582,174.288397926918
290,51.5094338401781,-0.160974798466027,-1.23420557233747,-0.0442972370619409,182.092652100545
290.5,51.5094282009296,-0.160974647561746,-1.25483082087997,0.0209535452360912,179.216831851422
291,51.5094223368543,-0.160974507465835,-1.30485868957102,0.0194527706808969,179.282005456743
291.5,51.5094165855677,-0.160974685839241,-1.27976123150216,-0.0247677279164848,181.175873078868
292,51.5094109246525,-0.160974467199658,-1.25965202846124,0.030358821447576,178.924052092364
292.5,51.5094050841525,-0.160974238646968,-1.2996127735547,0.0317352928702143,178.570318636957
293,51.509399265541,-0.160974044052992,-1.29474218677983,0.0270200170428053,179.153992417863
293.5,51.5093938052106,-0.160974065069668,-1.2150184258624,-0.00291823531494691,180.481859176756
294,51.5093881428997,-0.16097413535754,-1.25996259791421,-0.00975970582013545,180.489278688292
294.5,51.5093823477138,-0.160974391982152,-1.28952957588712,-0.0356331893042007,181.915949538335
295,51.509376824233,-0.160974739764763,-1.22907047828649,-0.0482907894615628,182.566779442647
295.5,51.5093711821738,-0.160975511131454,-1.25545623843084,-0.107106881826927,185.171847364943
296,51.5093656321577,-0.160975442080629,-1.23497502879981,0.00958794247416878,179.810346621756
296.5,51.5093602085569,-0.160976080372841,-1.20684545570564,-0.0886290604190101,184.919931382884
297,51.5093544589124,-0.160975761322945,-1.27939580905399,0.0443011766895365,178.929983573317
297.5,51.5093487984904,-0.160976006165619,-1.25954227670839,-0.0339972526389303,181.473381510348
298,51.5093431365285,-0.160976129008669,-1.25988493619608,-0.0170571846044087,180.821134930295
298.5,51.509337520315,-0.160976335932635,-1.24970509675207,-0.028732115884404,181.74792619223
299,51.5093319282055,-0.160976035072187,-1.24434155277025,0.0417755298031445,178.551178760395
299.5,51.5093263568022,-0.160975846232353,-1.23973406239027,0.0262210772365173,178.543449231617
300,51.5093207394935,-0.160975930526442,-1.24994880052719,-0.0117045331044685,180.398992701937
300.5,51.5093150415137,-0.160976472440747,-1.26789952861343,-0.0752467321424684,184.21746956756
301,51.5093092051178,-0.160976913136134,-1.29869949773307,-0.0611921326139774,183.539474998129
301.5,51.5093037035736,-0.16097723435919,-1.22418919471459,-0.0446029769167037,182.175498969316
302,51.5092980200217,-0.160977026006614,-1.26468906721997,0.0289305083427513,179.011134854615
302.5,51.5092923364774,-0.160977239327762,-1.26468736218162,-0.0296204161793381,181.762912907773
303,51.5092867196915,-0.160977398365644,-1.24983248220087,-0.0220829902990365,181.392684031957
303.5,51.5092811696844,-0.160977336430842,-1.23497300868659,0.00859987434923452,179.726282829784
304,51.5092755302061,-0.160977461712562,-1.25488192080989,-0.0173958282646353,180.908348151829
304.5,51.5092699355053,-0.160977298494733,-1.24491813851373,0.0226633994112689,179.767025402498
305,51.5092645431778,-0.160977470148381,-1.19988657187192,-0.0238347470152945,181.959222766109
305.5,51.5092591505537,-0.160977548076034,-1.19995256397924,-0.0108205454811311,180.602593079016
306,51.5092547013388,-0.16097758868814,-0.9900276234298,-0.00563914306145821,180.864583169045
306.5,51.5092516004083,-0.16097759149556,-0.690010911771431,-0.000389820865121117,180.356214890512
307,51.5092494657251,-0.160977602505637,-0.475004118839754,-0.00152879059730226,180.485961337915
307.5,51.5092486442721,-0.160974443639615,-0.182787560863278,0.438620440193041,164.247566044937
308,51.509248600178,-0.16097092589485,-0.00981168840506949,0.488452105172524,148.997463740239
308.5,51.5092490451891,-0.160967421213617,0.099022696924591,0.486638179822366,136.248121126161
309,51.5092502397845,-0.16096406016781,0.265818225433733,0.466693848207579,121.989895182416
309.5,51.5092517603897,-0.160961343597941,0.338361075102935,0.377205928263769,104.564080992548
310,51.5092540225534,-0.16095965121674,0.503370724476783,0.234993473747754,88.2795779847928
310.5,51.509256036274,-0.160958476562699,0.448087827831461,0.163105109702187,75.5148788432607
311,51.5092580651094,-0.160958077369507,0.451451141343133,0.0554294661540609,62.135948808844
311.5,51.5092604134257,-0.160959256883286,0.522541180070298,-0.163779886684567,46.0203833382996
312,51.5092624502174,-0.16096109940091,0.453221547606356,-0.255840431711442,30.5839197854407
312.5,51.5092640073186,-0.160963450079202,0.346482058379389,-0.326400421214001,12.880924094687
313,51.5092650777195,-0.160966795381475,0.23818281426398,-0.464507648431662,0.391907431851245
313.5,51.5092663545979,-0.160967008295497,0.2841276145304,-0.0295639021361002,-2.04020101142192
314,51.5092684396659,-0.160967284377995,0.463963859656136,-0.0383350776072213,-1.95096610266032
314.5,51.5092718493756,-0.160966958580842,0.758719666840196,0.0452381383543629,4.17361252859603
315,51.509276567826,-0.160967065918948,1.04993719670941,-0.0149042910405582,-0.294892182568822
315.5,51.5092817346389,-0.160966875513712,1.14970565703931,0.0264384647397434,1.5514986320859
316,51.5092869674819,-0.160966605926009,1.16439848970784,0.0374332361157555,1.85607238857498
316.5,51.5092926233903,-0.160967042958808,1.2585379063705,-0.0606835910981891,-2.77871217121725
317,51.5092981058895,-0.160966961941112,1.21995134596831,0.011249599887971,0.659828044410401
317.5,51.5093034029957,-0.160966562862077,1.17869817059534,0.055413560029908,2.68192545282949
318,51.5093090103426,-0.16096559144343,1.24773212591934,0.13488495823119,6.26582150330314
318.5,51.5093147183092,-0.160965527490894,1.27012176471226,0.00888003753047372,1.28933737245634
319,51.5093204263737,-0.160965512994574,1.27014355273334,0.00201286547637916,0.957003568570986
319.5,51.5093260888449,-0.160965490492665,1.25999822527756,0.00312446941875554,0.246665943655985
320,51.5093318184431,-0.160965606909192,1.27493519114312,-0.0161648435685162,-0.286020491726789
320.5,51.5093373687738,-0.160965515515519,1.23504503476704,0.0126903308855096,1.35419486857431
321,51.509342952078,-0.160966098425388,1.24238221123612,-0.080939062766985,-3.43752345152947
321.5,51.5093485670164,-0.160965824382991,1.24942136824791,0.0380517353973706,1.80401923216316
322,51.5093542734338,-0.160965650235116,1.26977705437832,0.0241810321457308,0.896988202582739
322.5,51.5093598659739,-0.160965927115842,1.24443736690529,-0.0384458376054298,-1.36455948906901
323,51.5093653940793,-0.160966009731735,1.23009951920516,-0.0114714984805501,0.369383659687626
323.5,51.5093709893832,-0.160966028132897,1.24505235621202,-0.00255506377863748,0.420861534930979
324,51.5093766222438,-0.160966485156505,1.2534094029984,-0.0634592708849604,-2.6198823414377
324.5,51.5093821229864,-0.160966843822931,1.22401083267058,-0.0498020379828452,-1.97447373086081
325,51.5093876718127,-0.160967042245048,1.2347102784018,-0.0275515741534832,-0.972101373453021
325.5,51.5093932657956,-0.160966852038736,1.24475841620948,0.0264107789151594,0.764493296276142
326,51.5093988797639,-0.160966530195371,1.24920552829236,0.044689015885577,1.89297810807495
326.5,51.5094046770489,-0.160966434923489,1.28999667424537,0.0132288144033834,1.16050091083017
327,51.5094102923884,-0.16096668967363,1.24951064377834,-0.0353728910507961,-1.37864168384975
327.5,51.5094156624317,-0.160966540651657,1.1949279744081,0.0206921863326707,1.75921371452723
328,51.5094211679392,-0.16096654213636,1.22507110446218,-0.000206155845656341,0.607749481940345
328.5,51.5094267859133,-0.160966500571895,1.25009690976593,0.00577135990242354,1.02540521659408
329,51.5094324033462,-0.160966396771405,1.24997644537473,0.0144130309425943,1.21983465462765
329.5,51.5094382007151,-0.160966364822975,1.29001535341981,0.00443614128391743,-0.144968493283909
330,51.5094439080697,-0.160966434756195,1.26998561745867,-0.00971044937747852,-0.780953661098531
330.5,51.5094496602749,-0.160966361614992,1.27996565112427,0.0101558867741511,0.629176870204445
331,51.5094553677665,-0.160966373477744,1.27001608162303,-0.00164718037142654,0.223446385329961
331.5,51.5094608947299,-0.160966191366485,1.22984544621534,0.0252867165480068,1.92785538322633
332,51.509466467066,-0.160966320520999,1.23994164901586,-0.0179335050490994,-0.214078223498439
332.5,51.5094719500397,-0.160966324380791,1.22005695008403,-0.000535944081174423,0.529003524331671
333,51.5094776331911,-0.160966557247393,1.26459999100569,-0.0323342422190439,-1.20196237590229
333.5,51.5094833405125,-0.160966471478647,1.26997821351647,0.0119092520996596,0.956844359744882
334,51.5094891571015,-0.160966794761535,1.29429218415016,-0.0448888098814387,-1.38905159841762
334.5,51.5094948387388,-0.16096710638841,1.26426306140594,-0.0432703315672257,-1.82887495099356
335,51.5095004318006,-0.160967347902664,1.24455348028144,-0.0335349786282862,-1.37780909001604
335.5,51.5095060268418,-0.160967279936606,1.24499393569244,0.00943728996001776,0.830082623512498
336,51.509511711794,-0.160967385362948,1.26500071784722,-0.0146387602270045,0.00280371003227428
336.5,51.5095173721444,-0.160967634702122,1.25952635668031,-0.0346214794508834,-1.67912010922469
337,51.5095228076092,-0.160967890287698,1.20948542145603,-0.0354888064082035,-1.86063173141351
337.5,51.5095286045979,-0.160968029684155,1.28993076402275,-0.0193556043257343,-0.237852576779578
338,51.5095341500225,-0.160968399846519,1.23395340068957,-0.0513981165502224,-2.03258477770564
338.5,51.5095396740401,-0.160968726279198,1.22918995878502,-0.0453261176197042,-1.74381553656464
339,51.5095454568683,-0.160968066147323,1.28677980581288,0.0916612005634249,4.52750513342575
339.5,51.5095510969538,-0.160968055994249,1.25501709285748,0.00140978314731146,0.370243197618716
340,51.5095567433528,-0.160968739735317,1.25642195299232,-0.0949393810688568,-4.18027999543765
340.5,51.5095624955174,-0.160968816103471,1.27995663856516,-0.0106039329416348,-0.420947149273339
341,51.5095681355084,-0.160968839306906,1.25499605959836,-0.00322186168284242,-0.115133231074211
341.5,51.5095736310326,-0.160969375153279,1.22284968981262,-0.0744037570093498,-2.71010525655002
342,51.5095790196047,-0.160969733278286,1.1990509907766,-0.0497266458170656,-1.706339999563
342.5,51.5095847039883,-0.160969584186178,1.26487417893835,0.0207018482057323,1.41323818210317
343,51.509590360288,-0.160970016015443,1.2586250336453,-0.0599606706613306,-2.20456082738526
343.5,51.5095960227916,-0.160970036641228,1.26000551110596,-0.00286394614649076,0.0834913786242375
344,51.5096017330164,-0.160970801712451,1.27062431063629,-0.106232198562031,-4.23542519082582
344.5,51.5096070787718,-0.160971045592371,1.18952353134225,-0.0338633793665669,-1.80398873697012
345,51.5096115867188,-0.160971492070737,1.00309661363697,-0.0619947094967308,-3.27432229563784
345.5,51.5096149573155,-0.160971560372568,0.750016374061692,-0.00948389036757925,0.092958360472963
346,51.509617245521,-0.16097178974918,0.509165508501419,-0.0318495491365224,-2.14131601633044
346.5,51.5096183358731,-0.160968902944412,0.242622296753435,0.400840466541738,16.232594859638
347,51.509618095282,-0.160965133606657,-0.0535357090281223,0.523382505412886,31.1597850343731
347.5,51.5096177590025,-0.160961768812934,-0.0748280334482487,0.467210501457081,40.2832956917327
348,51.5096168067612,-0.160958577561362,-0.211890234359902,0.443113724181941,55.4776991807064
348.5,51.5096153142313,-0.160955986768761,-0.332113866093022,0.359738419247694,75.4825695620653
349,51.5096135110364,-0.160954069866767,-0.401242219884142,0.266166932745343,91.2707787177205
349.5,51.5096114489092,-0.160953139270175,-0.458859157868346,0.129215814264166,105.199537935072
350,51.5096091151029,-0.160953245919222,-0.519312493657901,-0.0148085048631696,117.910509328266
350.5,51.5096069083582,-0.160954078486709,-0.491039053802998,-0.115604223538926,132.30377447191
351,51.5096047738411,-0.16095747480037,-0.474967183525569,-0.471587262017543,152.630678198801
351.5,51.5096031573139,-0.160959364682069,-0.359705405534859,-0.262415152702446,165.077627444291
352,51.5096021355644,-0.160962642383754,-0.227357027807451,-0.455117697271605,180.966307122628
352.5,51.509600630924,-0.160962733670657,-0.334808646367568,-0.0126754325086845,183.142993819636
353,51.5095982037504,-0.160962739431905,-0.540088345687658,-0.00079996489027866,181.124677259092
353.5,51.5095946757956,-0.160962795749823,-0.785031281149009,-0.00781989570937597,181.337095584144
354,51.5095904151705,-0.160963234839776,-0.948063163591245,-0.060968836963702,184.065550570888
354.5,51.5095849787317,-0.160963023655467,-1.20970218647855,0.0293235205519269,179.170158384188
355,51.5095794732201,-0.16096299677852,-1.22507205043259,0.00373193812682375,180.470914848629
355.5,51.509573836911,-0.160963326312311,-1.25417678833771,-0.0457566817950238,182.331386584836
356,51.5095681527539,-0.160963482744133,-1.26482378560665,-0.0217209954998444,181.214846554011
356.5,51.5095626048086,-0.160963217814883,-1.23451429637652,0.0367861709941565,178.868477584592
357,51.5095569665226,-0.160962981749599,-1.25461665311766,0.0327783322299829,178.987353457267
357.5,51.5095513967284,-0.160963271704357,-1.23937605705005,-0.0402610429922358,182.257968980155
358,51.509545690669,-0.160963060667954,-1.2696974391799,0.0293030084931088,179.106511157113
358.5,51.5095399381573,-0.160963051433947,-1.28003387424746,0.00128216847638631,180.363374572662
359,51.5095344577357,-0.160963309455817,-1.21948908592073,-0.0358270838947612,181.969274132423
359.5,51.5095287101424,-0.160963684694643,-1.27893943833849,-0.0521030043537585,182.292609630616
360,51.5095229578469,-0.160963732330269,-1.27998575790766,-0.00661434616434534,180.416932474129
360.5,51.5095172447813,-0.160964438718498,-1.27125641583494,-0.0980840884162812,184.834344535954
361,51.5095117619019,-0.160964413584035,-1.2200359930822,0.00348999472670442,180.305739566117
361.5,51.5095060545409,-0.160964455217131,-1.26998703593063,-0.00578087953881497,180.292384360511
362,51.5095005282786,-0.160964660905799,-1.22968944847048,-0.028560488521739,181.665889516209
362.5,51.5094948434061,-0.160964798228309,-1.26498295549602,-0.0190676448325918,181.674325704184
363,51.5094891594027,-0.160964608556802,-1.26478958388007,0.0263364642072399,179.382336114001
363.5,51.5094837693702,-0.160964887298593,-1.19937593311721,-0.0387041478321463,181.810109891623
364,51.509477793368,-0.1609647049392,-1.32976436968113,0.0253211612123698,178.745412505472
364.5,51.5094722656062,-0.160964759630446,-1.23002309986761,-0.00759404822282486,180.85216101888
365,51.5094666478698,-0.160964821986301,-1.2500440025735,-0.00865830395371096,181.020225183721
365.5,51.5094607839889,-0.160964981150057,-1.30481544022084,-0.0221003841412837,181.084510179524
366,51.5094550990542,-0.160965045023631,-1.26499679924343,-0.00886904606443318,180.782163173625
366.5,51.5094494086694,-0.160964331216021,-1.2662095388836,0.0991144384688052,176.178378362024
367,51.5094437491746,-0.160964022127652,-1.25933596225141,0.042917900396027,178.639274434447
367.5,51.5094382888064,-0.160963978451328,-1.21502684553222,0.00606459690396622,180.190306278315
368,51.5094326770129,-0.160963564962338,-1.24872159260677,0.0574142717248402,177.830433312886
368.5,51.5094272513244,-0.160962983938137,-1.20731000923442,0.0806770823727576,176.295339848876
369,51.5094216562539,-0.160962970043303,-1.24500044885397,0.00192934276269908,179.809964831446
369.5,51.5094161538952,-0.160963253673995,-1.22437044059491,-0.03938304499907,181.982654467462
370,51.5094105170433,-0.160963560953897,-1.25429753402761,-0.0426668201815941,182.29522148809
370.5,51.5094047264951,-0.160964009454792,-1.28849762577418,-0.0622758250213453,182.673801149551
371,51.5093991120814,-0.160964310034125,-1.24930463460071,-0.0417364345867932,182.005083675244
371.5,51.5093935435866,-0.160964654807118,-1.23908687268512,-0.0478728762611903,182.457450136205
372,51.5093880393457,-0.160964828528618,-1.22478926765139,-0.0241218108443809,181.507128882647
372.5,51.5093823779079,-0.160964633914689,-1.25976830703231,0.0270227977604112,179.321380445183
373,51.5093767377967,-0.160964556861203,-1.25502276909377,0.0106991365245702,180.109629732944
373.5,51.509370965069,-0.160964282174751,-1.2845322451327,0.038141146034489,179.008188757372
374,51.5093655043381,-0.160964305985662,-1.21510754764511,-0.00330622627294648,180.93398842708
374.5,51.5093599800614,-0.160963994265962,-1.2292475714749,0.0432833484954464,178.206970188009
375,51.5093543430926,-0.160963694818424,-1.25432353099347,0.0415793219322431,178.357071225744
375.5,51.509348755626,-0.160963226689596,-1.24330842114778,0.0650013077800711,177.19133148066
376,51.5093430935973,-0.160963104608045,-1.25989978130153,0.0169514478792697,179.497444464949
376.5,51.5093373807483,-0.160963812321175,-1.27120819433807,-0.0982684417771381,184.483268196227
377,51.5093319439666,-0.160963644937749,-1.2097784176559,0.0232417766373977,178.80468814097
377.5,51.5093262366897,-0.160963796276933,-1.26996829351148,-0.0210139798347293,181.805159334546
378,51.5093205986613,-0.160964046796786,-1.25455928863526,-0.0347855700084681,182.053922499081
378.5,51.5093148245643,-0.1609638985145,-1.28483692020299,0.0205895238592355,179.180007112812
379,51.5093091622596,-0.160963819364056,-1.25996121092362,0.0109903225975101,179.281966461638
379.5,51.5093035692318,-0.160964068445297,-1.2445458739866,-0.0345858264962009,181.964602980394
380,51.5092977728185,-0.16096423093393,-1.2898026826223,-0.0225621342147046,180.99771426429
380.5,51.5092922374129,-0.160964882102058,-1.2317239338175,-0.0904170599546687,183.748360969266
381,51.5092866003643,-0.160965175131324,-1.25434127404101,-0.040688183050544,181.784856268932
381.5,51.5092810609174,-0.160964620878646,-1.23262318545383,0.0769600165015725,176.779909783009
382,51.509275667888,-0.160964660082393,-1.20004275985671,-0.00544358458772126,180.808985527863
382.5,51.5092698705488,-0.160964673635453,-1.29000870878894,-0.00188189259140629,180.310102459952
383,51.5092643669363,-0.160964457760323,-1.22464941359823,0.0299750641929719,178.892546960447
383.5,51.5092591142747,-0.16096405043331,-1.16880848141141,0.0565588763842812,178.223713065623
384,51.5092543726646,-0.160963954490991,-1.05509063451643,0.0133219506098183,180.319330374178
384.5,51.5092510931584,-0.160963805150273,-0.729747107822848,0.0207365198413816,178.984520572584
385,51.5092486900135,-0.160963665766802,-0.534741487236075,0.0193539196755057,178.987436020862
385.5,51.5092481998565,-0.16095989949127,-0.109068468677079,0.522961542608759,159.538860675013
386,51.5092481668087,-0.160956239666031,-0.00735370475562674,0.508180518691014,145.347440449031
386.5,51.5092484463738,-0.160952908320488,0.0622081019255055,0.462569873044643,136.240309691724
387,51.5092493745937,-0.160949935633073,0.206545042794441,0.412768833022045,118.37782081259
387.5,51.5092509142434,-0.160947307438286,0.342598828790318,0.364934722976329,105.514288300379
388,51.5092531452452,-0.160945627621121,0.496436647729205,0.233248914717116,88.6360024707324
388.5,51.5092553786533,-0.160944775711784,0.496972107050832,0.118290801473441,74.7301449769528
389,51.5092576026063,-0.16094477663902,0.494868192077424,-0.000128750235626779,59.6414589424323
389.5,51.5092600798261,-0.160945961145848,0.551224459751086,-0.1644731914954,47.6260878578155
390,51.5092624301687,-0.160949152914042,0.52299205437421,-0.44318889667582,31.0028708518271
390.5,51.5092641062083,-0.160951469396485,0.372947930043105,-0.321652199811266,16.6707128579837
391,51.5092650591666,-0.160954989618994,0.212049798285718,-0.488795973170705,-4.530851411958
391.5,51.509266293447,-0.160955089718108,0.274648819567002,-0.0138991334506197,-2.81375263589743
392,51.5092686708543,-0.16095532841218,0.52901443440869,-0.0331435560075464,-2.78500290156901
392.5,51.5092719506649,-0.16095547167706,0.729814862750915,-0.0198928579011403,-0.682289023540327
393,51.5092762200465,-0.160955422356879,0.950011575953757,0.00684828881578676,0.91360151427309
393.5,51.5092815871189,-0.160955734193659,1.19426686917882,-0.0432996797816721,-1.54421911402481
394,51.509287224687,-0.160956002795993,1.25445688162085,-0.0372964138767826,-1.46100006567991
394.5,51.5092926395953,-0.160956123938062,1.20491117747206,-0.0168210160784212,-0.405167383474115
395,51.5092984358111,-0.160956320295845,1.28975874732838,-0.0272649877243291,-0.722460988240177
395.5,51.509304304824,-0.160957062875851,1.30595734958162,-0.103109904000306,-4.18630834077403
396,51.5093099332274,-0.160958058863381,1.2524175777636,-0.138296432761457,-5.9056628742875
396.5,51.5093155029495,-0.160958350796516,1.23935995081125,-0.0405359556077472,-1.52676789332
397,51.5093212949947,-0.160958755449487,1.2888307037713,-0.0561874990588723,-1.96772748783891
397.5,51.5093271146481,-0.160958696265814,1.29497402165067,0.0082178616384915,0.341470288699305
398,51.5093326850076,-0.160958949491605,1.2395017885029,-0.0351612897734666,-1.57868318014613
398.5,51.5093382781667,-0.160959184530187,1.24457510268853,-0.0326359279121131,-1.62635289420993
399,51.5093439730914,-0.160959790352293,1.2672197247863,-0.0841205047192826,-3.58579362090337
399.5,51.5093498153333,-0.160959769871795,1.30000035111614,0.00284378794487693,-0.00688507336476157
400,51.5093555451685,-0.160959813164098,1.27498790365332,-0.00601128515203344,-0.166777797174593
400.5,51.5093611629206,-0.160959875334947,1.25004748051341,-0.00863263521127059,0.24145953659205
401,51.5093668656747,-0.160959495956174,1.26896188779704,0.0526780346310527,2.90949213073674
401.5,51.5093724697621,-0.160960125461956,1.24700685106932,-0.0874090109900395,-3.41830002505959
402,51.5093779059862,-0.160959885667288,1.20965434743894,0.0332962982271912,2.35800093508792
402.5,51.5093837243201,-0.160960132784216,1.29468040676874,-0.0343130142363404,-0.690799147414009
403,51.5093892693347,-0.16096053048603,1.23386214026761,-0.0552222241998225,-1.84349930869346
403.5,51.5093949760082,-0.160960381050829,1.26983402664408,0.0207495737391835,1.07149600129586
404,51.5094006209178,-0.160961096031133,1.25609050733623,-0.0992773767642998,-4.31900035136953
404.5,51.509406460909,-0.160961358175061,1.29949955110167,-0.0363995455187459,-1.38849907249642
405,51.5094120782191,-0.160961275283003,1.24994912446554,0.0115098331770753,0.422154219037977
405.5,51.5094177630762,-0.160961221280754,1.26497951927616,0.00749838782411673,0.43474232125542
406,51.5094233502367,-0.16096074394995,1.24324034044191,0.0662789256670095,2.87675266271826
406.5,51.5094291916931,-0.160960902526581,1.29982557657748,-0.0220188751525409,-0.723677594443335
407,51.5094349983649,-0.160961528323035,1.29208540767961,-0.0868938392701241,-3.70581625275297
407.5,51.5094404127625,-0.160961363500856,1.20479758787688,0.0228860840052996,1.37353799877355
408,51.5094460964056,-0.160961565539526,1.26470938580757,-0.0280537086647203,-0.944612833327305
408.5,51.5094514214849,-0.160961453035915,1.18492270258552,0.0156214805570523,1.13245444784617
409,51.5094570826389,-0.160961649711697,1.25970516625769,-0.0273090480827277,-1.16461228398346
409.5,51.5094626913741,-0.160962159147217,1.24804109437652,-0.0707367085311613,-2.76266577968686
410,51.509468240697,-0.160962311995889,1.23482079776164,-0.0212235115422775,-0.854774243581652
410.5,51.5094738336068,-0.160962058186586,1.24451967762891,0.0352422035925835,1.93500438333958
411,51.5094793655459,-0.160961337313228,1.23095261350313,0.100095474201788,4.36116548356361
411.5,51.5094849086357,-0.160961794062814,1.23343383622303,-0.0634210716718522,-2.36354262606519
412,51.5094905163319,-0.160962331386495,1.24780989655252,-0.0746090209101542,-2.9725552300838
412.5,51.5094962684158,-0.160962438454017,1.27993866432849,-0.0148666480316915,-0.307369114085889
413,51.5095019700256,-0.1609620112334,1.26870730216573,0.0593208621079122,3.37179292310225
413.5,51.5095075424323,-0.160962124507551,1.23995735187125,-0.0157284530570491,-0.176884570746333
414,51.509513452301,-0.160962196656279,1.31504854223246,-0.0100180645285119,0.221449235700459
414.5,51.5095189766381,-0.160962508384099,1.22926104574225,-0.0432843252802289,-1.66728197307721
415,51.5095246139635,-0.160962229610672,1.25440291037573,0.0387085060536166,1.77204413833416
415.5,51.509530343561,-0.160962104831764,1.27493504937326,0.0173259142719706,1.29986060568507
416,51.5095361182068,-0.160962208994618,1.28495908765025,-0.0144633134312129,-0.190086580681416
416.5,51.5095418889309,-0.160962560924744,1.28408645540282,-0.0488665092715231,-1.89400177233318
417,51.5095474167881,-0.16096257769059,1.2300443391438,-0.00232798552858378,0.389988668731656
417.5,51.509553049203,-0.160963057276033,1.25331023627276,-0.066591800663071,-2.40226544867923
418,51.5095588417654,-0.160963958793417,1.28894585623142,-0.125178232823356,-5.32134084920158
418.5,51.5095643885706,-0.160963649911516,1.23426059387844,0.0428891184422016,2.16181622390873
419,51.5095699878135,-0.16096437588459,1.24592890547081,-0.100803385420925,-4.6438439884711
419.5,51.5095756941938,-0.160964555488381,1.26976883034546,-0.024938483995235,-0.858977325129435
420,51.5095812873877,-0.160964323194554,1.24458290136038,0.0322546375430719,1.42011737828363
420.5,51.5095869948649,-0.160964313066017,1.27001292615857,0.0014063751291531,0.32962488611563
421,51.5095926790742,-0.160964462961351,1.26483540966808,-0.0208133747265857,-0.757038244902588
421.5,51.509598162774,-0.160965244500846,1.22021854510561,-0.108518870999893,-4.65186716624647
422,51.5096035771043,-0.16096544317239,1.20478263357255,-0.0275860774310972,-0.579435509180032
422.5,51.5096090816473,-0.160965582908033,1.22485653722767,-0.0194026670411191,-0.673672866050764
423,51.5096135279729,-0.160965836899408,0.989384769732446,-0.0352673770168994,-1.7463274576767
423.5,51.5096170783141,-0.160965737547138,0.790012649406628,0.0137953255343894,2.05203766292353
424,51.5096193149822,-0.160966099027431,0.497697553957159,-0.050192492337727,-4.0513591891384
424.5,51.5096205029772,-0.160966236370165,0.264349547726681,-0.0190704005053166,-3.17489184158734
425,51.5096208847987,-0.160966217826228,0.0849619327910464,0.00257487451576155,1.46625963539897
