0,51.5092544612951,-0.16104548492636,38.8258169179317,-0.171608935070612,-0.00281812507982984,-0.21669472918166
0.5,51.5092319735918,-0.161035351500966,37.4471600046381,-0.171616016771522,-0.00281271596733538,-0.216696097136271
1,51.5092499706999,-0.161062431654553,33.6683905962855,-0.171605005910105,-0.00278630718113268,-0.21668160109542
1.5,51.5092658691281,-0.161034717869713,37.1249925608281,-0.171598853095929,-0.00275786600063259,-0.2166760626055
2,51.5092520113191,-0.161044920654181,34.7065461413004,-0.171571757045722,-0.00272128526766944,-0.216654369669175
2.5,51.5092604943044,-0.161059389305546,37.1526013428811,-0.171558248115847,-0.00269839966994789,-0.216643344520242
3,51.5092489786954,-0.161009183685875,37.9627253122162,-0.171540414460515,-0.00266410630712921,-0.216624750388546
3.5,51.509262288454,-0.161020115327056,36.9550380858127,-0.171555610940128,-0.00266564437460234,-0.21662704634214
4,51.5092959818664,-0.161036018372621,32.9191318061203,-0.171552359729354,-0.00267084272972497,-0.21663017068103
4.5,51.5092589850143,-0.161014066473203,28.2620056685992,-0.17154836867615,-0.00266742920597483,-0.216628354481839
5,51.5092904354459,-0.161062163245163,36.2123957024887,-0.171543543776094,-0.00266809326741047,-0.216625029153335
5.5,51.5093080063955,-0.1610397523941,31.7011671345681,-0.171556697998105,-0.00265770144336393,-0.216626947834021
6,51.5092674917809,-0.16103326560898,31.1704722689465,-0.171543021943844,-0.002665515655355,-0.216627908888405
6.5,51.5093017736348,-0.16101171783344,35.6645010786597,-0.17154951558454,-0.00266759753560367,-0.216625608818733
7,51.5093258329563,-0.161030103508355,38.4398490476888,-0.17155585155953,-0.00265326317914793,-0.216625193094851
7.5,51.5093096482047,-0.161007556162722,41.0618401523679,-0.171550195930734,-0.00265910418751489,-0.216622213876228
8,51.5093181592376,-0.161010830371937,34.1736934620421,-0.171554228189986,-0.00265430228183095,-0.216623321893545
8.5,51.5093336012361,-0.161025030256728,37.738617959898,-0.171554751099858,-0.00265291653810598,-0.21662406106936
9,51.5093221723385,-0.161042638478478,33.4432489662431,-0.171547061885182,-0.00265597189662606,-0.21661503522482
9.5,51.5093284675034,-0.16103927525071,31.5097845732234,-0.171551190111806,-0.00264792457110622,-0.216620022776497
10,51.5093496331656,-0.161072360653275,31.193306299625,-0.171550852389198,-0.00264663470934688,-0.216618780936832
10.5,51.5093541487459,-0.16105398339361,37.5668554371223,-0.171556688957845,-0.00264249368473206,-0.216619341500588
11,51.509344558787,-0.161049463395186,29.418835460674,-0.171559450096844,-0.00263468469819241,-0.216614030584338
11.5,51.5093556491555,-0.161032855259934,35.8924384119455,-0.171547812227454,-0.00263678845786096,-0.216624917381673
12,51.5093596171817,-0.161037646840048,35.6444042548537,-0.171561587967819,-0.00263600166806843,-0.21662214026333
12.5,51.5093806932882,-0.161027078679622,36.2705220354255,-0.171566250920285,-0.00264032917628613,-0.216620546356425
13,51.5093755045666,-0.161056041202044,37.9813887481578,-0.171564072266728,-0.00264453266237297,-0.216621317623402
13.5,51.5093868813479,-0.161070690165324,41.9200925405603,-0.17156092533202,-0.00264107576913387,-0.216622338753782
14,51.5093830450087,-0.16104005484872,33.2023673113436,-0.171559887864093,-0.00262977440124928,-0.216621331194493
14.5,51.5093817684156,-0.161010164543395,43.0929065940436,-0.171579797306591,-0.00263706813653673,-0.216623668468625
15,51.5093933258887,-0.161031062752617,37.5269026742317,-0.171571634511362,-0.00262744411272302,-0.216622586791732
15.5,51.5093953384687,-0.161015703082736,34.1071474000346,-0.17157013712952,-0.00263142600574714,-0.216621966783013
16,51.5094123835938,-0.161066943896104,34.1535187021364,-0.171574975402739,-0.00263194146577696,-0.216624030996853
16.5,51.509412919396,-0.161000992315484,36.2004031308461,-0.171575472661173,-0.00262688359770692,-0.216613105859436
17,51.5094034536432,-0.161034185900201,42.2426351341419,-0.171573493024806,-0.00263009539090336,-0.216619562746497
17.5,51.5094309187031,-0.161028300704298,35.0953131176066,-0.171574154191363,-0.00264090707187804,-0.216618702976649
18,51.5094348866323,-0.160997073879442,35.9112028081436,-0.17156896219373,-0.00263802374402935,-0.216619133486864
18.5,51.5094384511969,-0.161013817057908,36.2233659846243,-0.171580688087123,-0.00262235464455254,-0.216612943781553
19,51.5094326023307,-0.161000035432946,34.1183207191061,-0.171571867662755,-0.00262716787347727,-0.216623800068725
19.5,51.5094454211307,-0.161038061376659,35.8119524659123,-0.17156788050704,-0.00262720484413622,-0.216611616701189
20,51.5094536707795,-0.16106373026361,36.9543242284562,-0.171569721100897,-0.00262241042229075,-0.21661851719444
20.5,51.5094348022766,-0.16100247037576,35.3786849244498,-0.171571970321395,-0.0026181957423787,-0.216611274894591
21,51.5094490921868,-0.161018376426257,34.9518657450099,-0.171573137790454,-0.00262881954131411,-0.216617140396096
21.5,51.5094636226766,-0.160987481279914,39.9737660859246,-0.171570714431091,-0.0026226738972251,-0.216611987199493
22,51.5094883795718,-0.161090154560502,33.4639767860062,-0.171588941303362,-0.00261582747220901,-0.216623657052618
22.5,51.5094924582099,-0.161078741018362,30.246355086565,-0.171590245283116,-0.002612582802221,-0.216615491046718
23,51.50950980935,-0.16108140044165,33.4479104166385,-0.171589787841723,-0.00261189693907454,-0.216613546786683
23.5,51.5094904390616,-0.161038172388888,35.931484676199,-0.171576252630226,-0.00262185526606719,-0.216606580542834
24,51.5094841778293,-0.16101146380647,38.2449749505613,-0.171585207140151,-0.00261820693511531,-0.216612602472411
24.5,51.5094973679612,-0.161027244271202,40.3082216796465,-0.171584496761431,-0.00262003597973127,-0.216615877821721
25,51.5095032579499,-0.161054810475189,36.0117845179047,-0.171588543818826,-0.00261080438211255,-0.216615552799263
25.5,51.5095270803134,-0.16101725925368,39.948202624917,-0.171594716239397,-0.00261811004384035,-0.216616676132817
26,51.5095075968047,-0.161048990303164,33.0041190593038,-0.17158132781747,-0.00260119011557214,-0.216603036953978
26.5,51.5095040528468,-0.161029634953128,34.4670040574856,-0.171592062034585,-0.00260378456465734,-0.216610219673936
27,51.509524129428,-0.161047546769545,34.1001858606469,-0.171592038210705,-0.00260766279657773,-0.216612683985178
27.5,51.5095510312678,-0.161015891514122,35.4927956538741,-0.171602414032565,-0.00260246474849349,-0.216613387945025
28,51.509547484743,-0.161057780922855,31.0772905198392,-0.171596324575273,-0.00260031727304285,-0.216610395345711
28.5,51.5095561834389,-0.161064553754262,37.888414404355,-0.171602243885415,-0.00260752767989533,-0.216613517094385
29,51.5095423561655,-0.161026916596957,35.6238459413871,-0.171605699660641,-0.0026040342477779,-0.216614562530524
29.5,51.5095591244271,-0.16104817605748,34.788454790134,-0.171602666172496,-0.0026031450262126,-0.216611758150158
30,51.5095818527463,-0.161037975961441,35.4043556251563,-0.171590429739095,-0.0026032055487214,-0.21660518943301
30.5,51.5095699417353,-0.161020030770181,38.8027691380121,-0.171604132417175,-0.00260022968652591,-0.216606453328128
31,51.5095521042354,-0.161004776784638,37.0658287673723,-0.171594065860757,-0.00259889212826304,-0.216606599457648
31.5,51.5095667446481,-0.161036372147646,35.628127215663,-0.171600250335804,-0.00260079571676311,-0.216607812796404
32,51.5095808769587,-0.161015535111203,37.0709595158696,-0.171600054480638,-0.00259452677761908,-0.21660923921356
32.5,51.5095709827938,-0.160973032432409,39.7559508276172,-0.171624295076081,-0.00262711775203968,-0.216622759322921
33,51.5095958523863,-0.161094555894292,36.3058037403971,-0.171635985280336,-0.00264976519284762,-0.216641487793819
33.5,51.5095928011511,-0.161028550941224,39.4276366147678,-0.171653100379689,-0.00267617155974951,-0.216649584128883
34,51.5096141948702,-0.161054486044276,35.8848564843647,-0.171666684343038,-0.002711145120751,-0.216664665788756
34.5,51.5096014459255,-0.161024562018257,37.4114636715967,-0.171651866213116,-0.00271321519436047,-0.216660909829682
35,51.5095943357427,-0.16102106084321,36.5313017326407,-0.171635352739177,-0.00270722081430023,-0.216647463190861
35.5,51.5096056713672,-0.16104748140416,37.451392689487,-0.171621415549544,-0.00271425141486916,-0.216655392896965
36,51.5095938321704,-0.161026200977877,37.4406166959088,-0.171621695620993,-0.00272176632342633,-0.216659878179509
36.5,51.5095922027176,-0.161001327995265,39.0475896268617,-0.171621560164108,-0.00272034596784937,-0.216649132724397
37,51.5095995557612,-0.161013484939577,36.0385311068967,-0.171631553878749,-0.00273005337630464,-0.216654579315826
37.5,51.5096005889751,-0.161039842609355,38.6176135998685,-0.171631704751633,-0.00273162847359127,-0.216665464285831
38,51.5096277847568,-0.161041824962121,40.3294672386255,-0.171637963187488,-0.00273907304503755,-0.216663400962022
38.5,51.5096106440805,-0.161041563292331,37.3530032474082,-0.1716602196483,-0.0027364298542215,-0.216673155258912
39,51.5095869832684,-0.161025583675829,36.5887637473643,-0.171675503292444,-0.0027496974304775,-0.216675579311732
39.5,51.5095988238821,-0.160996007940965,43.5390156952199,-0.171689576306886,-0.00274661271084185,-0.21667921666683
40,51.5095747312987,-0.161023448498441,38.8103518316057,-0.17171186258557,-0.00276202177746748,-0.216686126835017
40.5,51.509594763607,-0.161031100737254,37.4035050049424,-0.171723612355074,-0.00278288842495161,-0.216700066457388
41,51.5095977843692,-0.161001225126785,31.5051214937121,-0.171754038275897,-0.00282752327946736,-0.216720742383006
41.5,51.509589090721,-0.161014801190444,33.67156947474,-0.171757216354276,-0.00285112189290686,-0.216730896300927
42,51.5095764174422,-0.161010575029973,36.3808530117385,-0.171784350898764,-0.00288200010735473,-0.216744515959399
42.5,51.5095785915446,-0.161011465427106,38.3899437314831,-0.171779828952524,-0.00287612534015011,-0.216747839824391
43,51.5095737363881,-0.161042012464134,35.7522027296945,-0.171782910400596,-0.00289225977716766,-0.216745280144583
43.5,51.5095762916141,-0.161019569302036,33.5140256865416,-0.171785905383985,-0.00287118626883866,-0.21674706370937
44,51.5095425223876,-0.160995475896905,38.9683074469212,-0.171791766413603,-0.00287814045489315,-0.216744782330676
44.5,51.5095748597991,-0.161003965953153,37.1019937423989,-0.171784039679064,-0.00288048246938535,-0.2167436891132
45,51.5095347706104,-0.160977598285569,34.8382672888692,-0.171782933792743,-0.00286401994800184,-0.216740332292228
45.5,51.5095472165291,-0.160991340613607,34.7208321595099,-0.171793665918997,-0.00287485357752956,-0.216749644630778
46,51.5095461890133,-0.161055849182843,30.449891530443,-0.171788716561347,-0.00286984040656725,-0.216737355140255
46.5,51.509538747874,-0.161031835880382,37.742961270269,-0.171797711525623,-0.00285964951911293,-0.21673432569863
47,51.5095311055074,-0.161030390011096,38.4179261790123,-0.171800625314485,-0.00286869432931546,-0.216744146360738
47.5,51.50952301251,-0.161021941026623,37.1216281533707,-0.171796348307058,-0.00287403687275427,-0.216737752321793
48,51.5095163937545,-0.161044876159192,32.3335083131678,-0.171805449324356,-0.00286401458729104,-0.216738218982779
48.5,51.509495781575,-0.160987339140434,35.0885843397118,-0.171797464534333,-0.0028687002341777,-0.216737742038009
49,51.5095173043041,-0.161048649388356,32.6636979589239,-0.171799459696999,-0.00286420653774886,-0.216743308564609
49.5,51.5095212216148,-0.161043848866879,34.5307465079241,-0.171782834033941,-0.00287433881245699,-0.216735183993304
50,51.5095113354843,-0.161037724364511,36.2683920322452,-0.171802812354513,-0.00286941942804962,-0.216743466549739
50.5,51.5095014086594,-0.161046615653513,39.5173422321677,-0.171797745420862,-0.00285853552035835,-0.216734642373566
51,51.5094806792435,-0.161055465051949,35.0278802216053,-0.171801646549133,-0.0028754896317445,-0.216751364512871
51.5,51.5094755367932,-0.160982190759423,38.2431444278918,-0.171800336017739,-0.00286556564999563,-0.216742424348999
52,51.5094873683736,-0.16102293579706,33.8636930270586,-0.171797232445207,-0.00286072821074452,-0.216736975417147
52.5,51.5094675095656,-0.160999999168653,31.4248478626832,-0.171800319948693,-0.00285949294021544,-0.216738695681823
53,51.5094624651028,-0.161014059802659,36.600274999626,-0.171800903484838,-0.00286072610648246,-0.21673739645191
53.5,51.5094370839109,-0.161046335422611,29.6111513667274,-0.17180470634191,-0.0028506412766575,-0.216740824549289
54,51.509465190513,-0.16103516599102,34.3554383600131,-0.171807861658334,-0.00284242954991944,-0.216728049278241
54.5,51.509427878435,-0.160971352159034,39.1195268242154,-0.171808585222813,-0.00284532379666368,-0.216737647741403
55,51.5094342718116,-0.161013855898121,39.9313930277713,-0.171812846458177,-0.00285268858890529,-0.216742025484857
55.5,51.5094411496197,-0.161009281663166,39.9220162963029,-0.171798983570453,-0.00284013387269017,-0.216737490146936
56,51.509421904751,-0.161029606234215,38.9729880706873,-0.171814682336428,-0.00284526697016075,-0.216732457129116
56.5,51.5094344548499,-0.161013281408719,38.2612071626354,-0.171803309707091,-0.00284046113616835,-0.216735813268149
57,51.5094269175356,-0.161030261798325,32.8958449875936,-0.171807699026263,-0.0028407844417982,-0.216735141719287
57.5,51.5094031731323,-0.161045956614606,33.6318376979325,-0.171802622876867,-0.00284144886929616,-0.216728968317013
58,51.5094203828267,-0.16100705721185,34.2528105683159,-0.171793971321702,-0.00284274571362151,-0.216726465638474
58.5,51.509414566046,-0.161050473756715,36.8656321617309,-0.171807951557066,-0.00283195251462888,-0.216732161509489
59,51.5093873976916,-0.161032122116382,34.2366999997757,-0.171810699442369,-0.00283483391340745,-0.216736352369251
59.5,51.5093947648952,-0.16100024562911,40.9397015236318,-0.171807044837469,-0.00282923380443833,-0.216737615511712
60,51.5093629955275,-0.161006489715776,36.1884526289068,-0.171812307138723,-0.00283642178488543,-0.216728210182886
60.5,51.5093840210143,-0.161009512249731,38.2957562459633,-0.17181907329274,-0.00282698691518533,-0.216728159820509
61,51.5093746515832,-0.161032856430252,37.4987195623107,-0.171827315563717,-0.00283146601838662,-0.216738572495651
61.5,51.5093726241983,-0.161064203091356,37.1212963729631,-0.171829245244353,-0.00282842841908041,-0.216731440050826
62,51.5093481094224,-0.161043223314798,30.7379473042674,-0.171825971502774,-0.00283281882134498,-0.216733753494588
62.5,51.5093498840706,-0.160987864138099,38.5070808378514,-0.171826380837227,-0.00283899564605518,-0.216731437557497
63,51.5093543633868,-0.161037278524622,35.6880450560711,-0.171829974219907,-0.00282954937040184,-0.216733001412629
63.5,51.5093490199478,-0.161032104032178,38.8335034693591,-0.171827637408921,-0.0028361592011741,-0.216727676818894
64,51.5093200432861,-0.161031280193682,35.0666512267198,-0.171831420727489,-0.0028309908490186,-0.216732574400036
64.5,51.5093310587897,-0.161034296025799,35.3793765683658,-0.171830551775072,-0.00282861729189767,-0.216727445979651
65,51.5093244164555,-0.161037217244151,32.3114812863059,-0.171830084951495,-0.00282593360762907,-0.216726694117701
65.5,51.5093397193082,-0.161061459064409,37.1808579824865,-0.171815427263821,-0.00282470914596441,-0.216730736763256
66,51.509313737266,-0.161032912879865,37.6120135253295,-0.171811881424069,-0.00282523491083673,-0.216720509011665
66.5,51.5092887353166,-0.161002145509665,33.5803677481599,-0.171823418814868,-0.00283012729824537,-0.216733709111063
67,51.5093111601376,-0.160990377164193,38.7958011608571,-0.171823304610676,-0.00281990398169947,-0.216725212735794
67.5,51.5093099098604,-0.161019805317371,33.4705917122774,-0.171827215823164,-0.00280649584410517,-0.216729296887248
68,51.5092705674026,-0.161025750387891,36.9894051353913,-0.171826284576124,-0.00281395093851756,-0.216720737019189
68.5,51.509273593859,-0.161032743970167,40.2904445899185,-0.171831515625005,-0.0028140298923853,-0.216723705894154
69,51.5093113837463,-0.161046621414522,31.1677713848185,-0.171834321055825,-0.0028134170195195,-0.216731986869879
69.5,51.509288573438,-0.1610214404522,38.7603329333942,-0.171836558841376,-0.00282121932793308,-0.216727838240916
70,51.5092743972497,-0.161011826717725,33.8457969774026,-0.171828424828391,-0.00280731269063622,-0.21672485005928
70.5,51.5092801775545,-0.161025420133112,34.9142031865194,-0.171833638755752,-0.0028032651260981,-0.216723166484092
71,51.5092542529704,-0.161014143254909,32.7429193088319,-0.171832683515742,-0.00281179471299794,-0.216721722943263
71.5,51.5092491875698,-0.161015027930061,39.2541560567915,-0.171825100696435,-0.00277460565083371,-0.216713968332895
72,51.5092437046475,-0.161000555266742,39.7912921928801,-0.171799338709632,-0.00275080342120711,-0.216692159551159
72.5,51.5092679042967,-0.161012681763682,42.8047633506358,-0.171786587891406,-0.00271859560231608,-0.216676265135383
73,51.5092403314359,-0.161030469321928,31.2360585625283,-0.171769664394435,-0.00267121009172516,-0.216660903569121
73.5,51.5092394576969,-0.160999906231989,35.7917328926269,-0.17174608519321,-0.00267409494206826,-0.216649891013373
74,51.5092328443332,-0.160986877077903,39.4803707925603,-0.171738602110604,-0.00266544426994186,-0.216645526632293
74.5,51.5092315879284,-0.160998824254936,45.7962048617192,-0.1717289496866,-0.00265801542159299,-0.216642081095699
75,51.5092481758712,-0.161014245840212,32.1406293173786,-0.171702240060797,-0.00265537362358086,-0.21663187142285
75.5,51.509240211822,-0.160986743621943,35.6718328627758,-0.171698089912487,-0.00262773184088625,-0.216630932718773
76,51.5092586545227,-0.161025201572025,35.7636644721497,-0.171686779937055,-0.00262067992679005,-0.216617452294134
76.5,51.5092378164741,-0.161039473663408,39.1177026219666,-0.171690198210788,-0.00261815068080079,-0.216620087062461
77,51.509259180724,-0.161031645652426,36.3120240482967,-0.171691740505899,-0.00261286549299459,-0.216617489705681
77.5,51.5092505434607,-0.161008433036254,35.3191140494309,-0.171705661319039,-0.00260781286543555,-0.216622497119512
78,51.5092232227584,-0.16098994891436,38.6708043871913,-0.171707149387447,-0.00260382877799221,-0.216619757837338
78.5,51.5092491037273,-0.1609710477437,37.5871353929397,-0.171729870528708,-0.00259783455645954,-0.216622784270685
79,51.5092433856457,-0.16098430433563,37.2186532176565,-0.171748193166042,-0.00260037062186531,-0.216634319079498
79.5,51.5092519169198,-0.160979508741018,29.4578261475544,-0.171733912354226,-0.00257128978910652,-0.216616024442523
80,51.5092259901004,-0.161024451096347,36.3523699133657,-0.171716179544112,-0.00253634714232944,-0.216601240388847
80.5,51.5092490554033,-0.161027438830011,34.557918868959,-0.171700165923296,-0.00250566932205172,-0.21657597515051
81,51.5092678921492,-0.161030586833072,37.9816369137261,-0.17169920650411,-0.00247865628199452,-0.21657799820727
81.5,51.5092839146391,-0.161022599877662,34.9325506663881,-0.171695762273431,-0.00247307138821564,-0.216564928658353
82,51.5092839537093,-0.161044773625341,34.1992861188482,-0.17169287081926,-0.00246042893656333,-0.216568156767845
82.5,51.5092477354132,-0.161010059226003,37.538883948233,-0.171693482381318,-0.00246867622664984,-0.21657114527327
83,51.5092800789835,-0.160971866458723,37.3141027439851,-0.171685135760092,-0.00245886125473212,-0.216568114179144
83.5,51.5093048115295,-0.161013648558958,31.779722831212,-0.171690272404884,-0.0024613870795856,-0.216566752886332
84,51.5092774458167,-0.16101825588472,35.6533363380004,-0.171701976963829,-0.00246188414696761,-0.216572674105547
84.5,51.5093054677461,-0.161004031915896,40.1271392724011,-0.171702211031108,-0.00245650162629894,-0.216567839683954
85,51.5093240487528,-0.161040444955298,34.2362646043766,-0.17169274388865,-0.00246891069618253,-0.216562703096956
85.5,51.5093107984989,-0.161020281336582,34.3556381764356,-0.171686697239155,-0.00246506188711305,-0.216565251901539
86,51.5093194138637,-0.16100868223235,36.4752685523126,-0.171687621353553,-0.00246323476784917,-0.216561801142715
86.5,51.5093170997986,-0.161004027724408,34.0351122652646,-0.171690374077804,-0.00246608220225415,-0.216567058681187
87,51.5093212219505,-0.161005708722619,35.1621165683027,-0.171699089483539,-0.00246367157287899,-0.216565766616344
87.5,51.5093332647889,-0.161003993136823,38.6649523838423,-0.171714946403581,-0.0024599059562894,-0.216568771112481
88,51.5093539863573,-0.16102812017583,38.9254926904105,-0.171706479682355,-0.00245443755990057,-0.21657025091637
88.5,51.5093440906145,-0.161034556898176,31.562695492059,-0.171705913375631,-0.00245469781571399,-0.216566213633925
89,51.5093449831798,-0.161023051038568,36.2460120820906,-0.171702466597357,-0.00243000032454949,-0.216562558349747
89.5,51.5093568311099,-0.160968184604776,39.6648624369409,-0.171707199392674,-0.00243400285753972,-0.216569688568956
90,51.5093722293642,-0.161005069830862,31.894547570264,-0.171692189856558,-0.00243727942611233,-0.216559519679294
90.5,51.509370077377,-0.160992702116271,36.8415192665998,-0.171703038037042,-0.00244144537863064,-0.21656593593186
91,51.5093567705941,-0.161014857468949,35.5215128439013,-0.171701285904384,-0.00244303291860805,-0.216560889423331
91.5,51.5093761546113,-0.160985180528427,37.9700850236695,-0.171710302560261,-0.00244215480495735,-0.216565106922671
92,51.50941415597,-0.161008406773184,35.4800310481805,-0.171703105091791,-0.00243726084835001,-0.216561832307304
92.5,51.5093838643817,-0.161028802772216,36.0912698199973,-0.171714248300622,-0.00244257773751473,-0.216563896396965
93,51.5094218103632,-0.161006706812535,35.2019009734504,-0.171708168839859,-0.00244384063726625,-0.216560316099531
93.5,51.509406176939,-0.161022145495787,34.6878764852881,-0.171706826498924,-0.00243810489322042,-0.216560570920799
94,51.5093928940042,-0.160975578087963,39.2420959339943,-0.171703079993443,-0.00243500450649724,-0.216557111815362
94.5,51.5094072295551,-0.16100313568055,31.6878652956802,-0.171705550500711,-0.00242785248121826,-0.216559719215622
95,51.5094169240237,-0.160989403730246,39.3129368110094,-0.171696277784979,-0.00242770737208576,-0.216560049423272
95.5,51.5094220271358,-0.160996539171976,37.5098810542841,-0.171714595299786,-0.00242672249352555,-0.216559867750761
96,51.5094352729483,-0.161000592588627,39.3077556614298,-0.171714156933568,-0.00243754138930037,-0.216564311484247
96.5,51.5094369213078,-0.160987631529128,39.0221596208867,-0.171705564083319,-0.00242863280107724,-0.216557756026293
97,51.5094500176966,-0.160966247209741,38.6409023148008,-0.17170862755205,-0.00242859416072796,-0.216555843014516
97.5,51.5094227452766,-0.161000463619704,39.2573932488449,-0.171703740138892,-0.00242559338530033,-0.216559244443032
98,51.5094561546392,-0.161037954682497,33.5360154355876,-0.17170562652052,-0.00242979223896362,-0.216556470201689
98.5,51.5094602843232,-0.160999817899055,38.2030254486017,-0.171707745122911,-0.0024283650056999,-0.216557426859644
99,51.509447627034,-0.161033181759066,36.3390870043077,-0.171701713088215,-0.00243007446182372,-0.216558584731899
99.5,51.5094698156726,-0.161025144349599,32.4248763583601,-0.171702926495184,-0.00242301543163797,-0.216555483573163
100,51.5094695378214,-0.161017004245006,37.285811503185,-0.171721846176547,-0.00242420468691513,-0.216559286168535
100.5,51.5094657007875,-0.160995335555451,36.9812484518625,-0.171709849130462,-0.00242249642286629,-0.216552889112891
101,51.5094855704333,-0.16100716143482,36.1438897405751,-0.17172370790784,-0.00241371182450481,-0.216563301262862
101.5,51.5094932438388,-0.161050764678181,36.1327983173542,-0.171715923009163,-0.00242574912088707,-0.21656018335278
102,51.5095207214804,-0.161061070839931,34.1883048263844,-0.171714724535816,-0.00242094990872152,-0.216555572153443
102.5,51.5094892526965,-0.161024045849071,40.9440918075852,-0.171727300284616,-0.00241228790173035,-0.216552948184973
103,51.5094856942924,-0.160990836534915,40.6531052335631,-0.171712274131846,-0.00242709823892237,-0.216551178631547
103.5,51.5095151208694,-0.161046503811444,34.4251833236776,-0.171727317207723,-0.00240942920442722,-0.216554272544881
104,51.509500707277,-0.160988398989707,36.1230991203338,-0.171731152932626,-0.00241687315817372,-0.216555545711088
104.5,51.5095177301809,-0.160979383343174,36.2702774403151,-0.171737528148087,-0.0024092243504253,-0.216553846211056
105,51.5094995684298,-0.160968321188909,36.6546002477407,-0.171733807043645,-0.00241360339203791,-0.216554468234647
105.5,51.5095396386881,-0.161041182278688,34.5307589387521,-0.171734349983078,-0.00240667775979169,-0.216554672703345
106,51.5095386680368,-0.160963733507479,35.9806990642101,-0.171728264629693,-0.00241278680644925,-0.216553670875483
106.5,51.5095458926626,-0.160991874474328,41.0185797067825,-0.171725999910867,-0.00240837763739014,-0.216560875811062
107,51.5095657671869,-0.160954840985399,40.262084227521,-0.171731498418519,-0.00241235323387872,-0.216552768731982
107.5,51.509537645775,-0.161015709128681,38.7968444696162,-0.171724099694616,-0.00240505766760095,-0.216546955534822
108,51.5095658964165,-0.160987447201519,40.2326695823576,-0.171727357259412,-0.00239829445655605,-0.216548886682718
108.5,51.5095717889087,-0.1609914816882,44.0627828808501,-0.171734770849203,-0.00239228828988424,-0.216547668201378
109,51.5095846926486,-0.161060853161309,33.434662348358,-0.171736846420348,-0.0024014536641375,-0.216549639152173
109.5,51.5095746790358,-0.161000735172242,35.9112385169137,-0.171731334332606,-0.00240359265499226,-0.216550663268052
110,51.509583409876,-0.16100619792284,36.0358954337426,-0.171739700427032,-0.00239320359283101,-0.216547783309387
110.5,51.5095820731663,-0.161004318942958,35.1615387122147,-0.171757365202078,-0.00243613111701187,-0.216567447665653
111,51.5096044500722,-0.161034664112472,39.9902998369653,-0.171768775526144,-0.00245790242998518,-0.21657929216594
111.5,51.5095763576054,-0.161017984190245,41.420205442002,-0.171784660359505,-0.00249142418225485,-0.2165884510936
112,51.5096114668292,-0.161016988933175,37.4671368636191,-0.171809295459539,-0.00251587036870721,-0.216605998737907
112.5,51.5096187447062,-0.161019284317829,36.3309192969464,-0.171792354806067,-0.00251720509173052,-0.216602223067754
113,51.5095984729414,-0.161020562191236,38.3998643711675,-0.171766706317629,-0.00251604361908259,-0.216591100908519
113.5,51.5095937887598,-0.160963201788178,32.146878735628,-0.171761026809157,-0.00252561565813601,-0.216594005726356
114,51.5096020083799,-0.16099581786934,35.166768804891,-0.171766045804283,-0.00252553241523125,-0.216597523585472
114.5,51.5096095135144,-0.161031452733265,35.2387328203768,-0.171752894332065,-0.00254337376693453,-0.21659855691867
115,51.5095979770611,-0.161005228501359,38.5719885237049,-0.171755708542868,-0.00254706389965925,-0.216599037555328
115.5,51.5096074600166,-0.161031145961358,32.2184971878305,-0.171774756279762,-0.00254723223398084,-0.21660430146272
116,51.5095930627883,-0.160988331673643,34.3056971128099,-0.171776564292779,-0.00254270904421513,-0.216603451897731
116.5,51.5096054394554,-0.160997429775613,35.8619902632199,-0.171783888127283,-0.0025443703765692,-0.216602747917293
117,51.5096044651282,-0.161003373248756,36.8982940078713,-0.171810990625106,-0.00255912451662114,-0.21661809868347
117.5,51.5096192826921,-0.16102661056353,34.854575545527,-0.171831892265635,-0.00256576491293857,-0.216625299389739
118,51.5096063731885,-0.161000612810603,43.0270825114567,-0.1718467918861,-0.00256706599050536,-0.216624481714791
118.5,51.5095781602384,-0.161012118121287,34.2037649804261,-0.171866365330688,-0.00260040897789909,-0.216645712347812
119,51.5095847846549,-0.160996575604546,40.0596718855668,-0.171881029078975,-0.00263754583223025,-0.216658911649379
119.5,51.5095991667907,-0.161034851429476,35.4062269807328,-0.171887256385045,-0.0026543197137501,-0.216661491517736
120,51.5095958666622,-0.161001217244453,31.0335519437212,-0.171919504699043,-0.00267903412529689,-0.216678997500269
120.5,51.5095752696111,-0.160990872080328,33.9201723677106,-0.171917760438328,-0.00268703676729759,-0.216680302990766
121,51.5095648812156,-0.161012706545815,35.9900318940636,-0.171928905928855,-0.00268524142022121,-0.216688898661547
121.5,51.5095751066456,-0.16097688289212,35.7030499163084,-0.171913452615162,-0.00268352987433477,-0.216683378107195
122,51.5095645221896,-0.16101719020127,31.4298486104235,-0.17192078865688,-0.00268000810819561,-0.216679594588336
122.5,51.5095519713823,-0.160986045379928,39.7419173261151,-0.171923402040829,-0.00267764097570671,-0.216686872878778
123,51.5095482968193,-0.160972902836163,36.6662791506387,-0.171932733777382,-0.00267859095997025,-0.21668685942163
123.5,51.509556510787,-0.161023830873082,35.7654189702589,-0.171928332808675,-0.00268316199490539,-0.216680438900562
124,51.509550991346,-0.161028879003071,35.5377720282413,-0.171933494937284,-0.00268981899696288,-0.216683572897692
124.5,51.5095462402992,-0.161004659558626,39.7646062660497,-0.171938352016618,-0.0026846329939053,-0.216688758941463
125,51.5095263695495,-0.16098152745837,34.9831290196162,-0.171944772126152,-0.00267471050615025,-0.216677555705355
125.5,51.5095179798166,-0.160964615001261,36.5721720815636,-0.171938254518225,-0.0026780689110917,-0.216681993162479
126,51.5095143342946,-0.160995533359884,34.1296676232014,-0.171931743804362,-0.00267199817196059,-0.216679086058699
126.5,51.5094998280383,-0.161004475890864,37.2827255635057,-0.171923070821983,-0.00268228819757439,-0.216688209816221
127,51.5095042737858,-0.160995936881362,33.5559488898143,-0.171930460479579,-0.00266562507066077,-0.216676524338173
127.5,51.5094895572541,-0.16101719150205,37.7258265016135,-0.171922874720201,-0.00266513920659184,-0.216675895659569
128,51.5095103610407,-0.160991779337547,38.0917429258116,-0.171933813253158,-0.00266944287554673,-0.216680193146549
128.5,51.5095030226627,-0.160994142464183,32.9129915230442,-0.17192508360205,-0.00266721916047235,-0.216671167497043
129,51.5094707155852,-0.160982733833248,33.3165688531008,-0.171936972454928,-0.00267194194913666,-0.216670780201186
129.5,51.5094711208124,-0.160987516420035,37.7892121507321,-0.171941419655773,-0.00266624302947583,-0.216673977770634
130,51.5094783938316,-0.160967597778654,35.1271513001993,-0.171940188596982,-0.00267317407086639,-0.216680641408437
130.5,51.5094734115766,-0.160975564952379,34.4987934881356,-0.17194581605113,-0.00266308555968013,-0.216681170904531
131,51.5094681935612,-0.160990668829163,41.4069919779431,-0.171945125909188,-0.00265505652099633,-0.216677057097776
131.5,51.5094600832742,-0.161020001026648,37.3301094085909,-0.171947990395871,-0.00265699389902211,-0.216681911948842
132,51.5094526332102,-0.160969107612476,41.0522518244106,-0.171947365769775,-0.0026600541248958,-0.216673415362147
132.5,51.5094284858421,-0.160999652064534,43.2949355728924,-0.171936210003295,-0.00265161534728766,-0.216673869213535
133,51.5094365988708,-0.160930974245873,35.3637275560759,-0.171934910021623,-0.00264905818280113,-0.21666453637725
133.5,51.5094298838547,-0.161014557721543,33.73383169109,-0.171933184830535,-0.00265770376348105,-0.216667271000803
134,51.5094192435975,-0.16100618942571,34.7006049887277,-0.171929186604471,-0.00265599878416561,-0.216665749039336
134.5,51.5094016884066,-0.16101433949643,36.2854816881008,-0.171933848493008,-0.00265408068026847,-0.216670660772314
135,51.5094261576599,-0.160987877995915,39.9703786624596,-0.171937956927824,-0.00264494291499903,-0.216667892810954
135.5,51.5094080154513,-0.160997419700339,37.3009263633285,-0.17195154321203,-0.00264799255179272,-0.216671104619215
136,51.5094134705306,-0.161010356508661,35.801988031948,-0.171951902911604,-0.00264360536143801,-0.216672875812094
136.5,51.5094117797627,-0.160990892111147,38.4789007271174,-0.171945117589838,-0.00264952039665796,-0.216669591583857
137,51.5094178897121,-0.160978787749086,40.3395187715068,-0.171942012475782,-0.00264509842334037,-0.216670728982155
137.5,51.5093861462324,-0.161005104261584,35.3462316326331,-0.171952357163382,-0.00263225656732021,-0.216669029899292
138,51.5094167246282,-0.160975795621363,40.71541142161,-0.171949118671759,-0.00263254223741059,-0.216675609676237
138.5,51.5093674821048,-0.160973713607167,39.4752367595211,-0.171943401594079,-0.00264363705765285,-0.21667037750416
139,51.5093924226562,-0.161014750778612,40.469055100577,-0.171943016293488,-0.00264164995181327,-0.216669995360465
139.5,51.5093559804432,-0.160985477446444,41.5713315343019,-0.171946461030361,-0.00264127988010629,-0.216666675616557
140,51.5093748560968,-0.160984654186211,36.0281481565908,-0.171952405559824,-0.0026452304765069,-0.216673671210909
140.5,51.5093633147474,-0.161001139905061,37.5197580661625,-0.17195105290243,-0.00264913824712451,-0.21667345270996
141,51.509344842745,-0.161008830638739,34.0242659051437,-0.171943798446619,-0.00263217969848276,-0.216667841577357
141.5,51.5093441132676,-0.160991095734891,36.3365968295839,-0.171964365831154,-0.00263901857852901,-0.216670862689217
142,51.509351874466,-0.161010704684554,35.3543038615026,-0.171962945432843,-0.00262928291667384,-0.216671052358941
142.5,51.5093138831106,-0.160962837109304,36.5996725091245,-0.171956529187933,-0.00262843447996458,-0.216666248529349
143,51.5093237738343,-0.161011349078929,39.9529743094463,-0.171968593641612,-0.00262193214946148,-0.216676651613933
143.5,51.509339474215,-0.161030812117018,34.0788536923937,-0.171969013573148,-0.00263175797424746,-0.216670938392428
144,51.5093062768641,-0.160992704434983,41.1127513940446,-0.171961902562722,-0.00262623082743185,-0.21666643090669
144.5,51.5093115556981,-0.160999849350357,39.9387401363347,-0.171960786421648,-0.00263053926782466,-0.216666894301699
145,51.5092823285993,-0.160966953079672,35.5314912365284,-0.171957884293196,-0.00262771136568855,-0.216656208701736
145.5,51.5093061892443,-0.160976208390904,39.5093182662968,-0.171963656080812,-0.00262571668992479,-0.216671186337267
146,51.5092974892756,-0.161012336291627,36.4436562526971,-0.171953246226123,-0.0026275078609083,-0.216660140161528
146.5,51.5092946328587,-0.160978915073418,41.8952063103206,-0.171975898562287,-0.00262705974376012,-0.216659348562485
147,51.5092764142714,-0.160991068618065,36.5395844506565,-0.17195946716922,-0.00262671357496498,-0.216659725462815
147.5,51.5092672123445,-0.160973226064098,34.1670532645658,-0.171963161787725,-0.00262299879499779,-0.216663065390258
148,51.5092726512321,-0.160991572933596,35.0975083950907,-0.171954789582047,-0.00262783043766153,-0.216665230496261
148.5,51.5092572014366,-0.161008436870397,38.8193603337277,-0.171966036842571,-0.00262639526051041,-0.216662471923598
149,51.50925667671,-0.16102855095737,35.705494989641,-0.171961686919365,-0.00262218684258374,-0.216659538661465
149.5,51.5092574150706,-0.160975359415867,37.0710246730596,-0.171958509595658,-0.00258290644438033,-0.216644110160842
150,51.5092584675752,-0.160974945324507,34.5676329096314,-0.171935891082863,-0.0025505083063553,-0.216628267462489
150.5,51.5092460331499,-0.160958427213123,41.5665598439518,-0.171928305413291,-0.0025176645061794,-0.216618611273585
151,51.5092321593561,-0.160992223227764,35.0838413417805,-0.171915233117157,-0.00248520887295027,-0.216607234935383
151.5,51.5092380800694,-0.161016966790964,33.2534582742956,-0.171897147892083,-0.00248299347330273,-0.216597689279044
152,51.5092392645332,-0.160952272787661,36.3209659238346,-0.171861531856029,-0.0024788453142423,-0.216589829410817
152.5,51.5092372384876,-0.161028254512654,35.6523477791343,-0.17185521578291,-0.00246894125669837,-0.216579804038909
153,51.5092448424167,-0.16098393108691,35.6967929804232,-0.171840437106821,-0.00245445481201845,-0.216571852282223
153.5,51.5092455875574,-0.160972865672112,34.1211989922449,-0.171830006241589,-0.00244900440760924,-0.216571259696603
154,51.5092378467504,-0.160987288660338,41.0746761155315,-0.17183006724258,-0.00244256282326087,-0.216572356240482
154.5,51.5092783901807,-0.161001190465388,36.3230196542572,-0.171823324819878,-0.00243493194733481,-0.216558340181453
155,51.5092387564515,-0.160960322625883,39.6562079247087,-0.171827441610652,-0.00242357284990585,-0.216559661416361
155.5,51.5092408576785,-0.160984705010022,41.4138552255463,-0.17183628409101,-0.00241435127551853,-0.216561273730148
156,51.5092504976734,-0.160972862928135,38.2865160147194,-0.171846545338202,-0.00241133849291174,-0.216563206997319
156.5,51.5092393932019,-0.16095727906955,35.2606251426041,-0.171859276752216,-0.00240964182902243,-0.216563995254615
157,51.5092439568613,-0.160952973402719,37.0353656611405,-0.171877160749068,-0.00240147978765918,-0.216572683608776
157.5,51.5092371635117,-0.160959856010259,35.2025987189263,-0.171866099613407,-0.00238332431900349,-0.216554040320275
158,51.5092410305572,-0.160949279642405,37.4776357049122,-0.171860716466868,-0.00233814884696365,-0.216538067854349
158.5,51.5092431204051,-0.161016671097821,39.5332925796974,-0.17183460428696,-0.00230385430888008,-0.216526106117583
159,51.5092616339638,-0.160974052347176,39.345003958093,-0.171820668489401,-0.00227052321488173,-0.216510588477629
159.5,51.5092495278274,-0.160939201954112,31.866810366977,-0.171817475245906,-0.00227170363752377,-0.216511709540044
160,51.5092719863218,-0.160983662128032,36.0888984340709,-0.17182592067348,-0.00228198225926724,-0.216513294556345
160.5,51.5092756416881,-0.160993893027154,33.8161951254588,-0.171817687315587,-0.00227934186048676,-0.216510665011157
161,51.5092828560902,-0.160985967163016,40.382848567795,-0.17181350906592,-0.00227969193857401,-0.216510609384631
161.5,51.5092872124563,-0.160971357885636,41.5509956181049,-0.171814614490754,-0.00227469469451485,-0.216504510059416
162,51.5092887665874,-0.160958458361912,41.3409465148579,-0.171817357609948,-0.00227300623806306,-0.216508521171961
162.5,51.5092978754875,-0.160985949687196,37.17650840641,-0.171823274603086,-0.00227153140126444,-0.216512001368796
163,51.5093209906346,-0.160979716683505,38.293607912492,-0.171822330785153,-0.00226120139016024,-0.216509048186987
163.5,51.5092799707284,-0.160991290595909,37.6777057575528,-0.171817793357815,-0.00225876595449605,-0.216502468887603
164,51.5093153151481,-0.160955408111765,40.6431703893468,-0.171826511662722,-0.00225523925763156,-0.216501308875141
164.5,51.5093216546257,-0.160970273861081,37.2916811800096,-0.171824318929323,-0.00225619541944866,-0.216508759951656
165,51.5093373013684,-0.160987369025777,36.4440613125917,-0.171829699432317,-0.0022572839255525,-0.216505508607908
165.5,51.5093496931957,-0.161010229763244,37.620432915166,-0.171825942120693,-0.00225688823043625,-0.216508635667708
166,51.5093274057404,-0.16095737042126,37.4778910728637,-0.171819976170075,-0.00226293180082487,-0.216498057621268
166.5,51.5093260039498,-0.160979177183362,32.789085335331,-0.171827068954262,-0.00226251038205981,-0.216507712593351
167,51.509341471277,-0.160993217664511,35.8298027066048,-0.171820399718248,-0.00225206729996686,-0.216497248042458
167.5,51.5093569271485,-0.160997133075411,35.7015439087991,-0.171828788069376,-0.00226256819943722,-0.216509235775047
168,51.5093635400005,-0.160939278837843,35.7894572848454,-0.171825785078434,-0.00225193018298504,-0.216501360500941
168.5,51.5093718404732,-0.161023407330723,34.8588426900096,-0.171831574276704,-0.00225107168891477,-0.216503094015716
169,51.5093750095277,-0.160968207380973,33.3944267726038,-0.171840236461116,-0.00225289922826325,-0.216504290923165
169.5,51.5093602392578,-0.160961998535259,38.2777893678285,-0.171828654915784,-0.00225834001978009,-0.216507948243654
170,51.5093996170169,-0.161013540658458,33.5002368909772,-0.171835602198549,-0.00225308826281888,-0.216501552528433
170.5,51.5093890561146,-0.160960406614341,35.4632297221106,-0.171837213802581,-0.00225296385831639,-0.216501930416836
171,51.5094021616006,-0.160980264804132,33.8246117637027,-0.171836007304641,-0.00224696445407411,-0.216507506564097
171.5,51.5094214704137,-0.160998089498078,40.7647161833011,-0.171836970362246,-0.00224274768379306,-0.216505730659293
172,51.5093823931783,-0.160966668155137,34.3238622490317,-0.171838295131603,-0.00225013883326668,-0.216506110374256
172.5,51.5094217212385,-0.16100446369786,36.9670776396524,-0.171836646714383,-0.00224543805225456,-0.216506652236426
173,51.5094257557113,-0.160997577301717,35.7875325693749,-0.171827863789957,-0.00224423283026584,-0.21650032164152
173.5,51.5094373009067,-0.160937102038621,35.5318050563801,-0.171840751462795,-0.00223700554766545,-0.216499002617486
174,51.5094001465717,-0.160959782053601,39.6792917267885,-0.171834626448598,-0.00223615840186707,-0.216492757006069
174.5,51.5094272587613,-0.160975944856509,39.3889066413976,-0.171831836562433,-0.00223682410115003,-0.216498502667291
175,51.5094565487379,-0.160960964511396,41.3278432192747,-0.17184665603629,-0.00223066911562062,-0.216498391924703
175.5,51.5094617998356,-0.16101071818054,35.8082002094015,-0.171838539411775,-0.00222874187030603,-0.216491084005233
176,51.5094494432782,-0.160951336340097,39.2337261924986,-0.171830053836943,-0.00223973125859358,-0.216496171691837
176.5,51.5094472944377,-0.160973206569656,33.4402287208941,-0.171849011796913,-0.00222602083567333,-0.216495700287989
177,51.5094599410954,-0.160989025324108,34.3273276302498,-0.171845080730255,-0.00222849480492806,-0.216500228492196
177.5,51.5094665513802,-0.160953423530068,43.2700986058917,-0.17183633567334,-0.0022330663796728,-0.216492736709221
178,51.5094677758286,-0.161010681908693,37.0215604859404,-0.171834062964367,-0.00223226294107577,-0.216493938183598
178.5,51.5094660774203,-0.16097358905705,32.3980892451946,-0.17183530014901,-0.00222304013189206,-0.216499593654145
179,51.509485123204,-0.160998605496613,34.8251112687867,-0.171836890912748,-0.00222943554999441,-0.21648704377215
179.5,51.5095036350094,-0.161026891890091,35.1206861466635,-0.171845639485501,-0.00222237248639185,-0.216493774853145
180,51.5095114112497,-0.160988585829097,39.3878820468672,-0.171856181316471,-0.00222807783528823,-0.216496039811762
180.5,51.5094913676351,-0.160948539945841,40.3900616501924,-0.171845428342808,-0.00222198061729019,-0.216489145929882
181,51.509500643543,-0.160983182096174,39.7561410367489,-0.171855750859334,-0.00222093560566825,-0.216496038065025
181.5,51.5095017256225,-0.160965294803057,32.0621064212173,-0.171856970617172,-0.00221884789686119,-0.216493439537891
182,51.5095031311247,-0.160963782098354,34.9609965961426,-0.171852256722089,-0.00221167824210438,-0.216495856948457
182.5,51.5095292741068,-0.160977199799116,38.1065367041156,-0.171857159109057,-0.00220137265630919,-0.216493703826315
183,51.5095284732937,-0.160952706160142,39.0344973476604,-0.171845445499634,-0.00222110815990717,-0.21649832064068
183.5,51.5095488487313,-0.160997616346518,32.7736191421282,-0.171852127598253,-0.00221434664976937,-0.216485657663203
184,51.5095314773958,-0.160996459821796,39.657035010634,-0.171856694369723,-0.00219906406198033,-0.216485129755896
184.5,51.509547960842,-0.160940216450614,37.9684259912465,-0.171854561304604,-0.00220673676827395,-0.21648822087699
185,51.5095521396427,-0.161004089556859,36.2128069810569,-0.171860103380991,-0.0022090808300963,-0.216494712025474
185.5,51.5095488515429,-0.160934637245531,32.244503736496,-0.171868245231504,-0.00220712777336081,-0.216495833127783
186,51.5095756668623,-0.16096770944252,34.9084374131635,-0.171855221317348,-0.00219931214079626,-0.216489313781388
186.5,51.5095918496871,-0.160998212726691,32.3206667313352,-0.171862282601953,-0.0022021365187525,-0.216484723929462
187,51.5095539985653,-0.160967071483505,37.1094500431791,-0.171859580309334,-0.00219894904845144,-0.216494407078692
187.5,51.5095913760858,-0.160971842121313,36.9204497952014,-0.171858942130791,-0.00220117262485364,-0.216491158058091
188,51.5095845826537,-0.161001633623232,31.4879768660758,-0.171857054029284,-0.00219295373869116,-0.216488038910128
188.5,51.5095918623574,-0.160966110863308,43.4921577938367,-0.171878225165702,-0.00222065742343617,-0.216505394257271
189,51.5096044988661,-0.161008136994477,33.4902966469526,-0.171892342326293,-0.00225823953387196,-0.216511781804218
189.5,51.509612003284,-0.160994993302809,39.1206083579455,-0.171915952554289,-0.0023039977264254,-0.216531510169593
190,51.5096075782385,-0.160961238735479,45.1638034610078,-0.171942278007171,-0.00232142925075877,-0.216549164672795
190.5,51.5095759893794,-0.160920522519292,31.2339297316503,-0.171917056981682,-0.00231139108113608,-0.216540903359111
191,51.5095873754979,-0.160959183208776,38.6965161359403,-0.171897810310497,-0.00232126790537013,-0.216539912776404
191.5,51.5095941105395,-0.160950669627508,36.0205315800849,-0.171887341295841,-0.00232527135412767,-0.216533672193526
192,51.5095878789853,-0.160964728159117,42.2257550915238,-0.171880254527206,-0.00232439898519324,-0.216531615351748
192.5,51.5096240713569,-0.160982481141168,34.466049091192,-0.171880148657669,-0.00233761585126426,-0.216533728849234
193,51.5096059033174,-0.160928052153626,43.8219622632023,-0.171893546563883,-0.00233664929736553,-0.216536122259903
193.5,51.5096040261744,-0.160940578398998,39.9353138511069,-0.171897277266173,-0.00234347412708123,-0.216532597543816
194,51.5096047113277,-0.16096845423446,35.1618984034285,-0.171907676751439,-0.00235502647126565,-0.216546550575229
194.5,51.5096104727279,-0.160981148625605,36.4862105515786,-0.171917038480667,-0.00236686970281768,-0.21655247833927
195,51.5096049308761,-0.160979936266654,37.1599758379161,-0.171942007932306,-0.00236488148334746,-0.216556765938495
195.5,51.5095903669818,-0.16092981266767,42.1685482645407,-0.171948153316015,-0.00237849613686011,-0.216558653382024
196,51.5096003338573,-0.160945631712384,38.8331716356333,-0.171974556505284,-0.00237538292055504,-0.216567767555919
196.5,51.5095901825313,-0.160953875740316,37.3040915194433,-0.171990739423991,-0.0023984664810725,-0.216583266898266
197,51.5095956478662,-0.161002816501175,37.7643843023106,-0.172009274523312,-0.00243670444844142,-0.216596715967853
197.5,51.5095932554665,-0.160948318430581,39.179814835079,-0.172031796367125,-0.00246014856245863,-0.216610627606187
198,51.5095885493754,-0.160983079429199,39.7217515609227,-0.172051625735492,-0.00249409712187856,-0.216631818681627
198.5,51.5095814301678,-0.160999957056282,37.9520741524175,-0.172046741519875,-0.00248975403072994,-0.216626967475874
199,51.5095791087805,-0.160929305975215,31.8293229418341,-0.17204907270355,-0.00250468726139021,-0.216627851644751
199.5,51.50955246273,-0.160976670357554,38.650409579277,-0.172059696809674,-0.00249223048151858,-0.216623210977644
200,51.5095598301398,-0.160951685132971,36.6635019916575,-0.172045802717031,-0.00248260280410178,-0.21661860046277
200.5,51.5095584384036,-0.160960916208136,32.1402930575423,-0.172051963338941,-0.00248964615930494,-0.216627783703178
201,51.5095537617192,-0.160997997155049,36.3578221115749,-0.172048932299098,-0.00249598349624899,-0.216631272009831
201.5,51.5095440414866,-0.160972926027933,31.9201988507994,-0.172044697501558,-0.00249184837587792,-0.216627012424733
202,51.5095281292446,-0.160977309853211,37.1173760727979,-0.172050219318061,-0.00248741620050141,-0.216621325046707
202.5,51.5095372229266,-0.160928539028608,36.0731692181434,-0.172046502199326,-0.00248196119892302,-0.216615399960989
203,51.5095524639169,-0.160964971744207,34.2077761252876,-0.172056692688445,-0.00248057065327677,-0.216619668701777
203.5,51.5095134552874,-0.160948890381021,40.4377208191436,-0.17205086764836,-0.00248901473404696,-0.216614877888482
204,51.5095284499514,-0.160967487691521,36.4863456676248,-0.172053966755861,-0.00248130662209405,-0.216614445840014
204.5,51.5095101202985,-0.160949342614313,37.3006313212682,-0.172049935316961,-0.00247967651481554,-0.216621435643226
205,51.5095108001672,-0.160950501652102,33.0551224183291,-0.17204850588439,-0.00249306764940632,-0.216620460325762
205.5,51.5095080724529,-0.16097028364759,40.0395611461718,-0.172063836922085,-0.00248280025958249,-0.216617931926622
206,51.5094705821577,-0.160934670600384,37.5390803229529,-0.172066555150485,-0.0024779443358278,-0.216615016552198
206.5,51.509475765614,-0.160942704561014,38.1012895787135,-0.172061236775744,-0.00247142119192278,-0.216614275833776
207,51.5094955878673,-0.160971152957436,36.8960070558824,-0.172071064928151,-0.00247036118485908,-0.216616099075384
207.5,51.509494930404,-0.160992691823352,37.1557570439763,-0.172070351668758,-0.00247235797564831,-0.216615222647694
208,51.5094600885838,-0.160953214921919,36.8760545384139,-0.172064908922859,-0.00247195151610426,-0.216619472577328
208.5,51.5094697427452,-0.160973456548248,39.2503664011601,-0.172072749850684,-0.00247278886525753,-0.216623087737144
209,51.5094438008093,-0.16093619693987,43.024492934579,-0.172064772301801,-0.0024633410867297,-0.21661173742038
209.5,51.5094473463658,-0.160953655067848,36.1900961927604,-0.172072056766056,-0.0024770740960773,-0.216626895732182
210,51.5094492732386,-0.160970209750525,38.1690984689631,-0.172059681868425,-0.00246537061768689,-0.216615050799251
210.5,51.5094573429,-0.160964244321564,40.0146796705667,-0.172058463062316,-0.00246097228138742,-0.216613481818264
211,51.5094399275751,-0.160950230380148,37.8463218060788,-0.172069076933134,-0.00246760668358293,-0.216613981633461
211.5,51.5093971417136,-0.160933550540111,36.9647450176999,-0.172059953864018,-0.00245691187969223,-0.216609334306694
212,51.5094230804427,-0.160947836160088,39.7526342996862,-0.172075031739284,-0.00245875081856876,-0.21661320068001
212.5,51.5094302296063,-0.161001757299108,34.9786749726627,-0.172069384890129,-0.00246434721534319,-0.216612044769684
213,51.5094318255885,-0.160996043167438,33.7837406815961,-0.172088421214013,-0.00245463344209286,-0.216613643831776
213.5,51.5094154934536,-0.161006138999848,36.0245571082924,-0.172073893712155,-0.00245346507998339,-0.216613965974453
214,51.5093905596916,-0.160953811669059,36.1412533663679,-0.1720756909209,-0.00244968959946872,-0.216611621540915
214.5,51.5094202257083,-0.16097372042468,40.2147728195414,-0.172065295766786,-0.00245188910789932,-0.216609080510761
215,51.5093987537246,-0.160922126758843,32.9096801797859,-0.17207152494152,-0.00244969667182268,-0.216610838955065
215.5,51.5093979294802,-0.1609686223466,32.70244496339,-0.172076963205404,-0.00243961952042375,-0.216614967941053
216,51.5093865574751,-0.160908435443671,36.7526225335896,-0.172083031045261,-0.00244338749652433,-0.216607991275604
216.5,51.5093725752679,-0.160937392076816,34.6212192152161,-0.17208225032495,-0.00244899071721549,-0.21661424741896
217,51.509363252894,-0.160958165820163,36.6245494685136,-0.172083132503909,-0.00245006397650312,-0.216609160637878
217.5,51.5093816441305,-0.160948116107831,37.0893257935531,-0.172075879934022,-0.00243919475123315,-0.216600635580305
218,51.509350526034,-0.160968294563538,38.2767959174234,-0.172077834581785,-0.00245068395979183,-0.216606632182603
218.5,51.5093514936014,-0.160955722697675,37.2742897709832,-0.17208493392436,-0.00245438229321615,-0.216612244891642
219,51.5093492824206,-0.160970426381692,38.7756767012179,-0.17207674217927,-0.00244581010394543,-0.216612428527964
219.5,51.5093402488889,-0.160929443387134,42.861772998469,-0.172079609644224,-0.00244282974599592,-0.216604323917454
220,51.5093386291154,-0.160948981113367,37.7898581777699,-0.172087822857827,-0.00244731018345429,-0.216608967650694
220.5,51.5093419754079,-0.160949158582797,36.6737960260361,-0.172078167918556,-0.00243989480998497,-0.216606750440382
221,51.5093205655325,-0.160988845824165,35.8679148459341,-0.17208479139466,-0.00243757570007588,-0.216614421016129
221.5,51.5093110379623,-0.16098142741838,33.0623626844026,-0.17209172104021,-0.00243934215226045,-0.216603031017681
222,51.5093198402983,-0.160969683280032,31.0207575845998,-0.172084387302758,-0.00244220824394497,-0.216604343249472
222.5,51.5093081330153,-0.160948630520181,37.5586297072005,-0.172087152008593,-0.0024283595961959,-0.216606156777997
223,51.5093234102317,-0.16098695855085,33.6991939209402,-0.172085496504392,-0.00242607161332775,-0.216605060574865
223.5,51.5092996383988,-0.1609676321009,35.2653128099628,-0.172094333099374,-0.00242214020642045,-0.216605533681721
224,51.5093072835169,-0.160981588066994,34.9283714250196,-0.172095926346599,-0.00242931142234072,-0.216598733722387
224.5,51.509303403754,-0.160965441891607,41.6979466998018,-0.172093239343135,-0.0024193071962036,-0.216597291413866
225,51.5092765070212,-0.160957609690594,39.5693924091756,-0.172091950470256,-0.00243337306213349,-0.216605033874623
225.5,51.5092910499597,-0.160972384012707,45.233736831462,-0.172092369427241,-0.00242007020216508,-0.216599722906412
226,51.5092816653724,-0.16098857779851,38.4782660335768,-0.172099898152175,-0.0024228262430031,-0.216601355223493
226.5,51.5092595939658,-0.160961090883948,33.4064234173857,-0.172097650649575,-0.00242242325441258,-0.216602182920311
227,51.5092632133196,-0.16096491281298,35.1334965601563,-0.172098039990174,-0.00242843254440498,-0.216597399087527
227.5,51.5092378758509,-0.160962957049148,31.4795724744909,-0.172075286511795,-0.00238576793208776,-0.216585985694778
228,51.5092546341616,-0.160959394448774,34.8673640585039,-0.172061182685527,-0.00234173121427178,-0.216569649973694
228.5,51.5092512113763,-0.160986550938128,39.9484440593515,-0.172047743199352,-0.0023267388561713,-0.216553432384885
229,51.5092344334454,-0.160955478583598,36.8775847400539,-0.172037661674086,-0.00228966677839659,-0.216542303327082
229.5,51.5092452169936,-0.1609683124748,36.1822727397084,-0.17200185123097,-0.0022774833605238,-0.216529868406659
230,51.5092290106587,-0.160970470187549,41.5752527511213,-0.171985744267582,-0.00227306699142687,-0.216532542739505
230.5,51.5092381946301,-0.160953391338675,34.8167374653276,-0.17197604026215,-0.00227390492275159,-0.216520733066729
231,51.5092539363752,-0.160961614008186,40.4798077156302,-0.171960346333257,-0.00225448324244522,-0.216503177971025
231.5,51.5092532813673,-0.160952776329729,35.4014922999777,-0.171954783386333,-0.00225770776735472,-0.21651558831246
232,51.50925575588,-0.160951472922823,35.7940947320312,-0.171945724885228,-0.00224657924541399,-0.216501236076645
232.5,51.5092336919368,-0.160931034420224,35.6692716800608,-0.171942335430747,-0.00223887536222617,-0.216498895505878
233,51.5092415943095,-0.160909262205775,40.8510369842406,-0.171950985652132,-0.00222542486222121,-0.21650070108472
233.5,51.509260252101,-0.160962630218605,34.8921416443773,-0.171955664338366,-0.00221918580169873,-0.216496985312639
234,51.509267572813,-0.160956235914817,41.2212085220963,-0.171965921859256,-0.00220799419871096,-0.216502285771601
234.5,51.5092546071738,-0.160977935946108,30.2297083302401,-0.17198685652247,-0.00221513911964483,-0.21650301409726
235,51.5092404099995,-0.160923238235242,38.9356149104424,-0.172006315635568,-0.00220695517446772,-0.216505426028268
235.5,51.5092226026812,-0.16094350736431,34.8997386908159,-0.171988757576367,-0.00217264797333119,-0.216490367888612
236,51.5092623059134,-0.160967253606713,39.909689555876,-0.17195986859964,-0.00214873947334357,-0.216485061213463
236.5,51.5092483456396,-0.160960985434669,36.703567919787,-0.171952786916946,-0.00210935059483269,-0.216463961976576
237,51.5092559098232,-0.160911655285274,38.4532974276226,-0.171930997999409,-0.00207800605544827,-0.216448571151048
237.5,51.5092811035717,-0.16097640128,39.5180036029778,-0.171936303932858,-0.00208129962310811,-0.216452456099353
238,51.5092623156145,-0.160951358866714,33.3719231595751,-0.171928017370082,-0.00207673392021378,-0.21644745882062
238.5,51.5092885297089,-0.160969535067489,33.5934234012384,-0.171936087041814,-0.00207153050141511,-0.216448336629709
239,51.5092855356555,-0.160966315435528,39.9146580968518,-0.171949605279926,-0.00207426466958994,-0.216454536614269
239.5,51.5092785324223,-0.160943045040566,33.4072526511736,-0.17194358985313,-0.00206463842689445,-0.216445617136317
240,51.509286078448,-0.160912983336812,39.8220513961278,-0.171944092657335,-0.00206760315210316,-0.216444610046437
240.5,51.509293515057,-0.160907463327673,37.2989447193686,-0.171941688856674,-0.00205651405922727,-0.216446675640157
241,51.5092796693546,-0.160912846073851,31.7999639268965,-0.171942749875056,-0.00205991422915544,-0.21644398456277
241.5,51.5093222054202,-0.160931230667702,34.7698008294683,-0.171942502498474,-0.00205756391093123,-0.216448783646948
242,51.5093258160765,-0.160958731636178,38.9836884541437,-0.171939130205838,-0.00205963037075219,-0.216448516164519
242.5,51.5093388052564,-0.160938573609169,37.3304605132435,-0.171933100729747,-0.00205310982518865,-0.216432883637625
243,51.5093394194215,-0.160969093803543,38.6144539359957,-0.171941349074086,-0.00206283350141239,-0.216443647711703
243.5,51.5093191888659,-0.160962550414246,36.3987298666034,-0.171950612443896,-0.00205890873383329,-0.216446142119956
244,51.5093358289977,-0.160957471806968,39.6456364560872,-0.171945407344909,-0.00205604231052269,-0.21643828338078
244.5,51.5093424997034,-0.160967769191969,40.9982679930981,-0.171948523252759,-0.00205315819484219,-0.216446259524435
245,51.5093510972523,-0.160949224580817,42.2660912503488,-0.171954982451326,-0.00205400994218533,-0.216449358635081
245.5,51.5093653578837,-0.160910726564886,37.2232401119545,-0.171961249877083,-0.0020590377666875,-0.216442947520735
246,51.5093572302444,-0.160930803544936,38.0100278649479,-0.171942021940941,-0.0020602026903254,-0.216441904649467
246.5,51.5093693092742,-0.160972107682507,37.2905919381883,-0.171951138103716,-0.00205441407932954,-0.216442968978549
247,51.5093686357641,-0.16093453817859,35.7598362087738,-0.171952054638807,-0.00205388251229944,-0.216441636799189
247.5,51.5093620435221,-0.160917906284983,40.6481536719948,-0.171951593662159,-0.00205698839827002,-0.216449010825138
248,51.5093751062862,-0.160978047479,39.1250810266938,-0.171954000255829,-0.00204884794354911,-0.216443520229154
248.5,51.5093959992004,-0.160976362287164,37.1813720585778,-0.171958349262906,-0.00205526902094845,-0.216446583920775
249,51.5094020656255,-0.160940239083921,33.755441142479,-0.171957466647269,-0.00205024491427968,-0.216442613556726
249.5,51.5093935724826,-0.16094456894745,36.4660559617914,-0.171963482015559,-0.00205269829442113,-0.216442915950644
250,51.5094129493669,-0.160937720341733,39.7035179461818,-0.171960383156519,-0.00205817079245978,-0.21644212177059
250.5,51.5094084373552,-0.160981062723665,38.2524909973145,-0.171964005422551,-0.00204245038229766,-0.216445401479685
251,51.509425367121,-0.16092943418244,35.2506477243733,-0.17197021277156,-0.00205698517438117,-0.21644696965618
251.5,51.5094213397334,-0.160994590274766,27.5287427913863,-0.17196132315786,-0.00204252722650512,-0.216439821121551
252,51.5094395077746,-0.160969041573171,34.4649965555873,-0.171962884276003,-0.00203933418596817,-0.216437651733849
252.5,51.5094397120799,-0.160924655381733,36.1526902972255,-0.171959670216204,-0.0020375169346408,-0.21644105760217
253,51.5094418152259,-0.160932432121892,38.3107899783645,-0.171961099885532,-0.00203272717106631,-0.2164424622225
253.5,51.509435127513,-0.160947997765858,37.3724661215674,-0.171950834223712,-0.00203709271390814,-0.21643373474466
254,51.5094577856932,-0.160959502124331,34.1860537684988,-0.171964778244051,-0.00201406146785697,-0.216433800620891
254.5,51.5094355176501,-0.160918994921948,38.9482572593261,-0.171965163781027,-0.00202108593995657,-0.216437342283987
255,51.5094521505226,-0.161003755097335,35.0617364835925,-0.17195914995619,-0.00202889531638886,-0.216436645644419
255.5,51.5094682303653,-0.160956789966525,39.7342857304029,-0.171967667724502,-0.00203018249504354,-0.216434032552636
256,51.509439635512,-0.160907787086741,34.0177683627699,-0.17196156912936,-0.00203444015179182,-0.216439955375641
256.5,51.5094760037613,-0.160938557922305,37.8085570898838,-0.171956246738458,-0.0020286343018409,-0.216435460839115
257,51.5094910655654,-0.16095194056076,36.8794986128341,-0.171966830066552,-0.00202266339421024,-0.2164406354025
257.5,51.5094729433855,-0.160973039658574,34.3326965952292,-0.171961277536535,-0.00203156167904558,-0.216434205053965
258,51.5095034203556,-0.160983820905357,33.3253629261162,-0.17196905080101,-0.00202259001753885,-0.216440121755882
258.5,51.5094978195416,-0.160948104727276,38.7589985697996,-0.171966208833038,-0.00202007846408091,-0.216431229575245
259,51.5094923321857,-0.160947442389948,37.1822220925242,-0.171960804502428,-0.00201906512308573,-0.216433884438492
259.5,51.5094992686065,-0.160976926504035,33.4174885738175,-0.171963026935431,-0.00202518403987292,-0.216432164495849
260,51.5095229386602,-0.160954434974699,38.6458779296372,-0.171963529256916,-0.00201845728357864,-0.216429955623008
260.5,51.509523613667,-0.160939378033237,33.7071301827673,-0.171960631214653,-0.00202554749170449,-0.216432306095212
261,51.5095423249891,-0.160967471303711,32.1061126324348,-0.171951056016349,-0.00201528374643479,-0.216425611451617
261.5,51.5095193643432,-0.16097535696543,41.0424855556339,-0.171955322047052,-0.0020121213422944,-0.216433478860414
262,51.5095139221436,-0.160930035206391,36.6533622406423,-0.171948815126945,-0.00200250061407118,-0.216418961162518
262.5,51.5095624661808,-0.160952884186714,35.2768502519466,-0.171959289544625,-0.00200363263175202,-0.216423650299001
263,51.5095693529863,-0.160972226138376,35.5127534342464,-0.171952934630499,-0.00200170189140153,-0.216422454940595
263.5,51.5095487590523,-0.160928709290868,37.8775386842899,-0.171960065139937,-0.00201419709957138,-0.216430477624924
264,51.509540658168,-0.160935121917794,33.7413596566767,-0.171962562320169,-0.00201075395080442,-0.216430400240745
264.5,51.5095489342346,-0.160911832221537,37.7106454027817,-0.171967829479292,-0.00200394697542848,-0.216427210349413
265,51.5095556599712,-0.16092813013483,35.4841206627898,-0.171976115662382,-0.00200500257089556,-0.216421919393777
265.5,51.5095840297192,-0.160960132315684,37.1852874241304,-0.171974802769236,-0.00200969616451766,-0.216428035153269
266,51.5093464155465,-0.16098478039021,100.338103270857,-0.171970873505067,-0.00200930991556149,-0.216431693450322
266.5,51.5093496039036,-0.160977978330511,99.7054311698303,-0.171993752868195,-0.00203206868108187,-0.216440340870189
267,51.5094008137303,-0.161000405080385,93.7630616992246,-0.172017643198556,-0.00206636921990495,-0.216458224612235
267.5,51.509366752554,-0.160999175105848,99.4986930999439,-0.172025371743451,-0.00208972237511625,-0.216471998032063
268,51.5093506828539,-0.160979669676624,106.417420012178,-0.172050666929933,-0.00211823147489419,-0.216477210424637
268.5,51.5093529181918,-0.16102456786646,91.9686906482093,-0.172045474827384,-0.0021317334918916,-0.216483885422026
269,51.5093509514022,-0.160997272069762,97.0950640605297,-0.172011594337576,-0.00211218891482196,-0.216470750468535
269.5,51.5093641367544,-0.160982939019406,103.476335711544,-0.172007942098012,-0.00212857611878983,-0.21646807186217
270,51.5093606538208,-0.160981291018717,95.7473727215547,-0.171995023509884,-0.00212907101803653,-0.216465310721229
270.5,51.5093556141929,-0.160969147603636,103.759759987239,-0.17200760932601,-0.00213322579115674,-0.216471745029233
271,51.5093852879266,-0.160966295024672,91.9204065571539,-0.171995092121084,-0.00214279592444499,-0.21646917115836
271.5,51.5093607622565,-0.16097472240473,101.47678028862,-0.172012514707115,-0.00215613112814055,-0.216468986949072
272,51.509386324706,-0.160990479641485,98.6085621749517,-0.172013573872787,-0.00216505639455965,-0.21647855235931
272.5,51.5093763379268,-0.160954833089161,94.0822462909855,-0.172030467466012,-0.00217007461626603,-0.216487464504474
273,51.5093795308718,-0.161005385669121,89.4416696007829,-0.172055790232291,-0.00217861712955376,-0.216493321130848
273.5,51.5093553065679,-0.161006249546646,102.507372833788,-0.17207947325034,-0.00216966427579589,-0.216502568830753
274,51.5093876552126,-0.160983444869179,92.0237925914116,-0.172091998378731,-0.00218519847401777,-0.216497674602538
274.5,51.5094032363366,-0.16092691481392,91.794993358897,-0.172112297721883,-0.00219971814516337,-0.216519583761425
275,51.5093860045374,-0.161025070521135,95.996617722325,-0.172121175560031,-0.00224064060758312,-0.216529615255644
275.5,51.5093685260343,-0.160968587651353,98.1935601625592,-0.172149390559501,-0.00226636656272541,-0.216550538810021
276,51.5093338371228,-0.160995653463001,105.429845653474,-0.172169131764614,-0.00230768830408636,-0.21656435216625
276.5,51.5095838141981,-0.160899067454482,36.3249364132062,-0.172169571090838,-0.0023020678784055,-0.216566447565757
277,51.509577801844,-0.160933470705876,39.3898696706165,-0.172160007802291,-0.00230049438748051,-0.216557071729968
277.5,51.5095772604479,-0.160938707333408,35.4592976511922,-0.172164334900473,-0.0023032171729222,-0.216560789663117
278,51.5095397740938,-0.160889196046212,37.0297077079304,-0.172164340202878,-0.00228874825788335,-0.216560740844754
278.5,51.5095467890505,-0.160928687596276,37.3518586186692,-0.172159911145318,-0.00229564043140687,-0.216556936739843
279,51.5095397167313,-0.160909622096016,37.1033717810642,-0.172174339696958,-0.00229124567957667,-0.216565647443002
279.5,51.5095590656607,-0.160931599656929,41.9588866326958,-0.172175857703931,-0.00229080691565355,-0.21656133685859
280,51.5095167222891,-0.160941114853353,37.964795515174,-0.172173104881558,-0.00228760867673983,-0.216561582306858
280.5,51.5095188057313,-0.160937966281222,36.5601875400171,-0.172169760159124,-0.00228753057614796,-0.2165630622032
281,51.5095167334026,-0.160919647196847,37.2985410075635,-0.172168484294268,-0.00228697833058222,-0.216553617322123
281.5,51.5095247009338,-0.160961124569064,40.2692539265845,-0.172171416135812,-0.00227285122638932,-0.216557294904256
282,51.5095268489922,-0.160961664107959,34.2596179130487,-0.172173631531584,-0.00227993068976544,-0.216555802341805
282.5,51.5095337110094,-0.160931205495299,34.1551564384717,-0.172175543653466,-0.00226812060643764,-0.216559616445278
283,51.5095157850042,-0.160907659328903,34.5976257876027,-0.172176789239536,-0.00227274782667933,-0.216545607942197
283.5,51.5095055412594,-0.16091445423106,35.7626825605985,-0.172177537276097,-0.00227924292612089,-0.216561621818512
284,51.5094926924908,-0.160938938495432,37.2447716591414,-0.17217508100205,-0.00227559696652101,-0.216550385625936
284.5,51.5094748608272,-0.160908659095668,37.3877774716821,-0.172171627025957,-0.00227216044550423,-0.216547421028489
285,51.5094739851227,-0.160937272660314,35.6831394231413,-0.172164040760707,-0.00227892732200585,-0.216549560376739
285.5,51.5094720301188,-0.160915634208414,36.3340464399662,-0.172165335356058,-0.00227152110267976,-0.216541586452683
286,51.5094830362253,-0.160959706908485,36.2696321217809,-0.172162647064919,-0.00227290516805109,-0.216548429670797
286.5,51.5094390057803,-0.160900775022264,37.0169402475003,-0.17217266422449,-0.00227127130817086,-0.216550245782166
287,51.5094698746958,-0.160920127402545,33.6786364989821,-0.172168485473848,-0.00226482850318032,-0.216545708807694
287.5,51.5094195357943,-0.160919431110063,31.5962441549636,-0.172178959105103,-0.00226875373345682,-0.21654766937661
288,51.5094548324369,-0.160935413990109,31.3324238297064,-0.172172601605878,-0.00226684052239041,-0.216547383799835
288.5,51.5094543264807,-0.160923342324289,34.6846694839187,-0.172179884292731,-0.00226732671557953,-0.21655017665102
289,51.5094379979244,-0.160926024436156,39.6650311534759,-0.172174825562658,-0.00225611617325015,-0.216550244812173
289.5,51.50943603301,-0.160910573380264,39.1684872752521,-0.172182812517676,-0.00226573103344701,-0.216554643766237
290,51.5094103440723,-0.160917229656813,36.2344525777735,-0.172192017212216,-0.00226638706268784,-0.216547562473235
290.5,51.5094147355298,-0.160915972579619,37.8435775628313,-0.172187846820608,-0.00227110621748217,-0.216550834308215
291,51.5094153064929,-0.160920778301863,37.3455005632713,-0.172190944885845,-0.00226498293238209,-0.216544492771819
291.5,51.5094242139066,-0.160923515976492,35.916640099138,-0.172191103160591,-0.00226261405941448,-0.216549097064855
292,51.5093926995303,-0.16093246255947,39.5819905975368,-0.172198236270689,-0.00226068177590229,-0.216545286623478
292.5,51.5094010388608,-0.160936949927543,34.7150499084964,-0.172191221543785,-0.00226065008985017,-0.216545454529984
293,51.5093964709979,-0.160940397780206,35.318757703295,-0.172199171174792,-0.00225773351105368,-0.21654652261786
293.5,51.5094005666902,-0.160949459140658,32.1895684574265,-0.172205119155969,-0.00225578056604988,-0.216547136636304
294,51.509359974859,-0.160933473261316,38.2931750852149,-0.172203094746343,-0.00225712022436882,-0.216548201783655
294.5,51.5093760763811,-0.1609492133736,38.4088903570082,-0.172196221272923,-0.00226144312673174,-0.216547225815972
295,51.5093812915876,-0.160950071677125,33.4931759044994,-0.172204311617797,-0.00226156291417834,-0.216551773313769
295.5,51.5093599729074,-0.160936464932513,38.1748384819366,-0.172207479569332,-0.00224977513125496,-0.21654489705179
296,51.5093599790978,-0.160906254356078,29.5461612897925,-0.172204672692445,-0.00225240667369943,-0.21654477341541
296.5,51.5093378925276,-0.160940493323338,34.4336662122514,-0.17219724186505,-0.00224517008069306,-0.216544204866181
297,51.5093547563994,-0.16092975558449,39.2488165686373,-0.172189248957868,-0.00224372030412094,-0.216537838116217
297.5,51.5093500485567,-0.160947288780241,34.2444102386944,-0.172201885798316,-0.00224874411840649,-0.216536603552405
298,51.5093358351711,-0.160955906698767,34.6027049336117,-0.172203212987457,-0.00224825289518305,-0.216546940119697
298.5,51.5093212830485,-0.160926139379876,36.7108147318941,-0.172206868862065,-0.00224105394553054,-0.216549387105182
299,51.5093214301427,-0.160927146457683,34.2136293505318,-0.172204584944579,-0.00223592826640232,-0.216542874081408
299.5,51.5093451620228,-0.160923571069419,37.8333453957457,-0.172218245527111,-0.00223438361417239,-0.216539622861866
300,51.5093349474462,-0.160947580896168,38.6498378084507,-0.172215935748661,-0.00224360248326882,-0.216538501963611
300.5,51.5093273732536,-0.160957852014261,33.7761294653174,-0.172210601085658,-0.00223505110923399,-0.216542363560146
301,51.5092933154386,-0.16090345979771,37.0485107633285,-0.172204276130484,-0.00223555786952988,-0.21653774843022
301.5,51.5092884355721,-0.16092828589729,35.1239119849633,-0.17221146566793,-0.00223486701409033,-0.216532260196321
302,51.5092806597662,-0.160933976918648,36.275236875983,-0.172204303496613,-0.00223266236693538,-0.216544086063825
302.5,51.5092767455257,-0.160896419722547,38.08410167275,-0.172203496806606,-0.00223002216674056,-0.216536702316469
303,51.5092715618125,-0.160941704290372,36.9148310711607,-0.172201145356542,-0.00223158409212847,-0.216538397087363
303.5,51.5092830145005,-0.160915881815716,36.8323662295006,-0.172205359887719,-0.00222813010453095,-0.216542916467021
304,51.5092573318136,-0.160954808530156,35.3179687876254,-0.172208273169795,-0.0022220311736339,-0.216537158766704
304.5,51.5092683773252,-0.160960682890268,26.5933024145197,-0.172207715199877,-0.00221677152942392,-0.216537300444031
305,51.5092726787859,-0.160989572131786,39.4112500811461,-0.172204288079028,-0.00222369791196843,-0.216535036209802
305.5,51.5092343990145,-0.160934153476725,38.240643092664,-0.172185705571188,-0.00217981980638624,-0.216511696943204
306,51.5092445220686,-0.160938900061909,34.4297504404094,-0.172169857439662,-0.00215224008043491,-0.216502828641281
306.5,51.509231747411,-0.160901951826186,38.8551207550336,-0.172167041361532,-0.00212661438088112,-0.216495850199825
307,51.5092434397837,-0.160905278572015,42.4597181857098,-0.17214076375338,-0.0020888725486457,-0.216480328745376
307.5,51.5092520492737,-0.160988047848348,35.0636319867335,-0.172120397187958,-0.00209205635568199,-0.216469795378677
308,51.5092237822404,-0.160911712402093,33.9453616042156,-0.172106629937487,-0.00208442110211717,-0.216470477123084
308.5,51.5092568243905,-0.160950426308853,37.1600017163437,-0.172091068106745,-0.00207962191580357,-0.216452417961144
309,51.5092524387433,-0.160926011202037,36.6275668889284,-0.172069108677877,-0.00207284249538228,-0.216449955198785
309.5,51.5092469878855,-0.160915132464064,41.075287734624,-0.172065732114762,-0.00206243023224347,-0.216444048013857
310,51.5092554793364,-0.1609805954817,37.9424820181448,-0.172066433227182,-0.0020422245772022,-0.216437840146804
310.5,51.5092362461561,-0.160920598342019,33.0958587180357,-0.172058081426596,-0.00202889976309091,-0.216435576978013
311,51.5092371396336,-0.160863907948382,39.8014389483724,-0.172054165577343,-0.00201850545041846,-0.216431365056113
311.5,51.5092433489161,-0.160928295407884,33.2390232016332,-0.172071325171809,-0.0020145749157957,-0.216434520250876
312,51.5092452342288,-0.160918089798955,42.5011925806757,-0.172081993277993,-0.0020141545491408,-0.216436865724227
312.5,51.5092692879638,-0.160933797748931,37.5573458056897,-0.172090851622448,-0.00201045976932815,-0.216444502146874
313,51.5092431417832,-0.160859654869677,36.0386451813392,-0.172107116630214,-0.00201104356063388,-0.216442420450753
313.5,51.5092292662378,-0.160872572321128,40.2155468959827,-0.172092105045764,-0.00198416960447652,-0.216426527968988
314,51.5092721672939,-0.160907290127965,38.2157805641182,-0.172075061086398,-0.00194746148736418,-0.216410935623742
314.5,51.5092514590009,-0.160932650758859,31.8957734163851,-0.17206327870028,-0.00191618188858378,-0.216409729936505
315,51.5092677930359,-0.160933696525744,37.1913625563029,-0.172048445598744,-0.00187377374864899,-0.216382512231608
315.5,51.5092570095927,-0.160931667629049,33.3002387187444,-0.172045049793187,-0.00187978171883215,-0.216381717693865
316,51.5092608900269,-0.160908961765931,34.7171930770855,-0.172036312912518,-0.00187784479018307,-0.216384978564
316.5,51.5092821636459,-0.160898664701112,41.9177445862442,-0.17205187297285,-0.00187462449128252,-0.216380816356863
317,51.5092551883677,-0.160931915133292,34.7984305946156,-0.172044743967897,-0.00186493984529053,-0.216386293471968
317.5,51.5092951594237,-0.160953004860431,35.9709593078587,-0.172040358791699,-0.00186284535360522,-0.216384115327475
318,51.5092756787782,-0.160892056498107,33.0231520317029,-0.172040319022252,-0.00187372550699761,-0.216384059208879
318.5,51.5093062524813,-0.160959653597598,28.7280421881005,-0.172047424026166,-0.00186747679723111,-0.216382237313347
319,51.5093051029585,-0.160932132119249,37.1252981836442,-0.172049191844777,-0.001871110314234,-0.216387604704807
319.5,51.5093326667609,-0.160955484601294,40.5075617730618,-0.172054813275034,-0.00186726760297211,-0.216388841713174
320,51.5093130850651,-0.160926468831351,36.9249365311116,-0.172048659685789,-0.00187509958917058,-0.216383231821466
320.5,51.5093307791089,-0.160968076589744,34.8840925355908,-0.17204792898177,-0.00186965788918927,-0.21638515014561
321,51.5093351084098,-0.160939566208947,31.1018586251885,-0.172056880340964,-0.0018663764621893,-0.216376687218239
321.5,51.5093293489604,-0.160930922435455,33.5084827777464,-0.172056235545328,-0.00185928504311003,-0.216379342987707
322,51.5093339480375,-0.160906179231703,41.8887488010805,-0.172057245413562,-0.00185272369135249,-0.216382886771169
322.5,51.5093476652631,-0.160926958629711,37.1281433317345,-0.172061962907321,-0.00185722207933625,-0.216382209709479
323,51.5093483484924,-0.160931354148556,39.419659844134,-0.172063249268164,-0.00184176989782157,-0.216381749833155
323.5,51.5093547972749,-0.160939973882918,37.2441801673267,-0.172067399284966,-0.00185484241737354,-0.216387040188172
324,51.5093475830697,-0.160923793031776,34.8802051711828,-0.17205603068813,-0.00185660998425183,-0.216382734939245
324.5,51.509358594008,-0.160944734096152,32.6570488766301,-0.172063783184024,-0.00185245376923714,-0.216383571253695
325,51.5093717726846,-0.16093862531046,32.8742359394673,-0.17206773827834,-0.00184681716519547,-0.216379446894637
325.5,51.5093789014282,-0.160935592231781,35.2864688241389,-0.17207101424685,-0.0018491109099492,-0.216382144455255
326,51.5093770535513,-0.160936205523212,36.0355714734178,-0.172049122662727,-0.00183464415899107,-0.216371986727005
326.5,51.5093778853272,-0.16090619989401,36.6419616022613,-0.172065518132145,-0.00183975540311937,-0.216375242187287
327,51.5093941861787,-0.160937961416043,34.9728627125733,-0.172063515446545,-0.00183944616607417,-0.21637598234665
327.5,51.5093891139741,-0.160917976925278,33.6700827484019,-0.172064468043837,-0.00183236226289233,-0.216380051557323
328,51.5094039532704,-0.160928533492359,31.8272739150561,-0.172065576399553,-0.00183768306899344,-0.216377530448623
328.5,51.5094185442803,-0.160917870412557,37.6148704872467,-0.172068824786101,-0.00185247657126418,-0.216376274306267
329,51.5094218328199,-0.160952944744521,35.4251102318522,-0.172070639597547,-0.00184137675952863,-0.216381825242333
329.5,51.5094210693412,-0.160954397271063,31.7586135002784,-0.172070390312761,-0.00184563595246396,-0.216382107679099
330,51.5094007945954,-0.160898535648427,39.6520278076641,-0.172057532857008,-0.00183810063880751,-0.216368753350242
330.5,51.5094516076063,-0.160885984806633,43.6447867252864,-0.172059412359344,-0.00184130095042394,-0.216377420431484
331,51.5094291411141,-0.160926020591756,36.3975986989681,-0.172059779744635,-0.00183890126178219,-0.216362663909286
331.5,51.5094548237954,-0.160966884932538,37.4730517647695,-0.172054529373862,-0.0018372626036871,-0.216368857921645
332,51.5094600301288,-0.160900618420805,33.7818807428703,-0.172071645278304,-0.00183242542969529,-0.21637111522608
332.5,51.5094515720871,-0.160927844081017,34.6264823472593,-0.172069424055561,-0.00183016395649474,-0.216364202067578
333,51.5094545063728,-0.160944471187998,33.4418809497729,-0.172075057627637,-0.00182504877603923,-0.216378234786055
333.5,51.5094811871178,-0.160885314432589,37.0740409528371,-0.172064919675979,-0.00182907905537209,-0.216364909856305
334,51.5094711442466,-0.160857984540411,37.5982422060333,-0.172066017518753,-0.00182563277647321,-0.216370946800205
334.5,51.5094630067779,-0.160913065298849,36.5418642272707,-0.172074987731152,-0.00182941562915473,-0.216371860613913
335,51.5094977428252,-0.160939336719456,34.0839328160509,-0.172071532962653,-0.00182001302895137,-0.216368824983006
335.5,51.5094762199074,-0.160895408090893,35.7659282181412,-0.17206707835115,-0.00181978825491714,-0.216373534227386
336,51.5094973576981,-0.160849932963255,40.3408753930125,-0.172068224483192,-0.00182035436471151,-0.216363528451771
336.5,51.5095053819303,-0.16087561916136,36.6965105021372,-0.172066816872128,-0.00181467425160592,-0.216369860692708
337,51.5095034337247,-0.160917976349888,36.2394741445314,-0.172073492464642,-0.00182811919802021,-0.216373356663482
337.5,51.5095029497786,-0.160920551829276,36.0967041742988,-0.172078131814493,-0.00181781727148239,-0.216374296270727
338,51.5095212836217,-0.16090930922003,36.8187809947412,-0.172072254612658,-0.0018216393210171,-0.216364354277949
338.5,51.5094953534386,-0.160902243382166,34.558279175777,-0.172080998479818,-0.00182023799431638,-0.216374881097838
339,51.5095322884669,-0.160906263926482,34.0269592774566,-0.172069407634762,-0.00181903841342999,-0.216361861947623
339.5,51.5095264466937,-0.160927585074501,39.4557369768154,-0.172075485874789,-0.00181453229580477,-0.216363310661595
340,51.5095339482446,-0.160916208220432,33.8052294449881,-0.172085479633694,-0.0018134012797486,-0.21637051547135
340.5,51.5095600567677,-0.160956178076939,35.9323809037451,-0.172075333881153,-0.00180890150200782,-0.216363579885832
341,51.5095309784548,-0.160887918298616,40.1508201947436,-0.172072121970715,-0.00180293212073768,-0.21636353359974
341.5,51.5095699877966,-0.160921792987165,38.1916523412801,-0.172075702063885,-0.00181173602903938,-0.216367812123768
342,51.5095827397179,-0.160956899333858,39.1835017532576,-0.172079197400435,-0.00179530238033651,-0.216368729748509
342.5,51.5095593613186,-0.160922710754749,34.3772438459564,-0.172085589956902,-0.00179793747871287,-0.216368520526245
343,51.5095577972003,-0.160888500387632,36.1712161789183,-0.172081594210215,-0.00179233366730347,-0.216361751086604
343.5,51.5095816765409,-0.160896283728028,37.7350233136676,-0.172081018856575,-0.00180456765418685,-0.21636361766475
344,51.5093553312475,-0.160964171328839,102.406985762995,-0.172095042291897,-0.00179497639976693,-0.216370192158297
344.5,51.5093447288439,-0.160969266936491,97.3507227255031,-0.172107843769941,-0.00183093223388824,-0.216378365157619
345,51.5093699823462,-0.16096224513768,103.428244943265,-0.172115957121765,-0.0018666956648658,-0.21638983405546
345.5,51.5093565539005,-0.160988955491517,102.045010556467,-0.172134212622693,-0.00189093775632978,-0.216403361270874
346,51.5093585672322,-0.160965991585561,99.1768139500637,-0.172155279517113,-0.00192673161062177,-0.216416491495191
346.5,51.5093694136738,-0.160954299716483,95.086958324071,-0.172141872663122,-0.0019228208274576,-0.216414386795105
347,51.5093693360283,-0.160938411686561,94.7028696339112,-0.172130544244286,-0.00193057519935579,-0.216404243480353
347.5,51.5093448001769,-0.160970345615227,100.759624764789,-0.172126277988469,-0.00192455225315361,-0.216411697035921
348,51.5093757181978,-0.160965261921114,99.2815669076517,-0.172103254731492,-0.001929692334092,-0.216403397387556
348.5,51.5093713259268,-0.160962885980711,98.2308311813977,-0.172121239812092,-0.00193071227593588,-0.216406498554438
349,51.5093458576968,-0.1609624408763,103.387677759631,-0.172105155906224,-0.00195008573805829,-0.216401843853577
349.5,51.5093450993329,-0.16095936767302,103.207728719572,-0.172119644130472,-0.00194986388216003,-0.216407935731246
350,51.509334336835,-0.160943012556299,97.1953042214736,-0.172136268679418,-0.00195506352118236,-0.216419527577306
350.5,51.5093811915526,-0.160953233659775,105.562812392833,-0.172147192903903,-0.0019734854794122,-0.216431153832423
351,51.5093575341864,-0.160955749301866,102.045104263816,-0.172168523821847,-0.00196129861856817,-0.21642956490463
351.5,51.5093800896829,-0.160940911104653,95.745021387469,-0.172186237807306,-0.00197870247944717,-0.216439964032957
352,51.509354181445,-0.160970626364685,94.7940225461498,-0.172202740536876,-0.00198093339489373,-0.216445759924325
352.5,51.5093450241667,-0.160951325583526,99.0225735977292,-0.172217036179975,-0.00201303771072909,-0.21646208186091
353,51.5093590149479,-0.160953774207977,96.5066183137242,-0.172243078938832,-0.00203006182015529,-0.216470076039338
353.5,51.5093751839896,-0.160946307831465,99.1542640600819,-0.172263396404115,-0.00206194530039247,-0.216485081298905
354,51.5093470943518,-0.160963181196557,99.9961810361128,-0.172282005042446,-0.00210383662326924,-0.216502770416759
354.5,51.5095815063429,-0.160926803097619,40.7886431573424,-0.172272873753426,-0.00210187600237658,-0.216492770886571
355,51.5095880114172,-0.160920650662906,34.9840179439634,-0.172273897127276,-0.00209123290252539,-0.216494700700987
355.5,51.5095835681335,-0.160913329797534,35.0335806102958,-0.172276782378257,-0.00210109102487768,-0.216494769677752
356,51.5095616825172,-0.160902508884546,37.6130896718241,-0.172273647802963,-0.00209518071718544,-0.21649409253145
356.5,51.5095511685026,-0.160907530494183,38.5139925056137,-0.172283650398993,-0.00209231205558858,-0.216493248124241
357,51.5095372627996,-0.160915529288787,38.8667642474174,-0.172279752371805,-0.00210713532248788,-0.216499929736403
357.5,51.5095502974614,-0.160911743459491,32.2143628587946,-0.172272486838166,-0.00209495294806579,-0.216480275606007
358,51.5095460403914,-0.160867875069092,36.8763513814192,-0.17227092906017,-0.00209909134727942,-0.216489004612396
358.5,51.5095298408007,-0.160907051513825,40.4402850451879,-0.172274346259046,-0.00209100278930173,-0.216492146766511
359,51.5095258182697,-0.160896379347079,39.6986192082986,-0.172275380409661,-0.00209106104791299,-0.216486517122293
359.5,51.5094992316668,-0.160842225633932,39.8530892804265,-0.172279047935666,-0.002086363844146,-0.216492030587526
360,51.5095150024148,-0.160929627678708,35.7237911431585,-0.172286735646094,-0.002090356874929,-0.216489917168598
360.5,51.509508294009,-0.160893479832686,37.2971206235234,-0.172285336871447,-0.00208804772024084,-0.216485552391252
361,51.5094973215692,-0.16093185128105,36.7035618764348,-0.172286493579898,-0.00208819170742464,-0.216491685643799
361.5,51.5095046149912,-0.160901611629809,36.3884021409322,-0.172290398470464,-0.0020861871942249,-0.216484963860546
362,51.5094912664606,-0.160892771100301,37.3890399916563,-0.172286039066678,-0.0020786926199055,-0.216488466433008
362.5,51.5095028656012,-0.160907197801973,33.818043346284,-0.172287244441569,-0.00207960362722607,-0.21648350306165
363,51.5094807431907,-0.160892001516695,41.4620802665595,-0.172277745628329,-0.00208583939286816,-0.216485820665695
363.5,51.5094780003942,-0.160883915464818,34.5820750519633,-0.172283311401836,-0.00207233197707369,-0.216490509598829
364,51.5094459314989,-0.160894864725133,37.6327568322886,-0.172289010977581,-0.00207080147567093,-0.216489731226543
364.5,51.5094652801766,-0.160920879968971,36.2585701853968,-0.172284450520173,-0.00206844150939556,-0.216485121864103
365,51.5094616753282,-0.160871559098176,34.7732809849549,-0.172284924598886,-0.00207095232920471,-0.216480017055072
365.5,51.5094589597308,-0.16091027073422,35.8872650363483,-0.172283886715652,-0.00206734243106594,-0.216481077529218
366,51.5094591269966,-0.160932432519539,41.3025316616986,-0.17228916519914,-0.00207230403808989,-0.21648371918929
366.5,51.5094361508666,-0.160913747897945,33.9865600850899,-0.172286558246175,-0.00205910022412243,-0.216479008058614
367,51.5094499472455,-0.160962080491599,37.2634303050581,-0.172292728134308,-0.00206285524299114,-0.216482461570011
367.5,51.5094161610961,-0.160902158621039,39.2180677410215,-0.172279162524511,-0.00206235212483657,-0.216487560950543
368,51.5094262676838,-0.160916350777672,34.0835675683338,-0.172287692671674,-0.00206109603911868,-0.216477618771922
368.5,51.5094128159772,-0.160884141505216,41.4927856018767,-0.172290570473503,-0.0020558279181437,-0.216480866880316
369,51.5094074762765,-0.160927365470022,33.9617883802857,-0.172299470795289,-0.00205251893196688,-0.21647723509442
369.5,51.5094135933659,-0.160929573977834,37.2533974132966,-0.172290749950702,-0.00207197993743218,-0.216483310340685
370,51.5093948181759,-0.160866462027004,38.6341565044131,-0.172294133456935,-0.00205606623817126,-0.216485725507804
370.5,51.5094100644936,-0.16092497598447,31.6403453440871,-0.172290703885434,-0.00205069111909233,-0.216477153329575
371,51.5093894382912,-0.160890647960012,36.0314966868609,-0.172288824437842,-0.00204932936740502,-0.2164768978919
371.5,51.5093797545898,-0.160890886035403,36.1710239751264,-0.172297172594762,-0.00205854195236092,-0.216484068525964
372,51.5093579936984,-0.160902741486834,31.9092876634095,-0.172295908297591,-0.00205029217727391,-0.216478718418702
372.5,51.5093924877766,-0.160911268304385,33.855822411133,-0.17230111641908,-0.00204141322735255,-0.216481002875962
373,51.5093806594238,-0.160879235775883,38.497594155604,-0.172295857627953,-0.00204816640231827,-0.216486141685446
373.5,51.5093620822199,-0.160905942720752,34.5003337836824,-0.172291458135155,-0.002045190841408,-0.216471555814883
374,51.5093536947606,-0.160857905110444,43.038079470396,-0.172293316182242,-0.00204727190496525,-0.21646655418473
374.5,51.5093671654757,-0.160944509427827,35.4584156277124,-0.172288782081379,-0.00205064461471102,-0.216477388075845
375,51.5093256661272,-0.160925130866097,37.8488813166041,-0.172294782427735,-0.00205755001943691,-0.216474998706471
375.5,51.5093413433354,-0.160929657992562,32.797047205735,-0.172298071495777,-0.0020476624959276,-0.216480490702865
376,51.5093213495362,-0.160868592098686,32.2812211387791,-0.172297049376847,-0.00204593869726635,-0.216480491212616
376.5,51.5093334292352,-0.160887339844447,38.486397495959,-0.172296765784178,-0.00205400616167781,-0.216473118325585
377,51.5093096328965,-0.160918606882636,36.8655490300152,-0.172304705142313,-0.00203992547100319,-0.216473671466792
377.5,51.5093117188538,-0.160901726927549,34.0878775909077,-0.172303300510766,-0.00203297255308998,-0.216474230644215
378,51.5093107489333,-0.160940608361398,38.2379218621645,-0.172303148159171,-0.00203579877713459,-0.216472582120681
378.5,51.5093151825196,-0.160946493769338,33.9250624820124,-0.172297974286789,-0.0020426957123473,-0.216472841729256
379,51.5093113105867,-0.16094816170934,36.3379436738323,-0.172302042588124,-0.00203132868049149,-0.21647301233074
379.5,51.5092908233618,-0.160902470962397,37.9795135965105,-0.1723226849297,-0.00202916868258766,-0.216479308628958
380,51.5092802352182,-0.160878053332389,34.7387448882218,-0.172319173781287,-0.0020277228260988,-0.216477649052371
380.5,51.5092819470633,-0.160889133599241,32.9980567004532,-0.172319141787534,-0.00202186660959916,-0.216476576740154
381,51.5092909485036,-0.160878674907609,36.2866837703623,-0.172316900770964,-0.00202521211053752,-0.216474996310188
381.5,51.509289621962,-0.160901764069358,36.3576107148547,-0.172308948104461,-0.00202580657119956,-0.216467015326636
382,51.5092734868341,-0.160892614327883,42.6337450323626,-0.1723218468396,-0.00202836270399288,-0.216476204223458
382.5,51.5092931576717,-0.160936003158679,35.9700495514553,-0.172314084014207,-0.00203482826705383,-0.216472335633955
383,51.5092782930525,-0.16090125680403,37.0542280655354,-0.172318310340631,-0.00203276269618902,-0.216473061920763
383.5,51.5092570930313,-0.16086819837836,39.1046412845608,-0.172294512857831,-0.0019897789002078,-0.216450089386295
384,51.5092459998652,-0.160923788158276,34.3813537009992,-0.172272713652464,-0.00196008515517495,-0.216440830675435
384.5,51.5092523358746,-0.160902769027628,37.4228627744596,-0.172262651448709,-0.00192752619456136,-0.216429876706893
385,51.5092441192535,-0.1609357172339,34.9159772743005,-0.172247430813547,-0.00188942442844277,-0.216415856375811
385.5,51.5092352225368,-0.160901711699383,38.8813753677532,-0.172228218212705,-0.00189226055111434,-0.216409819773016
386,51.5092290321935,-0.160850148325995,43.7171615876723,-0.172202499432917,-0.00187097950890451,-0.21638994249895
386.5,51.509249022298,-0.160867762741973,39.6562845823355,-0.172197588921096,-0.00186202572225185,-0.216389797026046
387,51.5092501053035,-0.160932196672922,36.0594615442678,-0.172172936838951,-0.00185375628888218,-0.216381676895809
387.5,51.5092458653548,-0.160931085754888,36.7744505014271,-0.17216522996918,-0.00184693605995668,-0.216377350885039
388,51.5092485626832,-0.160926579535766,34.075363591779,-0.172150560756187,-0.00184931919149439,-0.216375182367444
388.5,51.5092396876543,-0.160881080497074,35.9979408243671,-0.172155775270492,-0.0018317584401318,-0.21637246746267
389,51.5092422250769,-0.160920635052445,35.799345418578,-0.172161167299965,-0.0018324996978208,-0.21636957988319
389.5,51.5092440272295,-0.160920528791875,38.7390538493637,-0.172177887150496,-0.0018146768489278,-0.216374486553827
390,51.5092466374645,-0.160889853056457,31.4351722924039,-0.172178595583116,-0.00181441633649399,-0.216375799156635
390.5,51.5092525646293,-0.160941537596292,36.409322868567,-0.172194291673855,-0.00180625375198001,-0.21637259491913
391,51.5092434979019,-0.160879759779424,41.1374838789925,-0.172214396389791,-0.0018107561228947,-0.216380571850615
391.5,51.5092458544582,-0.160877864333487,37.709919514833,-0.172192505047093,-0.0017816809888532,-0.216356863658564
392,51.5092529535817,-0.160920598872006,38.506331630284,-0.172171472180299,-0.00173578817958796,-0.216347555459169
392.5,51.5092699667195,-0.160921665309357,41.3667837411631,-0.172163080798563,-0.0017003254659566,-0.216335332456581
393,51.5092563925264,-0.160891623172329,33.185640447773,-0.172147751396576,-0.00167161404383337,-0.216323303618363
393.5,51.5092814412474,-0.160913897298523,34.2196986717172,-0.172139068640898,-0.00166455176343423,-0.216321796170076
394,51.5092902241106,-0.160899249650519,36.9365030426998,-0.172155403357587,-0.00166981549700312,-0.216325115669464
394.5,51.5092605974751,-0.160877565980329,40.1238189444412,-0.17216610509274,-0.00166679976579871,-0.21632522429029
395,51.5092759249034,-0.160857472782404,32.9294618291315,-0.172152793058283,-0.00166491813156099,-0.216320715540169
395.5,51.5092748923879,-0.160925366453176,34.1991197473835,-0.172145717658962,-0.00167473854638727,-0.216318695907032
396,51.5092974973994,-0.160915532581706,31.6088592335582,-0.172156158990011,-0.00166412134704414,-0.216316951982388
396.5,51.5093060662563,-0.160869904088228,39.652692659758,-0.172155171272579,-0.00166303374074456,-0.216320762242073
397,51.5092940035157,-0.160883580976308,39.5474534400273,-0.172162262132526,-0.00165972868751986,-0.21632253141137
397.5,51.5092928552152,-0.160854287190605,37.8887124613393,-0.172156638719419,-0.00166121609161414,-0.21632178549227
398,51.5093327901846,-0.160909135477378,37.4786989127751,-0.172154753313914,-0.00166450166731003,-0.216319024841177
398.5,51.5093262420999,-0.16088764234404,39.5721745025367,-0.172151321748496,-0.00165959198687827,-0.216315510329177
399,51.5093096027874,-0.160865862701233,40.4043995551765,-0.172154624495172,-0.00165609571994455,-0.216322271460401
399.5,51.5093334517425,-0.160910270104551,33.4959359676577,-0.172149136598383,-0.00165845464885208,-0.216318743963656
400,51.5093286596305,-0.160907873298953,37.8563750791363,-0.172144804998284,-0.00166141686703302,-0.216309126941239
400.5,51.5093549310711,-0.160862319580954,38.069109056145,-0.172155061383924,-0.00165513455938221,-0.216320115048601
401,51.5093472282195,-0.16090866255871,37.3283138279803,-0.172148499059505,-0.00165888343838486,-0.216318618059644
401.5,51.5093411343769,-0.16091337058094,35.5419611395337,-0.172156507140919,-0.00165418523380891,-0.216315324164707
402,51.5093718275824,-0.160855508192024,34.2662499567959,-0.172161729436329,-0.00165022548072942,-0.216311158120698
402.5,51.5093931128673,-0.160929637280638,29.2552163954824,-0.172163806193596,-0.00164370635180039,-0.216314633738509
403,51.5093722778837,-0.160891571466588,37.3787235652562,-0.172166441757186,-0.00164192108804062,-0.216313359852564
403.5,51.5093870206507,-0.160906250384021,33.2922603648622,-0.172169465139622,-0.00164751278728624,-0.216320279096141
404,51.5093626916408,-0.160828694843787,37.42182933609,-0.172170442468149,-0.00165430674079852,-0.216317502268589
404.5,51.5093689925133,-0.160910258729567,31.065961437067,-0.172168929768742,-0.00165127074743654,-0.216313689636205
405,51.5093892969723,-0.160865475610971,39.4477737627458,-0.172160826669043,-0.00164977469215485,-0.216313055153482
405.5,51.509426228154,-0.160912666528165,36.8745034865569,-0.172167016879725,-0.00164447514177279,-0.216313573849059
406,51.5093860220447,-0.160896200110297,40.2892738096416,-0.172159067793015,-0.00163468752144211,-0.216307536097808
406.5,51.5094154966956,-0.160858471578534,34.7655772487633,-0.172157484763492,-0.00164052246825572,-0.216309176438865
407,51.5094097654873,-0.16089039537578,35.9572327451315,-0.172162911490276,-0.00163064700051565,-0.216316224794986
407.5,51.5094212928214,-0.160888939792134,35.9413496470079,-0.172164608745618,-0.00163177716167276,-0.216309289329368
408,51.5094022178518,-0.160856686342325,36.056577806361,-0.172159589827093,-0.00163293354792976,-0.21630517362736
408.5,51.5094323871737,-0.160882211888755,37.4842688152567,-0.172161868881285,-0.00164420465810686,-0.216305838894329
409,51.5094421505063,-0.160899980567029,43.6060539921746,-0.172161455582386,-0.00162773960975585,-0.216311141463934
409.5,51.5094378842105,-0.160915116514239,33.0500279997941,-0.172155986963541,-0.00162900931470005,-0.216297868904551
410,51.5094517442741,-0.160907330856696,34.6624173645396,-0.172158964943011,-0.00161707477316807,-0.216305478683614
410.5,51.5094577370633,-0.160858193337565,38.8180528155062,-0.172158083716239,-0.00162566342597867,-0.216307719879322
411,51.509460081076,-0.160906341807098,38.5599364503287,-0.172155770282948,-0.00162124168874387,-0.216307791012344
411.5,51.5094647674967,-0.160875972280746,34.042200056836,-0.172160483183521,-0.00162404138595763,-0.216298674582698
412,51.5094778774533,-0.160911128261034,33.9600930835586,-0.17216207138883,-0.00163031198470972,-0.216300071257534
412.5,51.5094481267346,-0.160891515583201,35.5966175862122,-0.172159456830254,-0.0016219840632126,-0.2163046786616
413,51.5094696635125,-0.160861369866687,41.9187004400883,-0.172162162240091,-0.0016279917080045,-0.21630114883461
413.5,51.5094896779285,-0.160882556068718,40.1133004939184,-0.172166446136625,-0.00162067379350053,-0.216309432486025
414,51.5094905812042,-0.160911086537191,32.5285874153487,-0.172168254288988,-0.00161995623962352,-0.216307319016539
414.5,51.5094755989991,-0.160867856307175,37.3443042614963,-0.172169417991566,-0.0016203282398969,-0.216302393150698
415,51.5095175909989,-0.160897955194503,36.8767970963381,-0.172174637876665,-0.00162462523432746,-0.216310823028203
415.5,51.5095123447801,-0.160958675947289,33.0685995395761,-0.172173132200955,-0.00160328015563852,-0.216302872074286
416,51.5095171501387,-0.160912057265137,40.3493468437809,-0.172178031650191,-0.00160920628057156,-0.216304307660311
416.5,51.509523515701,-0.160896672525573,40.1857012286782,-0.172164274102645,-0.00161452150150265,-0.216303602000718
417,51.5095299816083,-0.160882421638275,38.3854958626907,-0.172181225022891,-0.00162741858692908,-0.216302093281334
417.5,51.5095549482155,-0.1608771965172,39.0740135158412,-0.17218587740432,-0.00161193007335246,-0.216306521508766
418,51.5095559644869,-0.160952247124005,32.0472722216509,-0.172179717218008,-0.00161278277389659,-0.2163038189187
418.5,51.5095490907224,-0.1608963515666,36.3855182984844,-0.172178805646332,-0.00161401287140845,-0.216303456513636
419,51.509558527256,-0.160883726975326,35.7271215277724,-0.172172902960308,-0.00161305467645696,-0.216298582216653
419.5,51.5095763344506,-0.160901139843931,34.7957905794028,-0.172168607604713,-0.00160971379110863,-0.216296587853212
420,51.5095330200924,-0.160867680726277,40.6197080032434,-0.172181649837512,-0.00160906459183116,-0.216299006679908
420.5,51.5095474376866,-0.160874063079774,35.5371323337313,-0.172176149284054,-0.00160159377401955,-0.216289563569676
421,51.5095689527931,-0.160891453107219,42.2539674523287,-0.172165329310572,-0.00160641468112787,-0.216294546989853
421.5,51.5095732356571,-0.160885987624404,34.5741768993903,-0.172169871300204,-0.00160295213144421,-0.216294032465615
422,51.5093477781092,-0.16091123327635,101.991156164557,-0.172172351754655,-0.00158522877075931,-0.216301997498036
422.5,51.509338229901,-0.160952362040749,100.339823484188,-0.172196442886457,-0.00163157840537978,-0.216314953856777
423,51.5093684101235,-0.16092413675233,95.3660205397755,-0.172215290714556,-0.00166096574924418,-0.216325522580107
423.5,51.509344992822,-0.160959044838378,100.854081655154,-0.172231629340897,-0.00167712801422027,-0.216338264084329
424,51.5093372873897,-0.160918084757054,96.0687274560332,-0.172248882298517,-0.00172599439922456,-0.216348054171011
424.5,51.5093455323972,-0.160931756776376,101.962592612254,-0.172267059105974,-0.00173823915793283,-0.216357251590257
425,51.5093253896575,-0.160906882029779,103.05992307933,-0.172275851255918,-0.00175834938850676,-0.2163672111843
