0,51.5092544613453,-0.16104548490272,0,0,-1.542892291
0.5,51.5092545488553,-0.161045546905275,0.0194725070250663,-0.00860928516045381,-3.79790438164981
1,51.5092551782017,-0.161045562476555,0.140040472381902,-0.00216213009932627,0.75248449873199
1.5,51.5092566391145,-0.161045631986522,0.325078414146038,-0.00965171671694857,0.414899950288834
2,51.5092590875518,-0.161045784665305,0.544819706796649,-0.0212000143030336,-0.556803128701108
2.5,51.5092624581617,-0.161045775562312,0.750019102042531,0.00126398412474347,0.516727773346137
3,51.5092669970424,-0.161045728883815,1.00997960395415,0.0064814810849314,0.316631397124533
3.5,51.5092721872041,-0.161045611395206,1.15490089319971,0.0163137236231169,1.11188728256084
4,51.509277970544,-0.161046264643401,1.28689334085871,-0.0907058928669078,-3.37000175209152
4.5,51.5092836551214,-0.161046374368754,1.26491697819225,-0.0152357633308391,-0.477209370304726
5,51.5092891152593,-0.161046433955333,1.2149752894906,-0.00827381164657074,-0.253414848386305
5.5,51.5092949125752,-0.16104638333297,1.29000323764376,0.00702909703999553,0.649752342590692
6,51.5093007726917,-0.161046765714822,1.30397745788161,-0.0530950873157929,-1.79164062092925
6.5,51.5093066545801,-0.161046362186633,1.30882208562574,0.0560313246606878,2.77501953689356
7,51.5093120916849,-0.16104650332713,1.20985002548817,-0.0195978577951076,-0.710210692317861
7.5,51.5093177530758,-0.161046321289724,1.25975759060782,0.0252765353108456,1.39046886108311
8,51.5093234778786,-0.161046708387692,1.27386780599187,-0.0537499103418349,-2.33523172940912
8.5,51.5093291553944,-0.16104717500786,1.26334564857474,-0.0647918384029801,-2.75925116439537
9,51.5093347471732,-0.161047484768798,1.24426768074765,-0.0430113817649268,-1.74048317976377
9.5,51.5093404339851,-0.161046360906983,1.26541420230243,0.156052095824953,7.05723777159051
10,51.5093460877492,-0.161045856906129,1.25806048129018,0.0699822512828736,3.35216597353552
10.5,51.5093517045745,-0.161045698761614,1.24984096967167,0.02195890677806,1.42824359319275
11,51.5093571193625,-0.161045553095202,1.20488417097348,0.0202262772763103,1.5037798892491
11.5,51.5093628041917,-0.161045653914714,1.26497301201705,-0.0139991307410615,-0.122239659463443
12,51.5093683991193,-0.161045748604914,1.24496836204834,-0.0131480533330808,-0.158674732196068
12.5,51.5093741964257,-0.161045717060316,1.29000112602844,0.00438007315563018,0.403293555050706
13,51.509379856502,-0.161045995216059,1.25946507850291,-0.0386228525562281,-1.21081220533844
13.5,51.5093855591552,-0.161046376983331,1.26893917205741,-0.0530096523459664,-1.90488789668764
14,51.5093909939683,-0.161046672112382,1.20934010186342,-0.0409796430875896,-1.50987739558743
14.5,51.5093965208752,-0.161046516040573,1.22983255999378,0.0216710832514192,1.3635366461718
15,51.5094018595579,-0.16104702098245,1.18794944414166,-0.0701128298183244,-3.07435063254321
15.5,51.5094074036117,-0.161047931147804,1.23364803800375,-0.126379418673279,-5.10526341170437
16,51.5094129899611,-0.161048440105888,1.243059574477,-0.0706704762418317,-2.66021233700022
16.5,51.5094186299262,-0.161048484979,1.25498998701647,-0.00623077585245345,-0.115539992299626
17,51.5094240880143,-0.161048731499558,1.21451920757515,-0.0342301685199871,-1.70400272294827
17.5,51.5094297222125,-0.161049142445325,1.25370673912257,-0.0570611280576381,-2.45073436855597
18,51.5094354486153,-0.161049465983291,1.27422388163623,-0.0449242708782506,-1.73608561232699
18.5,51.5094413126941,-0.161049604207179,1.30485916695221,-0.0191928221226695,-0.803173094527683
19,51.5094469061639,-0.161049819430116,1.24464399887228,-0.0298843787097174,-1.49508315827454
19.5,51.5094525875264,-0.161049486589591,1.26420161851058,0.0462159433894788,2.58281879417823
20,51.5094582275772,-0.161049412028112,1.25500907591563,0.0103530922273214,0.993101697828742
20.5,51.5094635077405,-0.161049515274901,1.17492785985662,-0.0143361347142931,-0.406497878749397
21,51.5094691448132,-0.161049820734912,1.25434637095337,-0.0424140583441352,-1.3614024008662
21.5,51.5094747963161,-0.161049253188586,1.25755736608039,0.0788055364256571,3.94047140868534
22,51.5094801418562,-0.161049511921172,1.1894753412641,-0.0359258036099914,-1.41702221942637
22.5,51.509485505373,-0.161049955299609,1.19347545890967,-0.0615644322896796,-2.36799312777439
23,51.5094910307433,-0.161049700033168,1.22949066555703,0.0354445103489261,1.73980616096762
23.5,51.5094964231424,-0.161049576262514,1.19990228173863,0.0171859242442836,1.19300072260985
24,51.5095019206939,-0.161050041622621,1.22330050731716,-0.0646166301366904,-2.84590807810903
24.5,51.5095074708739,-0.161050115215467,1.23501127047272,-0.0102185835880863,0.0594643362732742
25,51.5095131558285,-0.161050016446628,1.26500093751563,0.0137143426710057,1.24618525341605
25.5,51.5095189076054,-0.161050166938243,1.27987006890082,-0.0208961990898976,-0.47879861960153
26,51.5095245923853,-0.161050267741735,1.26496209119921,-0.0139968566169517,-0.181023178600582
26.5,51.5095300133865,-0.161050955381447,1.20626674907145,-0.0954807534777478,-4.06170158807862
27,51.5095357190977,-0.161051189225448,1.26961965495688,-0.0324699087523725,-1.04091351778962
27.5,51.5095414186722,-0.161050702702929,1.2682541442527,0.0675550354558332,3.56786504808018
28,51.509547170286,-0.16105086686977,1.27983377054078,-0.0227950298476507,-0.586188656407858
28.5,51.5095529002268,-0.161050834241083,1.27501116653371,0.00453058484297506,0.518157239898115
29,51.5095586352989,-0.161051549468149,1.27615298105195,-0.0993112747789187,-4.20811973027857
29.5,51.5095642703297,-0.16105192967232,1.25389204164657,-0.0527924039790378,-2.53415642741181
30,51.5095699251781,-0.161052400642158,1.2583018094751,-0.0653954606351973,-2.97960133704693
30.5,51.5095758327493,-0.161052667321809,1.31453703160263,-0.0370292001066047,-1.07325881413887
31,51.5095815608981,-0.16105243936238,1.27461240820066,0.0316527872036759,1.58881898243309
31.5,51.5095871556453,-0.161052541385901,1.24492827415941,-0.0141662418570236,-0.435652560388275
32,51.5095927639163,-0.161052024439269,1.24793752789374,0.0717794293270541,3.26443519826175
32.5,51.5095981765075,-0.16105232305382,1.2043953901234,-0.0414634281642447,-1.20144568513553
33,51.5096024941185,-0.161052990673712,0.960743297961841,-0.092700796755819,-4.32978955794716
33.5,51.5096059081036,-0.161053153177317,0.759670891554275,-0.0225640558992443,-1.927490052527
34,51.5096081549574,-0.161053106329332,0.499963934213636,0.00650496654807922,1.03190486680621
34.5,51.5096088251207,-0.161049902676782,0.149122954148936,0.444835611437027,15.8578828370209
35,51.5096090249841,-0.161046542754526,0.044473073160302,0.466534070416755,28.9885511239177
35.5,51.5096087129007,-0.161043217109896,-0.0694439675327446,0.461774534923352,44.6318011306136
36,51.509607552422,-0.161040145174041,-0.258226630238681,0.426546412650056,61.2817965172717
36.5,51.5096059984705,-0.161037761422982,-0.345781153802738,0.330990146040145,77.0385802469542
37,51.5096045099715,-0.161035630493325,-0.331216843958426,0.295885234703832,88.9898409389146
37.5,51.5096025057534,-0.161034764956848,-0.445973285099787,0.120182040710285,105.501116589765
38,51.5096005382523,-0.161034258775957,-0.43780311617134,0.0702845654623453,116.779164471604
38.5,51.5095984423395,-0.161034581845212,-0.466376924361563,-0.0448590289722234,128.468009583058
39,51.5095964866032,-0.161036217728136,-0.435185243065227,-0.227146722666569,144.842712276513
39.5,51.509594936703,-0.161039240218925,-0.344879657786674,-0.41968095050567,166.221464816
40,51.5095939039702,-0.161043254509236,-0.229800967632173,-0.557394986029261,178.996112697637
40.5,51.5095925337033,-0.161043191232955,-0.304908130388599,0.00878608172770274,179.213582986185
41,51.5095901981623,-0.161043051580484,-0.519698377894512,0.0193911221476916,178.733611235989
41.5,51.509586980184,-0.161043593858226,-0.716055977034779,-0.0752967316384695,186.193852086504
42,51.5095826253978,-0.161043909847011,-0.96901543094457,-0.043875901958802,182.82878738471
42.5,51.5095773382373,-0.161043248988919,-1.17648486724896,0.0917619534810986,176.108248898933
43,51.5095715709437,-0.161042771184576,-1.28332283848606,0.0663444481059368,177.473097123704
43.5,51.5095659122469,-0.16104310442541,-1.25915813404591,-0.0462714127536914,182.309180163484
44,51.5095602512411,-0.161042896165643,-1.25967193791911,0.0289174490210903,178.825895765995
44.5,51.5095546350266,-0.161043094023485,-1.24970511242435,-0.0274731161904895,181.451882999777
45,51.5095490683136,-0.161042682652181,-1.23869015422547,0.057120065965365,177.544599131396
45.5,51.5095435184805,-0.161042784199547,-1.2349340818933,-0.0141001398866663,180.932519190168
46,51.5095378354307,-0.161043022490109,-1.26457709499743,-0.0330873248881158,181.725252475273
46.5,51.5095321293604,-0.161042821046941,-1.26969956501992,0.0279709624993514,178.936506580133
47,51.509526589869,-0.161042269043338,-1.23263288639882,0.0766472952084251,176.710909640312
47.5,51.5095211790195,-0.161041907004448,-1.20400781162204,0.0502701517514564,178.165471249533
48,51.5095156075421,-0.161041726746388,-1.23975030600514,0.0250293584256372,178.968167744371
48.5,51.5095099284101,-0.161042141389177,-1.26370532664809,-0.0575743701676596,182.898465681946
49,51.5095041558103,-0.161042406659919,-1.28450351753809,-0.0368336270448959,182.043821566107
49.5,51.5094986301142,-0.161041561013959,-1.22956317129318,0.117420456656248,175.458876562691
50,51.5094929962928,-0.161041995169841,-1.25362292254781,-0.0602838428657445,183.364865142512
50.5,51.5094874559167,-0.161041463688272,-1.23282972714548,0.0737978145115961,177.015070067089
51,51.5094817463781,-0.161040689964181,-1.27047132614217,0.107433931027716,175.337202439138
51.5,51.5094761964317,-0.161040765158129,-1.23495926955544,-0.0104409084853322,180.618933787335
52,51.5094709021002,-0.161041251016471,-1.17808053848444,-0.0674629168021646,183.520248626762
52.5,51.509465472446,-0.161040774837521,-1.20819217409427,0.0661189114955358,176.85811445844
53,51.5094597680178,-0.161041070996496,-1.26933414931831,-0.041122589587619,181.833003677448
53.5,51.5094542751586,-0.161041663151017,-1.22225639784782,-0.0822224961308384,184.166600039246
54,51.509448570453,-0.161041952584853,-1.26939586561013,-0.040188793013423,182.219399110767
54.5,51.5094429764254,-0.161042129197065,-1.24476810082552,-0.0245231607909494,181.354138892935
55,51.5094373047678,-0.161041504025341,-1.262042144376,0.0868070697635059,176.418506967651
55.5,51.5094316219329,-0.16104121892159,-1.2645292578538,0.0395875618195265,179.085560771552
56,51.5094260358926,-0.161040695046733,-1.24299078524774,0.0727416975901187,177.437738491613
56.5,51.509420267171,-0.161040266822216,-1.28364053674337,0.0594603497743107,177.642142495337
57,51.5094146516339,-0.161040002997385,-1.24955434481069,0.0366329298358617,179.012885315455
57.5,51.5094088542471,-0.161040102574854,-1.2900190296041,-0.0138266548672196,181.302520566319
58,51.5094032663138,-0.161038868477677,-1.24341202077769,0.171358421082177,173.080096144079
58.5,51.5093977256713,-0.161038346287892,-1.23288897919048,0.0725077649734063,176.31412533213
59,51.5093920183836,-0.161038408737755,-1.26997043168406,-0.00867136945379239,180.377675578169
59.5,51.5093861415474,-0.161037849660593,-1.30769789588381,0.077629717898953,176.620195392629
60,51.5093805476474,-0.161038034358101,-1.24473969152939,-0.0256458645991061,181.037656439065
60.5,51.5093748402726,-0.161037993855895,-1.26998981576027,0.00562386689909348,179.63800457703
61,51.5093690528072,-0.161037451510243,-1.28781135587334,0.0753065204635807,176.893205287588
61.5,51.5093635495047,-0.16103768688064,-1.22458016443469,-0.0326819762707166,181.234100679592
62,51.5093578646868,-0.161037749495413,-1.2649705172828,-0.00869427430616775,180.439086773691
62.5,51.5093521591137,-0.161037495598848,-1.26958889140278,0.0352544063202894,179.045517185805
63,51.5093463442313,-0.161038400943556,-1.29391209110514,-0.12571022450315,185.699014589818
63.5,51.5093406594128,-0.161038507345533,-1.26497064362339,-0.0147742820552601,181.212675507262
64,51.5093350229987,-0.161038842766668,-1.2541997956084,-0.0465743889678911,182.706492828842
64.5,51.5093295644023,-0.161039099792862,-1.21463229487627,-0.0356889835992908,182.602573280089
65,51.5093239232685,-0.161039001868816,-1.25525003417153,0.0135970970748067,180.68052516529
65.5,51.5093183066399,-0.161038822016857,-1.2497971800186,0.0249730779552556,179.350320531539
66,51.5093126897361,-0.161038678202558,-1.24985844195701,0.019969124382286,179.391762351941
66.5,51.509307117346,-0.161038591191244,-1.23995333773848,0.0120818304891117,179.1876057843
67,51.509301477656,-0.161038494288172,-1.25492876446666,0.0134553378379606,179.317217562009
67.5,51.5092959609944,-0.161037935767727,-1.22755278869984,0.0775525689791811,176.40834471865
68,51.5092902094675,-0.161038099370367,-1.27981440330941,-0.0227168167761834,181.303377170353
68.5,51.5092847266692,-0.161038117024553,-1.22001761953248,-0.00245134774270748,180.443868949373
69,51.5092790292136,-0.161037574934084,-1.26778258455154,0.0752712356653369,176.88191515968
69.5,51.50927354629,-0.161037634565642,-1.22004549712279,-0.00828005994947651,181.018156524029
70,51.509267793705,-0.16103761001478,-1.28004985323288,0.0034089775251247,180.37560800125
70.5,51.5092621328019,-0.161037393619997,-1.25964902057414,0.0300472146823913,178.438012996199
71,51.5092565932685,-0.161036839197332,-1.2326421555674,0.0769836439235348,176.908771999811
71.5,51.5092510245001,-0.161037187025444,-1.23914746435458,-0.0482972296061225,182.915893430594
72,51.5092465572463,-0.161036854271022,-0.994041355918732,0.046204196087206,178.208254945167
72.5,51.509243268438,-0.161036350901629,-0.731816831335981,0.0698947280589076,175.690230145339
73,51.5092408887706,-0.161036176123439,-0.529517222460588,0.0242686083770893,178.327206647076
73.5,51.5092400097735,-0.161033050566937,-0.195592075794135,0.43399527322327,163.626819819895
74,51.5092401205654,-0.161029313944974,0.0246531026853755,0.518844009082978,147.878324425058
74.5,51.5092414474824,-0.161025052862442,0.295262024951699,0.591667313616233,134.962556274357
75,51.509243098449,-0.161021704498686,0.367368678275597,0.464932866732227,118.846441384964
75.5,51.5092444214874,-0.161018942157617,0.294398968920792,0.383561407487964,101.839422823959
76,51.5092467330387,-0.161017258336714,0.514360203217704,0.233804829561144,89.3079891649778
76.5,51.509248689839,-0.16101606091164,0.435421983082658,0.166266942549898,76.2493632245617
77,51.5092508239423,-0.16101561670049,0.474874949432467,0.061680373879986,60.8766406577287
77.5,51.5092530568522,-0.161016792697638,0.496861136915151,-0.163291579370895,43.8736121696284
78,51.5092549648719,-0.161018284530401,0.424567454171597,-0.207146521055645,28.3919835597965
78.5,51.5092566811718,-0.161020316538642,0.381906447398153,-0.282151882111585,15.8995577157344
79,51.5092578075926,-0.161023725551077,0.250648161057491,-0.47335401093875,1.87812506287936
79.5,51.509259224384,-0.161023793485469,0.31526062177826,-0.00943294178504309,1.1782317706576
80,51.5092614244408,-0.161023980497467,0.489550754477159,-0.0259673069180137,-1.24727081626296
80.5,51.5092646588253,-0.161024129358114,0.719706605053148,-0.0206698493704668,-1.47000225108432
81,51.5092690406936,-0.161024157165922,0.97504160807499,-0.0038612163125203,0.349002910522808
81.5,51.5092743211831,-0.161024179122624,1.17500040215425,-0.00304876827333805,0.00737480124431656
82,51.5092800501978,-0.161024016109178,1.27480503074592,0.02263501004565,1.1924754113249
82.5,51.5092856004235,-0.161024032040215,1.23502140392416,-0.00221208215513424,0.24996541292756
83,51.5092913167757,-0.161024666067352,1.27198739668455,-0.0880369532359213,-3.5637955793488
83.5,51.5092968878153,-0.161024878951348,1.23965284810797,-0.0295597065383514,-1.19962494538736
84,51.509302412441,-0.161024584239731,1.22932495688391,0.0409217604001303,2.08356884650653
84.5,51.5093082548067,-0.161024622507376,1.30002760340523,-0.00531359853302751,0.206553219053006
85,51.509314097281,-0.161024621530279,1.30005174848373,0.000135673438629353,0.517234037171164
85.5,51.5093198930059,-0.161024838400857,1.28964923627314,-0.0301132426293143,-1.39979187744004
86,51.5093254428855,-0.161024935999702,1.23494436547646,-0.0135519412822179,-0.313248220070262
86.5,51.509330945573,-0.161024638874435,1.22444333511457,0.0412568784846769,2.79042257847885
87,51.5093364779466,-0.161025363498739,1.23104898913229,-0.100616596865257,-3.76786576012383
87.5,51.5093421163406,-0.161025581765498,1.25464037885513,-0.030307092480496,-1.20115168961687
88,51.5093477979723,-0.161025269495086,1.26426151416521,0.0433598185329342,2.12280398394541
88.5,51.5093534579403,-0.161024997102511,1.25944096255374,0.0378226393395705,1.93387164114692
89,51.509358961489,-0.161025222640104,1.2246349497092,-0.0313166612867919,-1.02988208041784
89.5,51.509364713627,-0.161025303843661,1.27995039967026,-0.0112753884164835,-0.522624065761779
90,51.5093703274268,-0.161024974428382,1.24916774856977,0.0457404197309607,1.93661816624203
90.5,51.5093760792406,-0.16102481653319,1.27987825114557,0.0219242757402777,1.56328924809729
91,51.5093818028083,-0.161025248061097,1.27359299349624,-0.0599190864855282,-2.59925485033776
91.5,51.5093873073341,-0.161025409241724,1.22485238434804,-0.0223804640384118,-0.494879820608636
92,51.5093926470823,-0.161025888788517,1.18818652767915,-0.0665866528273331,-2.67790841865014
92.5,51.5093982419868,-0.161025967925539,1.24496321819627,-0.0109884350159243,-0.25718553617945
93,51.5094038331473,-0.161026307602389,1.24413011046598,-0.047165238723825,-1.81669615199867
93.5,51.5094095854715,-0.161026356945483,1.27999182338241,-0.00685144871188152,-0.0783979513899505
94,51.5094153247694,-0.161025735505593,1.2770932541873,0.0862889342710885,4.02655416930156
94.5,51.5094210309627,-0.161025544992206,1.26972692650393,0.0264533953783008,1.0807363336563
95,51.5094267146172,-0.161025348853036,1.2647116388144,0.0272345499303663,1.07510208398313
95.5,51.5094324590305,-0.161025838802489,1.27823152143,-0.0680310372354348,-2.58999055905416
96,51.5094380737436,-0.161026136532407,1.24937097823553,-0.0413407394520128,-1.3588939792568
96.5,51.509443758601,-0.161026077333848,1.26497930546056,0.0082199058943586,0.548949037079332
97,51.5094495222497,-0.16102550158196,1.28251174080248,0.0799449479731361,3.6382395557826
97.5,51.5094551592129,-0.161025200973355,1.25432200670632,0.0417404384545049,2.19813065150451
98,51.5094606621174,-0.161024946636437,1.22449164055861,0.0353154669201343,1.71748600941669
98.5,51.5094661207902,-0.161024735821645,1.21464932122011,0.0292722816005873,1.48427033001022
99,51.5094718930269,-0.161024453781896,1.28442272731494,0.039162080930794,2.06298460208584
99.5,51.5094775555936,-0.161024479095114,1.26001924096987,-0.00351481721991553,0.194862289908607
100,51.5094833242119,-0.161024926785622,1.28361757106941,-0.062163179403397,-1.98335012846273
100.5,51.5094886273708,-0.161024902931395,1.18004477696359,0.00331223114274585,0.685223376707542
101,51.5094945143155,-0.161025032397073,1.30994725530748,-0.0179766961122288,-0.191406896346034
101.5,51.5095000634877,-0.161024864960913,1.23478699528034,0.0232490081010706,1.25495254050039
102,51.5095054331059,-0.161024701118269,1.19483314839138,0.0227500350626497,1.61341381291161
102.5,51.5095111537975,-0.161025224331939,1.27295303322366,-0.0726497543289262,-2.91142223819636
103,51.5095168608642,-0.161025113713758,1.26992128947437,0.0153596574000747,0.963645554554823
103.5,51.5095222199761,-0.161025681573595,1.19249529289247,-0.0788489866099637,-3.04457551819641
104,51.5095278322929,-0.161026081502667,1.24883779886078,-0.0555313055309074,-1.93184839005655
104.5,51.5095333298475,-0.16102654988614,1.22330120180951,-0.0650363887628818,-2.65036005136269
105,51.5095389695914,-0.161026643723641,1.25494079126978,-0.0130296046253353,-0.38485192438773
105.5,51.5095444697637,-0.161027028078163,1.22388368568946,-0.0533687148689437,-1.99639889389277
106,51.5095500186163,-0.161027218983431,1.23471589445302,-0.026507734446849,-1.18348313373077
106.5,51.5095557229518,-0.161027526271643,1.26931355419574,-0.0426678287917237,-1.52825595741978
107,51.5095613389184,-0.161027312138921,1.24964993227564,0.0297329244785523,1.22547161904143
107.5,51.5095670161632,-0.161027786874702,1.26328540230968,-0.0659183764588041,-2.84205338107104
108,51.5095722935808,-0.16102807688873,1.17431690697992,-0.0402692453067269,-1.76407059862713
108.5,51.5095779989715,-0.16102893620294,1.26954836430055,-0.119318126398541,-4.51084185553121
109,51.5095836912592,-0.161029603399227,1.26663270821181,-0.0926420162857275,-3.8944525615063
109.5,51.5095894882186,-0.161029710994324,1.28992396698088,-0.0149398695182281,-0.432608990510259
110,51.5095950158531,-0.161029860991455,1.22999452963213,-0.0208275037235179,-0.0151673614193409
110.5,51.5096004538702,-0.161029897202957,1.21005309360472,-0.00502806359764843,0.349086893431526
111,51.5096050772314,-0.161030281236779,1.02877802091889,-0.0533241139714663,-1.96027879187245
111.5,51.5096085674053,-0.161030803315612,0.776624205399713,-0.0724920243015216,-5.36940611465127
112,51.5096108573411,-0.161030957612076,0.509550421526099,-0.0214244702063872,-2.31775474107202
112.5,51.5096121063182,-0.161028171504702,0.27791906003766,0.386858334041297,12.4886810365958
113,51.5096118798183,-0.16102419497003,-0.0504001552982215,0.552152296815739,29.7239069029926
113.5,51.5096107209826,-0.161020312178543,-0.257861020881634,0.539135822884429,46.6462981342159
114,51.5096088766286,-0.161017206360529,-0.410400743960999,0.431251027594835,65.268703592335
114.5,51.5096078984017,-0.161014314544562,-0.217672457117099,0.40153628702046,73.8242613895985
115,51.5096061820967,-0.161012438246436,-0.38190762488492,0.260528961700536,90.6734842546819
115.5,51.5096041996367,-0.16101141349665,-0.441131722317877,0.142289226650117,104.031731555854
116,51.5096020502624,-0.161011391267454,-0.478273048776561,0.00308658304212872,118.373579416894
116.5,51.5095995774049,-0.161013191065456,-0.550253672589885,-0.249906753081119,133.751610858976
117,51.5095977110006,-0.161014362829406,-0.41530731885781,-0.162702556582572,150.277449280116
117.5,51.5095961377122,-0.161017193081494,-0.350083947017104,-0.392988081036354,163.013379131268
118,51.509594864617,-0.161019684348039,-0.283285746735698,-0.345919040267875,180.284517442518
118.5,51.5095934492196,-0.161019641374417,-0.314950480248109,0.00596700277823658,179.296584794331
119,51.5095912940481,-0.161019493871708,-0.479563012089707,0.020481148295969,177.506754923511
119.5,51.5095878450382,-0.161019037290267,-0.767464504028476,0.0633975671521732,176.096228418362
120,51.5095829718079,-0.161018755486989,-1.08437824505373,0.0391291510980316,178.646308941441
120.5,51.5095776014156,-0.16101873718708,-1.19500539895536,0.00254099242719832,179.667206112774
121,51.5095718719395,-0.161018618053237,-1.27490776168139,0.0165420618583558,179.535237739593
121.5,51.509566187144,-0.161018713971998,-1.26496556027108,-0.013318585566328,181.033518755546
122,51.509560682202,-0.161018629894186,-1.22494505896758,0.0116744384096088,179.514758134343
122.5,51.5095551549776,-0.161018753121142,-1.22990324629722,-0.0171104082055991,180.452340881564
123,51.5095494764316,-0.16101918781148,-1.26357493051026,-0.0603579791103979,182.449458216924
123.5,51.5095437244347,-0.161019065147827,-1.27991902754922,0.0170321962135991,179.644933201199
124,51.5095381376193,-0.161019552368662,-1.24316329033943,-0.0676520034595714,183.23457423166
124.5,51.5095324982966,-0.161019693511232,-1.25484706892783,-0.0195980510067927,180.917592869999
125,51.5095267915287,-0.161019843338877,-1.26985479296731,-0.0208040013217996,181.299509741699
125.5,51.5095211087982,-0.161020146670666,-1.26450605238533,-0.0421185003508685,182.94492974496
126,51.5095153585675,-0.161019855229811,-1.27952601444144,0.0404674147145984,179.110621075906
126.5,51.5095097626476,-0.161018722202849,-1.2451892027011,0.157324125107228,173.47933223451
127,51.50950408245,-0.161018337809401,-1.26394242389725,0.0533741671744798,178.179801040639
127.5,51.5094985540802,-0.161017546940319,-1.23015811458161,0.109814524379638,175.413772219726
128,51.5094929144905,-0.161017670754704,-1.25490648128831,-0.0171919977717015,181.140994244775
128.5,51.5094872332515,-0.161017340703574,-1.2641741573724,0.0458285924664268,177.769837304224
129,51.5094814590815,-0.161017194171539,-1.28485291915446,0.0203464164783098,178.825233869731
129.5,51.5094758461768,-0.16101756008342,-1.24896859422004,-0.0508079782991764,182.237831688038
130,51.5094702291901,-0.161017695062836,-1.24987690866445,-0.0187423050077019,181.161625911678
130.5,51.5094646339454,-0.161017661360361,-1.24503892170097,0.00467969242388428,180.286270695013
131,51.509458903953,-0.16101764862003,-1.27502263196993,0.00176903433926698,180.271020189939
131.5,51.5094534485272,-0.161018027872285,-1.21392681387689,-0.0526603556519892,183.092269062187
132,51.5094477644203,-0.161018231425992,-1.26481231261377,-0.0282640690535411,182.095420306852
132.5,51.5094420789483,-0.161018298470883,-1.26511606006183,-0.00930939413324638,181.304820660008
133,51.5094362137843,-0.161018195625236,-1.3051006528847,0.0142804434642843,180.321437125232
133.5,51.5094306636879,-0.161018239208128,-1.23499265909032,-0.00605162312618491,180.480245831083
134,51.5094250470688,-0.161018074590161,-1.24979508887381,0.0228577311130789,179.09890101201
134.5,51.509419533197,-0.161017449124212,-1.22693205690444,0.0868479576649405,176.053571784329
135,51.5094139381067,-0.161017433601676,-1.24500456005519,0.00215535423544635,180.084892363022
135.5,51.5094083457592,-0.161017713402955,-1.24439423624756,-0.0388513165123875,181.843479364052
136,51.5094027734171,-0.161017820534152,-1.23994271308278,-0.0148755165744132,180.27610513616
136.5,51.5093973635853,-0.161017404092875,-1.2037813231418,0.0578242380890535,178.210359449774
137,51.509391655795,-0.161017426947667,-1.27008227645458,-0.00317346319441279,180.810859390865
137.5,51.5093858845525,-0.161017100032281,-1.284201483276,0.0453932856757013,178.109345922243
138,51.5093802447338,-0.161017021856489,-1.25495739357647,0.0108549692746568,179.655080908866
138.5,51.5093745609341,-0.16101682245365,-1.26474392832785,0.0276877525062376,179.23957695412
139,51.5093688983493,-0.161016878337704,-1.26002325500468,-0.00775968911610733,180.848498100671
139.5,51.5093633290956,-0.161016568733491,-1.23925548007206,0.0429895930844407,178.082523819816
140,51.5093575994082,-0.161016491197482,-1.27495473655313,0.010766138622307,179.547643531361
140.5,51.5093520968141,-0.161016765826127,-1.22442253955507,-0.0381331264042429,182.078493650881
141,51.5093464877965,-0.161016263263915,-1.24810362611103,0.069782490291481,177.326999244442
141.5,51.5093407817055,-0.161016065686058,-1.26970412516522,0.0274343678447299,178.811834787165
142,51.5093353537675,-0.161015541158303,-1.20781027777868,0.0728324992014141,176.700696133247
142.5,51.5093300526761,-0.161015311332091,-1.17958469558835,0.0319121707380543,178.751358835379
143,51.5093243687248,-0.161015486041671,-1.26477765215554,-0.0242590372801313,181.32982042402
143.5,51.5093189644551,-0.16101604041042,-1.20254365718109,-0.0769760523467701,183.824229135286
144,51.5093135270716,-0.161016149164785,-1.20991205137941,-0.0151009281901776,180.899744593814
144.5,51.5093078041144,-0.161015691046117,-1.27345713885286,0.0636114052702525,177.621187907049
145,51.5093022625053,-0.161015182884576,-1.23310405451435,0.070560044622267,177.527626585934
145.5,51.5092965554196,-0.161015079271537,-1.26992545180482,0.0143870423279424,179.540403420515
146,51.509290919401,-0.16101541928201,-1.25411180413085,-0.047211680119557,182.183303263664
146.5,51.5092853911435,-0.161015480674906,-1.23013308274599,-0.0085246260437178,181.328682947772
147,51.509279908259,-0.16101549173342,-1.22003680518186,-0.00153551492070264,180.522963365919
147.5,51.5092741568057,-0.16101565625701,-1.27979801515623,-0.0228447020489638,181.121111945196
148,51.5092686068529,-0.161015734912496,-1.23496065070866,-0.0109216031123639,180.724741337517
148.5,51.5092629239725,-0.161015475956698,-1.26453936009533,0.0359569682075077,178.883054934535
149,51.5092573737889,-0.161015457842098,-1.23501201368075,0.00251527944684168,180.161669134333
149.5,51.5092519810186,-0.161015517126944,-1.19998483153734,-0.0082319217441104,180.66042441767
150,51.5092473972912,-0.161015440107582,-1.01995876378918,0.0106944263995146,179.708214677502
150.5,51.509244117053,-0.161015357448442,-0.7299098274944,0.0114775314029146,179.075575501033
151,51.5092419157843,-0.161015261908964,-0.489820429179417,0.0132660151701937,178.425227229155
151.5,51.5092408991956,-0.161012184889825,-0.226208588334453,0.427255669559886,165.657016319295
152,51.5092407177674,-0.161008731794759,-0.0403709238772792,0.479475227024539,151.395131294523
152.5,51.509241285861,-0.16100501297986,0.126410672922581,0.516371418019949,138.801838099967
153,51.5092423864932,-0.161001694257109,0.244909724436167,0.460817109186987,124.630280442752
153.5,51.5092517539561,-0.160996383230604,2.08442278399044,0.737455811041652,104.683835193742
154,51.5092542336414,-0.160994732371305,0.551772942019501,0.229227949938847,89.9198074325061
154.5,51.5092567460456,-0.160994143302563,0.559053482595808,0.0817943798666606,73.1874086891873
155,51.5092591233049,-0.160994092153375,0.528981380519761,0.00710225418136848,61.9521281281612
155.5,51.5092632180589,-0.160998991954982,0.911153716222823,-0.680355531810995,43.3773658287807
156,51.5092652409799,-0.161000566056849,0.450134957967317,-0.218569842560298,33.4633281310435
156.5,51.5092669072052,-0.161003097699765,0.370763997055932,-0.351527931492938,16.5849978509895
157,51.5092677998364,-0.161007688178331,0.198625903391205,-0.637404822450921,-1.93181288028462
157.5,51.5092691710427,-0.161007699589697,0.305117171832619,-0.00158451003445471,1.31801195341122
158,51.5092713735008,-0.16100770771182,0.490085082401747,-0.00112778666573714,0.943908341805344
158.5,51.5092748964156,-0.161008013345861,0.783909587087188,-0.0424384034255488,-2.40540022199193
159,51.5092793006671,-0.161008021301385,0.980022280940484,-0.00110465336108416,0.327133890895017
159.5,51.5092846687606,-0.161007765952222,1.19449381413665,0.0354561566939477,1.36938205944375
160,51.5092903080424,-0.161007620112009,1.25483790176061,0.0202504397353699,1.00673011488275
160.5,51.5092960975265,-0.161008103067599,1.28826052905339,-0.0670601173813988,-2.82437594642499
161,51.5093017819037,-0.161008263619134,1.26487243148206,-0.022293154229467,-0.411854494245539
161.5,51.5093072637419,-0.161008421706886,1.21980398489515,-0.0219510464384033,-0.941726787461872
162,51.5093127412503,-0.16100803736774,1.21884052666153,0.0533668506764485,2.71842743991142
162.5,51.5093181792791,-0.161008003886581,1.21005563844501,0.00464897675425329,0.812025151169729
163,51.5093237519779,-0.161008054497538,1.2400220396487,-0.00702750872130119,0.146598248240289
163.5,51.5093295487129,-0.161007922744525,1.28987399626222,0.0182943653493018,0.950262753088533
164,51.5093352785157,-0.16100797892461,1.2749804067407,-0.00780079969941244,-0.202257347964168
164.5,51.5093408359605,-0.161007319857047,1.23662777880007,0.0915138073198678,4.45411836437272
165,51.5093464241985,-0.161006874434327,1.24347980154766,0.0618484754118506,3.14657829729501
165.5,51.5093521924913,-0.16100643220175,1.28354509244977,0.0614055054943557,2.99758470293155
166,51.509357742191,-0.161006321233339,1.23490436593961,0.0154083413754414,0.663830062920018
166.5,51.5093634497521,-0.161006290168475,1.27003126261523,0.00431346155468913,0.641231752379442
167,51.5093692012101,-0.161006458401244,1.27979908010767,-0.0233596865503508,-0.795012952030049
167.5,51.5093749743886,-0.161006212689616,1.28463225455974,0.0341178826585355,2.18123600435894
168,51.509380764746,-0.161005757293291,1.28845488481097,0.0632332973226177,2.97841994544743
168.5,51.5093864268193,-0.161005625207856,1.25990943760061,0.018340500472817,1.30691324621644
169,51.5093920653991,-0.161005889935342,1.25468171567114,-0.0367582844570345,-0.605239529311762
169.5,51.5093976153264,-0.161005777589687,1.23495502399285,0.0155995628143536,1.25722720020916
170,51.509403247816,-0.16100624949475,1.25332655166809,-0.0655255582810972,-2.54536456555876
170.5,51.5094087504853,-0.161006517268751,1.22443928054311,-0.0371812896368951,-1.598991406437
171,51.5094144802488,-0.161006594312151,1.27497168965257,-0.0106977248301934,-0.188636190433307
171.5,51.5094198955463,-0.161006655910349,1.20499754623141,-0.00855310774886712,-0.0167836944826868
172,51.5094254004959,-0.161006573293051,1.22494669298479,0.0114716758174087,0.583333694678994
172.5,51.5094308369691,-0.161006377530819,1.20970952221155,0.0271822085347812,1.57133254264116
173,51.5094364320364,-0.161006369023356,1.2449994556458,0.00118128813580098,0.0635678632568654
173.5,51.5094420401909,-0.161005848746361,1.2479115871455,0.0722420976311394,3.38193253085002
174,51.5094475230007,-0.161005837232935,1.22002019878412,0.00159867522591425,0.413217530187681
174.5,51.5094531630837,-0.161005868244783,1.25501623458115,-0.00430609169960235,0.154948829752819
175,51.5094588915889,-0.161006085678268,1.27469170041785,-0.0301913123120125,-0.853503515837709
175.5,51.5094645091179,-0.161006066803455,1.24999757650637,0.00262082591444774,0.161382829115283
176,51.5094702389612,-0.16100602471055,1.27498946237541,0.00584472869014738,0.383982206287897
176.5,51.5094756541656,-0.161006107305689,1.20497683137737,-0.0114685864063847,-0.131635775868197
177,51.5094813829426,-0.16100590181929,1.27475219760206,0.0285324084338686,1.8888819010642
177.5,51.5094870901752,-0.16100582620751,1.26995817750853,0.0104989230792404,0.383431912450714
178,51.509493008078,-0.16100648445591,1.31683597082802,-0.0913997591835477,-3.82721338841536
178.5,51.5094987498921,-0.161007047330566,1.27765316346059,-0.0781568197857112,-3.03949329680027
179,51.5095043651661,-0.161007308939908,1.24949580596186,-0.0363252306752305,-1.31228676069577
179.5,51.5095100501399,-0.161007350323144,1.26500522617887,-0.00574618403245741,0.0477334639291531
180,51.5095157576489,-0.161007283205276,1.27001970238239,0.00931951212944614,0.948276744023408
180.5,51.5095212404798,-0.161007284889288,1.220024912443,-0.000233829878644454,0.355335974397883
181,51.5095269251443,-0.161007166762469,1.26493641384548,0.016402249895758,1.21395286395799
181.5,51.5095326331954,-0.161007151230669,1.27014030831178,0.00215663502301858,0.954466241599127
182,51.5095384978153,-0.161007220185187,1.30497960479244,-0.00957453153934306,-0.148157199537653
182.5,51.5095440927839,-0.161007144403015,1.24497752462424,0.0105225695649984,0.824806523814927
183,51.5095498882688,-0.161007381747498,1.28959585378323,-0.0329559503773392,-1.17074841641676
183.5,51.5095556943075,-0.161008023474446,1.29194427333072,-0.08910558394206,-3.68441144170757
184,51.5095613331364,-0.161008218074754,1.25473719908804,-0.0270207944389555,-0.850181580813545
184.5,51.5095669508878,-0.161008225716354,1.25004707518569,-0.00106105735319824,0.450985754047975
185,51.5095725010901,-0.161008137407723,1.23501623542181,0.0122618961795959,1.20907233861006
185.5,51.5095780918473,-0.161008489465379,1.24404041259471,-0.0488841674964949,-2.30088427489183
186,51.5095836615468,-0.161008777574774,1.23935471444951,-0.0400047718636949,-1.81644756373745
186.5,51.5095891400666,-0.161009128698152,1.21906563399277,-0.0487544287276391,-1.82528425665086
187,51.5095948401997,-0.161009603539647,1.26837845283199,-0.0659330149234189,-2.28993364852127
187.5,51.5096003225614,-0.161009717433475,1.2199205524238,-0.0158144614590658,-1.09494139135652
188,51.5096059395256,-0.161009587910823,1.24987191163472,0.0179845631318465,0.741873317193831
188.5,51.5096111935117,-0.161009255014919,1.16910300286996,0.0462234723931993,2.56777430380892
189,51.5096157514965,-0.161008969145466,1.01423066832376,0.0396937220033039,2.45573483410697
189.5,51.5096192475067,-0.161008559421445,0.777922891958133,0.0568912486059528,4.24148771753703
190,51.5096215115295,-0.161008306230389,0.50378432813017,0.035156236599758,3.64015764231805
190.5,51.5096226427337,-0.16100557790602,0.251712546645308,0.37883492444972,14.7747039349325
191,51.5096223735171,-0.16100199776891,-0.0599053575736359,0.497111338784022,32.3003928575293
191.5,51.5096220114599,-0.160998656053227,-0.0805640154176018,0.464005907825068,41.9124133858848
192,51.5096209056766,-0.160995811763413,-0.246055960088471,0.394937042741121,64.4219260640096
192.5,51.5096195608249,-0.160993290354015,-0.299252814708133,0.350104267082442,75.6480573867749
193,51.5096175834483,-0.160991869742192,-0.440000593236192,0.197255663063778,93.6679187593921
193.5,51.5096155590568,-0.160990714558885,-0.450462196212505,0.160400227246658,104.05578883954
194,51.509612598937,-0.160991355043524,-0.658677994647822,-0.088932975220245,116.562711388074
194.5,51.5096105498923,-0.16099183331397,-0.45594796735758,-0.066409111109439,131.889872675524
195,51.5096085581118,-0.160993998223006,-0.443205696934272,-0.300603335004396,147.817142098099
195.5,51.5096069357262,-0.160996302008265,-0.361008939770407,-0.319886676432604,161.38328686565
196,51.5096056897037,-0.160999048992354,-0.277261603179645,-0.381426016645849,176.002970043106
196.5,51.5096040532332,-0.160998833639688,-0.364143070115272,0.0299022890947819,177.879968499895
197,51.5096014461748,-0.160998887676021,-0.580115691528345,-0.00750308864428054,182.104254089804
197.5,51.5095979434631,-0.160999105369753,-0.779414085660126,-0.0302273563943199,182.228286278571
198,51.5095934044533,-0.16099918039029,-1.01000838635018,-0.0104168030825001,181.226262838136
198.5,51.509587969298,-0.160998908886465,-1.20941629823245,0.0376990398630465,178.072540346341
199,51.509582454843,-0.160999520829879,-1.22706183132772,-0.0849700070544626,183.923955833473
199.5,51.5095765729469,-0.160999120297998,-1.30882387570704,0.0556149480305593,177.724287839581
200,51.5095709778903,-0.16099918793995,-1.24499710363538,-0.00939227136956225,180.846418126754
200.5,51.5095654064965,-0.160998986829869,-1.23973170777211,0.0279246920838793,179.204050124181
201,51.5095597274912,-0.160998569446443,-1.2636771443467,0.0579548525478394,177.541721297993
201.5,51.5095540661511,-0.160998776542066,-1.25974632695504,-0.0287558084054674,181.93062244312
202,51.509548448092,-0.160998762951378,-1.25011554878666,0.00188710551585329,180.697315778707
202.5,51.5095426733476,-0.160998708429957,-1.28498075014778,0.00757045404533632,179.787293102433
203,51.5095370558281,-0.16099873492686,-1.2499954854741,-0.00367917063016282,180.237395816278
203.5,51.5095315955493,-0.160998757415347,-1.21500669122881,-0.00312259103029429,180.387751755387
204,51.5095259355619,-0.160999038465103,-1.25944532610534,-0.0390245712243839,182.284067628172
204.5,51.5095204314541,-0.160998855254039,-1.22475940452295,0.0254393890405199,179.165552301596
205,51.5095147686609,-0.16099888557029,-1.26006964322825,-0.00420950013691943,180.823479126029
205.5,51.5095091520092,-0.160998723298817,-1.24980238632025,0.0225318713863215,178.797568172568
206,51.5095034894832,-0.160998752617806,-1.26001018943407,-0.00407102835996491,179.889545617329
206.5,51.5094979627801,-0.160998925554151,-1.22978724998721,-0.0240127262154948,181.458658724234
207,51.5094923312658,-0.160999426458659,-1.25310955252826,-0.0695520903114873,183.624271662669
207.5,51.5094866019091,-0.160999301081991,-1.27488117847474,0.0174089279068125,179.204174276283
208,51.5094810998873,-0.160999600407067,-1.22429522342841,-0.0415621930488083,181.995771227734
208.5,51.5094754365895,-0.160999586356273,-1.26018194454532,0.00195099550023759,180.888961650298
209,51.5094700005354,-0.160999846511966,-1.20961627115668,-0.0361234142932994,182.629172510494
209.5,51.5094643217018,-0.161000272736545,-1.26363889699765,-0.0591825948794449,183.034777615073
210,51.5094587495687,-0.161000415313476,-1.23989622017828,-0.0197972482560508,181.450748683613
210.5,51.5094527743353,-0.161000174585222,-1.3295929910442,0.0334258675703957,178.814061008145
211,51.5094472812697,-0.161000760210697,-1.22230231919794,-0.0813159303575686,183.955770250334
211.5,51.50944153389,-0.16100037535502,-1.27889158851865,0.0534384222142643,177.804244803456
212,51.5094357594352,-0.161000481406154,-1.28491628077455,-0.0147255356999722,180.714563108817
212.5,51.5094301658486,-0.16100027475456,-1.24466996873752,0.028694231548681,178.73918189462
213,51.5094243921653,-0.161000088643571,-1.28474462271425,0.0258421063533818,178.696074772523
213.5,51.5094188264398,-0.161000538846945,-1.23847037607264,-0.0625121867278115,183.388598167907
214,51.5094130093283,-0.161000243750873,-1.29440815212371,0.0409750440815707,178.722233561486
214.5,51.5094073018791,-0.161000308914768,-1.27000635577535,-0.00904821865483187,180.854835898983
215,51.5094015742467,-0.161000567719875,-1.27449748865895,-0.035935935288022,181.758894224429
215.5,51.5093959623842,-0.161000160860646,-1.24873666869264,0.0564937410641155,177.680100255507
216,51.5093902554706,-0.161000290444258,-1.26988718336345,-0.0179931126140554,181.086973438265
216.5,51.5093846167757,-0.16100049167974,-1.25470732584475,-0.0279422149544555,181.586208033075
217,51.5093791636913,-0.161000040418915,-1.21340578624853,0.0626590715924271,177.392890384027
217.5,51.5093734917506,-0.160999415641465,-1.26210509932445,0.0867524447885251,176.724634575198
218,51.5093680115828,-0.160999133151458,-1.21943232460953,0.0392246897696771,178.739989554936
218.5,51.5093621496505,-0.160999426465801,-1.30438151857667,-0.040727690634955,182.082570658777
219,51.5093565352621,-0.160999117610195,-1.24929872887251,0.0428856529542747,178.460215662975
219.5,51.5093509415794,-0.16099931725858,-1.2446913305637,-0.0277218617623084,181.271283032027
220,51.509345391967,-0.16099944431325,-1.23488493428847,-0.0176419779773101,181.059736318348
220.5,51.5093396848755,-0.160999562007499,-1.26992674334686,-0.0163422533451777,181.143312195427
221,51.5093341573222,-0.16099950706913,-1.229976409435,0.00762838340598579,179.663285657351
221.5,51.5093286332329,-0.160999834582913,-1.22920559301536,-0.0454764320950435,182.617209601933
222,51.5093227850602,-0.160999117692217,-1.30131975799874,0.0995427885081986,176.407256759472
222.5,51.5093171000799,-0.160999118406419,-1.26500664041069,-9.91695130064772e-05,180.190193407096
223,51.5093114601436,-0.160999038776059,-1.25498356422098,0.0110569576456556,179.9060980894
223.5,51.5093057998933,-0.16099878392495,-1.25950375996896,0.0353869838451397,178.454304670524
224,51.5093001599743,-0.160998732204117,-1.25497970672652,0.00718162271251824,179.635605212784
224.5,51.509294677242,-0.160998717135956,-1.22000294363306,0.00209226827006631,180.061416323701
225,51.5092889985373,-0.160998280812525,-1.2636101882101,0.0605850841652017,177.821161155652
225.5,51.5092834100797,-0.160998716999118,-1.24352865211112,-0.0605660911596334,182.908042615103
226,51.5092777024212,-0.160998683323027,-1.2700529101838,0.00467604805257711,180.352985666842
226.5,51.5092720900691,-0.160999076908726,-1.24884558803795,-0.0546508158971433,182.968675666264
227,51.5092662938863,-0.160999269163038,-1.289751110597,-0.0266952188305051,181.558825328605
227.5,51.509260901477,-0.160999379454548,-1.19990447939,-0.0153143838523413,180.84104338399
228,51.5092562726381,-0.160999397956591,-1.02999687370468,-0.00256907738272835,180.120659340186
228.5,51.5092528803601,-0.160999515554547,-0.75484063044355,-0.0163289137061288,181.626275386947
229,51.5092506551265,-0.160999535024871,-0.495153026390304,-0.0027035271466669,181.771268901522
229.5,51.5092497414836,-0.160996396068401,-0.2033013759668,0.435855816335282,163.295912363891
230,51.5092496906545,-0.160992830406351,-0.0113103578760192,0.495105478545145,149.640167562688
230.5,51.5092501993521,-0.16098937865297,0.113194049044453,0.479288829549262,134.845071017181
231,51.5092510774654,-0.160986111358582,0.195395412766529,0.453676001708899,121.461460942562
231.5,51.5092521409494,-0.160983158935448,0.236643617762251,0.409954945065295,107.470582589397
232,51.5092541259922,-0.160981342852232,0.441706420391067,0.252169905595853,88.9790757019693
232.5,51.5092564054092,-0.160980244850852,0.507209763322828,0.152461565585978,76.7069781405101
233,51.5092585352925,-0.160979818517172,0.473935938605586,0.05919801060963,58.2085177189636
233.5,51.5092606817351,-0.160980478727432,0.477620667012018,-0.0916726356980636,44.7014958825754
234,51.5092628488201,-0.160982588709487,0.482213973490047,-0.292978795867549,32.9832025295211
234.5,51.50926457172,-0.160985054778455,0.383375076716841,-0.342422765106921,16.5437956428399
235,51.5092658004833,-0.160987940436478,0.273421128840081,-0.40068424110719,-2.40586315392236
235.5,51.5092673058673,-0.160987904250071,0.334974019294617,0.00502461568255904,1.33826326332759
236,51.509269572688,-0.160987725919605,0.504406871321028,0.0247618397787675,3.24158769329036
236.5,51.5092727406702,-0.1609876542346,0.704930928073498,0.00995372539644403,0.914622621916636
237,51.5092771897571,-0.160987686950079,0.989998916383215,-0.00454266360297638,-0.0140424833495132
237.5,51.509282487978,-0.160988070237481,1.1789459524072,-0.0532208475718708,-1.68159663911593
238,51.5092880375788,-0.160988196175427,1.23488234948407,-0.0174869389497964,-0.630366594798504
238.5,51.5092937224858,-0.160988318184585,1.26499029929423,-0.0169414104469066,-0.0335407951754313
239,51.5092994072597,-0.160988197893964,1.26496070708198,0.016702783352171,1.36342810339406
239.5,51.5093051760751,-0.160988629835872,1.28366139184676,-0.0599766726217853,-2.1132816656977
240,51.5093107818105,-0.160989218113085,1.24737325129206,-0.0816843763999753,-3.26080279211519
240.5,51.5093164113607,-0.160989768324912,1.25267246525432,-0.0763988533530198,-3.50376780592247
241,51.5093220963569,-0.160989727550709,1.2650101609112,0.00566164122283007,-0.0877980620990677
241.5,51.5093277519813,-0.160989276671738,1.25847444003421,0.0626061202990259,3.24814234485962
242,51.5093332791201,-0.160989153663471,1.22988415280919,0.0170801255548754,0.916762115232782
242.5,51.5093388277964,-0.160989359525459,1.23467664105607,-0.0285846493757391,-1.12675647888045
243,51.5093443553125,-0.16098944995886,1.22996810316046,-0.0125569889985838,-0.170344470033319
243.5,51.5093499955853,-0.160989439391534,1.25505844341232,0.00146730940187236,0.623964297103674
244,51.5093554110558,-0.160989472621049,1.20503604762867,-0.00461403151862403,0.275120974696703
244.5,51.5093612064081,-0.160989715134446,1.28956631654615,-0.0336738076594173,-1.3225766504645
245,51.5093667331053,-0.160989880409621,1.22978590928213,-0.0229490159073944,-1.05975518831629
245.5,51.5093722794134,-0.160989544242416,1.2341496595491,0.0466779452991536,2.57890637156399
246,51.509377845814,-0.160989966384413,1.2386206017075,-0.0586158267729465,-2.51996808677057
246.5,51.5093834165978,-0.160990195170639,1.23959594283166,-0.0317677279378822,-1.34326853261106
247,51.5093889893949,-0.160990181890558,1.24004393680232,0.00184398314455099,0.574987010644837
247.5,51.5093947577591,-0.160990625046245,1.28356100995113,-0.0615336251314751,-2.32105794941034
248,51.5094003977947,-0.160990658659799,1.25500566388134,-0.00466735196139418,0.0608426676717822
248.5,51.5094059415634,-0.160991091279798,1.23358461699603,-0.0600706953549221,-2.29146699146891
249,51.5094114614102,-0.160991570607182,1.2282615919881,-0.066556159787528,-2.51939510038518
249.5,51.50941714558,-0.160991743856813,1.26482629004086,-0.0240562694319007,-0.555142785944929
250,51.5094226498557,-0.160991942879639,1.22479673027849,-0.027634957265273,-0.530154562843423
250.5,51.5094280375414,-0.160992321617439,1.1988534573953,-0.0525889512962811,-2.32551733545541
251,51.5094337894075,-0.160992461616151,1.27988990101675,-0.019439265124522,-0.431483891007492
251.5,51.5094395174143,-0.160992697806282,1.27458079349974,-0.032795744545895,-1.59076873352322
252,51.5094452813897,-0.160993266076405,1.28258443752719,-0.07890608877527,-3.30198413379649
252.5,51.5094509369719,-0.160993713946828,1.2584650639327,-0.0621882051683354,-2.88813691582379
253,51.5094566217615,-0.160993783091685,1.26496423318066,-0.00960097780717864,-0.493743092344133
253.5,51.5094624415697,-0.16099376908842,1.29500819285864,0.00194439642466713,0.30724619140909
254,51.5094681687218,-0.160994058735542,1.27439063190725,-0.0402183911518314,-1.44809001281982
254.5,51.5094737610799,-0.160993779079631,1.24439660379522,0.038831076178734,1.89776979321806
255,51.5094794324318,-0.160993148929845,1.2619741176114,0.087498208652519,4.10662926685835
255.5,51.5094849992379,-0.160992736804989,1.23871083687313,0.0572247790166771,3.05625091832454
256,51.5094908641631,-0.160992728325854,1.30504753170107,0.0011773533435847,0.543423473511725
256.5,51.5094966356403,-0.160993057698744,1.28425371957301,-0.0457344074086008,-1.45097231454898
257,51.5095022719496,-0.16099339368625,1.25417652893438,-0.0466528607401781,-1.65093922816737
257.5,51.5095079753924,-0.16099305225132,1.26911489369771,0.0474092458776069,2.16191233299672
258,51.5095135465295,-0.160992843737529,1.2396745938617,0.0289527504779235,1.59666178863493
258.5,51.5095192246092,-0.160993293659048,1.26347114954888,-0.0624729128059864,-2.55442286448239
259,51.509524793798,-0.160992979802505,1.23924107153213,0.0435798894308925,2.20813386419402
259.5,51.5095303953235,-0.160992299794661,1.24643653117968,0.094421045856745,4.13036024874972
260,51.5095360564203,-0.160992502421656,1.25969218576497,-0.0281353377476012,-1.0976022686764
260.5,51.5095417778992,-0.160992004481831,1.27312823416558,0.06914036027582,2.96023967759524
261,51.5095472141243,-0.160991795085726,1.20965434335727,0.0290752409064243,1.51895137559423
261.5,51.5095529425683,-0.160990954629821,1.27467808831019,0.116699663229525,5.44583492941975
262,51.5095585109613,-0.160990607707044,1.23906399182851,0.0481711963106647,2.23561293842299
262.5,51.509564282199,-0.160990937666696,1.28420045245271,-0.0458158131419894,-1.74450723243067
263,51.509569850382,-0.160990576200395,1.23901723853593,0.050190592585979,2.74016856840437
263.5,51.5095757104888,-0.160990968400407,1.30397536966232,-0.0544580461322046,-1.64068703758666
264,51.5095813472912,-0.160990613296805,1.25428628038472,0.0493071019254404,3.40623496503135
264.5,51.5095870328799,-0.160990635213079,1.26514206157201,-0.00304313388887468,0.731810397726405
265,51.5095926056684,-0.160990722989791,1.24004205153634,-0.0121880324598172,0.171553419075508
265.5,51.5095982873022,-0.160990410769535,1.26426204194858,0.0433526165068874,1.80089610046726
266,51.5096037243828,-0.160990552641259,1.20984469623523,-0.0196992654639893,-0.767103045983492
266.5,51.5096090246795,-0.16099028248154,1.17940792801427,0.0375123897837201,1.97712066542125
267,51.5096134466975,-0.160990617262539,0.983975679842293,-0.0464852205366049,-2.00675062793164
267.5,51.5096169234435,-0.160990286013472,0.77363627660726,0.0459947989637968,3.26191924684737
268,51.5096190299629,-0.160990037912643,0.468737075118762,0.0344494472165646,4.06925274484884
268.5,51.5096202380753,-0.160987376455891,0.268825957405133,0.369550201530166,15.9442063619514
269,51.5096206710076,-0.160984228543775,0.0963349593955528,0.437095791723425,28.8014515516497
269.5,51.5096202854567,-0.160981022964483,-0.0857917555805589,0.445103033078891,45.1418414474646
270,51.5096186414106,-0.160977831702882,-0.365828783291894,0.443115000266679,60.9785956899491
270.5,51.5096169545517,-0.160975282191463,-0.375355351803976,0.354006326163679,72.5308083464348
271,51.5096150509082,-0.160973568072136,-0.423593680850601,0.238009959946754,88.2549187854893
271.5,51.509613102773,-0.160972426931618,-0.433493874895622,0.158450357727951,105.724105515068
272,51.5096110900209,-0.160971904098051,-0.447872235966838,0.0725968170031816,118.899245769583
272.5,51.5096088772554,-0.160972946350796,-0.492378690298286,-0.144719544210198,133.004959778006
273,51.5096070247934,-0.160974813374413,-0.41220491365035,-0.259241166723535,151.695414164601
273.5,51.5096054024425,-0.160977704237311,-0.361001203381448,-0.401403972966105,163.837830938628
274,51.5096044389675,-0.160981841654109,-0.214389888990074,-0.574491296822635,180.060860316118
274.5,51.5096029559591,-0.160981859978558,-0.329995100116887,-0.00254439837903231,180.754287779359
275,51.509600888958,-0.160981753547626,-0.459943585182731,0.0147782182768402,179.76646390775
275.5,51.509597383932,-0.16098167514848,-0.779929058677815,0.0108859311632086,179.406017999894
276,51.5095930511501,-0.160981974042906,-0.964119079758453,-0.0415022942227214,182.749875913266
276.5,51.5095877488189,-0.160981812497748,-1.17986062973197,0.0224309818187992,179.551785349282
277,51.5095821349171,-0.160981454381432,-1.24919050122142,0.0497254246570167,178.692217330615
277.5,51.5095762251847,-0.160981380015199,-1.31501792526386,0.0103259551579869,180.090383451803
278,51.509570495278,-0.160981428675156,-1.27500357254516,-0.0067565691617822,180.636162318606
278.5,51.5095646311344,-0.160981296226493,-1.30487362841859,0.0183908641827562,179.065203877303
279,51.5095588479344,-0.160980647677522,-1.28686226814158,0.0900528348496609,176.214681681363
279.5,51.509553151693,-0.160980074495488,-1.26751246572758,0.0795879351841563,176.619117042353
280,51.5095474218033,-0.160980082735406,-1.27499980429537,-0.00114413593984206,180.010970941726
280.5,51.5095417193576,-0.160980471003136,-1.26889303395815,-0.0539120782854944,182.875015453259
281,51.5095361022002,-0.160980360418477,-1.24991490283016,0.0153549962410868,179.516182097118
281.5,51.5095304670347,-0.160980739361687,-1.25392201339494,-0.052617355096557,182.768080661589
282,51.5095249332702,-0.160981424744462,-1.2313585432082,-0.0951673818718958,184.823026520515
282.5,51.5095193384748,-0.160981513944542,-1.24493896824864,-0.0123856908128697,180.625232225764
283,51.5095137431962,-0.160981530460986,-1.24504648379606,-0.00229335658768378,180.611765600722
283.5,51.5095080382821,-0.160981257665947,-1.26944228595127,0.037878394634967,178.484874216883
284,51.5095026952691,-0.16098087129103,-1.18891303411487,0.0536493016689565,178.239625807057
284.5,51.5094971838045,-0.160980180171072,-1.2263964141053,0.0959640646507904,176.406188596718
285,51.509491437164,-0.160979750692205,-1.27872712551438,0.0596344273509217,178.10428993591
285.5,51.5094856567876,-0.160979035528163,-1.28623393959156,0.0993026824449933,176.144914875311
286,51.509479890728,-0.160978524121014,-1.28304823323409,0.0710104327851034,177.077425985827
286.5,51.5094740261541,-0.160978452651597,-1.30496935189635,0.00992374652300181,179.753088632207
287,51.5094682446538,-0.160977766391864,-1.28648401292698,0.095289268349901,175.968174571879
287.5,51.5094625636533,-0.160977426596543,-1.26412109149845,0.0471816281316213,177.944031473936
288,51.5094569686259,-0.160977387982513,-1.24499057925065,0.00536167783098829,179.859099081087
288.5,51.5094512900773,-0.160976468339362,-1.26357550856896,0.127695319006451,174.472973639631
289,51.5094456161957,-0.160975896087528,-1.26253698429685,0.0794589613284162,176.824540740885
289.5,51.5094398481229,-0.160974964330246,-1.28349619359287,0.129377436336582,174.288397926918
290,51.5094343015636,-0.160975283352398,-1.23420557233747,-0.0442972370619409,182.092652100545
290.5,51.5094286623138,-0.160975132448082,-1.25483082087997,0.0209535452360912,179.216831851422
291,51.5094227982372,-0.160974992352139,-1.30485868957102,0.0194527706808969,179.282005456743
291.5,51.5094170469493,-0.160975170725586,-1.27976123150216,-0.0247677279164848,181.175873078868
292,51.5094113860329,-0.160974952085952,-1.25965202846124,0.030358821447576,178.924052092364
292.5,51.5094055455315,-0.160974723533208,-1.2996127735547,0.0317352928702143,178.570318636957
293,51.5093997269188,-0.160974528939187,-1.29474218677983,0.0270200170428053,179.153992417863
293.5,51.5093942665871,-0.160974549955868,-1.2150184258624,-0.00291823531494691,180.481859176756
294,51.5093886042749,-0.160974620243756,-1.25996259791421,-0.00975970582013545,180.489278688292
294.5,51.5093828090878,-0.160974876868429,-1.28952957588712,-0.0356331893042007,181.915949538335
295,51.5093772856058,-0.160975224651121,-1.22907047828649,-0.0482907894615628,182.566779442647
295.5,51.5093716435453,-0.160975996017991,-1.25545623843084,-0.107106881826927,185.171847364943
296,51.509366093528,-0.16097592696715,-1.23497502879981,0.00958794247416878,179.810346621756
296.5,51.5093606699259,-0.160976565259511,-1.20684545570564,-0.0886290604190101,184.919931382884
297,51.5093549202802,-0.16097624620954,-1.27939580905399,0.0443011766895365,178.929983573317
297.5,51.5093492598569,-0.160976491052272,-1.25954227670839,-0.0339972526389303,181.473381510348
298,51.5093435978937,-0.16097661389535,-1.25988493619608,-0.0170571846044087,180.821134930295
298.5,51.509337981679,-0.160976820819364,-1.24970509675207,-0.028732115884404,181.74792619223
299,51.5093323895682,-0.160976519958846,-1.24434155277025,0.0417755298031445,178.551178760395
299.5,51.5093268181637,-0.160976331118969,-1.23973406239027,0.0262210772365173,178.543449231617
300,51.5093212008537,-0.160976415413077,-1.24994880052719,-0.0117045331044685,180.398992701937
300.5,51.5093155028726,-0.160976957327508,-1.26789952861343,-0.0752467321424684,184.21746956756
301,51.5093096664755,-0.160977398022998,-1.29869949773307,-0.0611921326139774,183.539474998129
301.5,51.50930416493,-0.160977719246128,-1.22418919471459,-0.0446029769167037,182.175498969316
302,51.5092984813769,-0.160977510893504,-1.26468906721997,0.0289305083427513,179.011134854615
302.5,51.5092927978313,-0.160977724214701,-1.26468736218162,-0.0296204161793381,181.762912907773
303,51.5092871810441,-0.16097788325262,-1.24983248220087,-0.0220829902990365,181.392684031957
303.5,51.5092816310358,-0.160977821317804,-1.23497300868659,0.00859987434923452,179.726282829784
304,51.5092759915562,-0.160977946599553,-1.25488192080989,-0.0173958282646353,180.908348151829
304.5,51.5092703968542,-0.160977783381687,-1.24491813851373,0.0226633994112689,179.767025402498
305,51.5092650045255,-0.160977955035375,-1.19988657187192,-0.0238347470152945,181.959222766109
305.5,51.5092596119002,-0.160978032963045,-1.19995256397924,-0.0108205454811311,180.602593079016
306,51.5092551626843,-0.160978073575161,-0.9900276234298,-0.00563914306145821,180.864583169045
306.5,51.5092520617531,-0.160978076382582,-0.690010911771431,-0.000389820865121117,180.356214890512
307,51.5092499270694,-0.160978087392661,-0.475004118839754,-0.00152879059730226,180.485961337915
307.5,51.5092491056162,-0.160974928525903,-0.182787560863278,0.438620440193041,164.247566044937
308,51.5092490615222,-0.160971410780319,-0.00981168840506949,0.488452105172524,148.997463740239
308.5,51.5092495065334,-0.16096790609827,0.099022696924591,0.486638179822366,136.248121126161
309,51.509250701129,-0.16096454505168,0.265818225433733,0.466693848207579,121.989895182416
309.5,51.5092522217345,-0.160961828481179,0.338361075102935,0.377205928263769,104.564080992548
310,51.5092544838987,-0.160960136099584,0.503370724476783,0.234993473747754,88.2795779847928
310.5,51.5092564976198,-0.160958961445269,0.448087827831461,0.163105109702187,75.5148788432607
311,51.5092585264557,-0.160958562251984,0.451451141343133,0.0554294661540609,62.135948808844
311.5,51.5092608747725,-0.160959741766037,0.522541180070298,-0.163779886684567,46.0203833382996
312,51.5092629115647,-0.16096158428409,0.453221547606356,-0.255840431711442,30.5839197854407
312.5,51.5092644686662,-0.16096393496293,0.346482058379389,-0.326400421214001,12.880924094687
313,51.5092655390674,-0.160967280265982,0.23818281426398,-0.464507648431662,0.391907431851245
313.5,51.509266815946,-0.160967493180054,0.2841276145304,-0.0295639021361002,-2.04020101142192
314,51.5092689010144,-0.160967769262616,0.463963859656136,-0.0383350776072213,-1.95096610266032
314.5,51.509272310725,-0.160967443465387,0.758719666840196,0.0452381383543629,4.17361252859603
315,51.5092770291764,-0.160967550803518,1.04993719670941,-0.0149042910405582,-0.294892182568822
315.5,51.5092821959905,-0.160967360398238,1.14970565703931,0.0264384647397434,1.5514986320859
316,51.5092874288346,-0.160967090810472,1.16439848970784,0.0374332361157555,1.85607238857498
316.5,51.5092930847443,-0.160967527843373,1.2585379063705,-0.0606835910981891,-2.77871217121725
317,51.5092985672447,-0.160967446825658,1.21995134596831,0.011249599887971,0.659828044410401
317.5,51.5093038643521,-0.160967047746531,1.17869817059534,0.055413560029908,2.68192545282949
318,51.5093094717002,-0.160966076327657,1.24773212591934,0.13488495823119,6.26582150330314
318.5,51.5093151796681,-0.160966012375106,1.27012176471226,0.00888003753047372,1.28933737245634
319,51.5093208877339,-0.160965997878783,1.27014355273334,0.00201286547637916,0.957003568570986
319.5,51.5093265502063,-0.160965975376869,1.25999822527756,0.00312446941875554,0.246665943655985
320,51.5093322798059,-0.160966091793422,1.27493519114312,-0.0161648435685162,-0.286020491726789
320.5,51.5093378301378,-0.160966000399728,1.23504503476704,0.0126903308855096,1.35419486857431
321,51.5093434134432,-0.160966583309733,1.24238221123612,-0.080939062766985,-3.43752345152947
321.5,51.5093490283829,-0.160966309267272,1.24942136824791,0.0380517353973706,1.80401923216316
322,51.5093547348016,-0.160966135119356,1.26977705437832,0.0241810321457308,0.896988202582739
322.5,51.5093603273429,-0.160966412000147,1.24443736690529,-0.0384458376054298,-1.36455948906901
323,51.5093658554495,-0.160966494616059,1.23009951920516,-0.0114714984805501,0.369383659687626
323.5,51.5093714507546,-0.160966513017225,1.24505235621202,-0.00255506377863748,0.420861534930979
324,51.5093770836166,-0.16096697004094,1.2534094029984,-0.0634592708849604,-2.6198823414377
324.5,51.5093825843604,-0.160967328707449,1.22401083267058,-0.0498020379828452,-1.97447373086081
325,51.5093881331879,-0.160967527129612,1.2347102784018,-0.0275515741534832,-0.972101373453021
325.5,51.509393727172,-0.160967336923256,1.24475841620948,0.0264107789151594,0.764493296276142
326,51.5093993411416,-0.160967015079817,1.24920552829236,0.044689015885577,1.89297810807495
326.5,51.5094051384279,-0.160966919807912,1.28999667424537,0.0132288144033834,1.16050091083017
327,51.5094107537686,-0.160967174558113,1.24951064377834,-0.0353728910507961,-1.37864168384975
327.5,51.5094161238131,-0.160967025536105,1.1949279744081,0.0206921863326707,1.75921371452723
328,51.5094216293218,-0.160967027020808,1.22507110446218,-0.000206155845656341,0.607749481940345
328.5,51.5094272472973,-0.160966985456334,1.25009690976593,0.00577135990242354,1.02540521659408
329,51.5094328647314,-0.160966881655819,1.24997644537473,0.0144130309425943,1.21983465462765
329.5,51.5094386621016,-0.160966849707383,1.29001535341981,0.00443614128391743,-0.144968493283909
330,51.5094443694575,-0.160966919640619,1.26998561745867,-0.00971044937747852,-0.780953661098531
330.5,51.509450121664,-0.160966846499398,1.27996565112427,0.0101558867741511,0.629176870204445
331,51.5094558291568,-0.160966858362153,1.27001608162303,-0.00164718037142654,0.223446385329961
331.5,51.5094613561215,-0.160966676250851,1.22984544621534,0.0252867165480068,1.92785538322633
332,51.5094669284588,-0.160966805405396,1.23994164901586,-0.0179335050490994,-0.214078223498439
332.5,51.5094724114337,-0.160966809265189,1.22005695008403,-0.000535944081174423,0.529003524331671
333,51.5094780945864,-0.160967042131844,1.26459999100569,-0.0323342422190439,-1.20196237590229
333.5,51.509483801909,-0.160966956363079,1.26997821351647,0.0119092520996596,0.956844359744882
334,51.5094896184994,-0.160967279646043,1.29429218415016,-0.0448888098814387,-1.38905159841762
334.5,51.5094953001379,-0.16096759127299,1.26426306140594,-0.0432703315672257,-1.82887495099356
335,51.5095008932009,-0.1609678327873,1.24455348028144,-0.0335349786282862,-1.37780909001604
335.5,51.5095064882434,-0.160967764821226,1.24499393569244,0.00943728996001776,0.830082623512498
336,51.5095121731969,-0.160967870247592,1.26500071784722,-0.0146387602270045,0.00280371003227428
336.5,51.5095178335485,-0.160968119586825,1.25952635668031,-0.0346214794508834,-1.67912010922469
337,51.5095232690146,-0.16096837517246,1.20948542145603,-0.0354888064082035,-1.86063173141351
337.5,51.5095290660045,-0.16096851456895,1.28993076402275,-0.0193556043257343,-0.237852576779578
338,51.5095346114304,-0.1609688847314,1.23395340068957,-0.0513981165502224,-2.03258477770564
338.5,51.5095401354493,-0.160969211164155,1.22918995878502,-0.0453261176197042,-1.74381553656464
339,51.5095459182787,-0.160968551032126,1.28677980581288,0.0916612005634249,4.52750513342575
339.5,51.5095515583655,-0.16096854087905,1.25501709285748,0.00140978314731146,0.370243197618716
340,51.5095572047658,-0.160969224620277,1.25642195299232,-0.0949393810688568,-4.18027999543765
340.5,51.5095629569317,-0.160969300988449,1.27995663856516,-0.0106039329416348,-0.420947149273339
341,51.5095685969239,-0.160969324191889,1.25499605959836,-0.00322186168284242,-0.115133231074211
341.5,51.5095740924494,-0.160969860038387,1.22284968981262,-0.0744037570093498,-2.71010525655002
342,51.5095794810227,-0.160970218163477,1.1990509907766,-0.0497266458170656,-1.706339999563
342.5,51.5095851654075,-0.160970069071334,1.26487417893835,0.0207018482057323,1.41323818210317
343,51.5095908217084,-0.1609705009007,1.2586250336453,-0.0599606706613306,-2.20456082738526
343.5,51.5095964842133,-0.16097052152649,1.26000551110596,-0.00286394614649076,0.0834913786242375
344,51.5096021944394,-0.160971286597891,1.27062431063629,-0.106232198562031,-4.23542519082582
344.5,51.509607540196,-0.160971530477868,1.18952353134225,-0.0338633793665669,-1.80398873697012
345,51.509612048144,-0.160971976956338,1.00309661363697,-0.0619947094967308,-3.27432229563784
345.5,51.5096154187415,-0.160972045258185,0.750016374061692,-0.00948389036757925,0.092958360472963
346,51.5096177069475,-0.16097227463485,0.509165508501419,-0.0318495491365224,-2.14131601633044
346.5,51.5096187972998,-0.16096938782941,0.242622296753435,0.400840466541738,16.232594859638
347,51.5096185567086,-0.160965618490778,-0.0535357090281223,0.523382505412886,31.1597850343731
347.5,51.509618220429,-0.16096225369627,-0.0748280334482487,0.467210501457081,40.2832956917327
348,51.5096172681876,-0.160959062443956,-0.211890234359902,0.443113724181941,55.4776991807064
348.5,51.5096157756573,-0.160956471650751,-0.332113866093022,0.359738419247694,75.4825695620653
349,51.509613972462,-0.160954554748311,-0.401242219884142,0.266166932745343,91.2707787177205
349.5,51.5096119103344,-0.160953624151502,-0.458859157868346,0.129215814264166,105.199537935072
350,51.5096095765275,-0.160953730800574,-0.519312493657901,-0.0148085048631696,117.910509328266
350.5,51.5096073697824,-0.160954563368255,-0.491039053802998,-0.115604223538926,132.30377447191
351,51.5096052352648,-0.160957959682706,-0.474967183525569,-0.471587262017543,152.630678198801
351.5,51.5096036187372,-0.160959849564846,-0.359705405534859,-0.262415152702446,165.077627444291
352,51.5096025969875,-0.160963127267294,-0.227357027807451,-0.455117697271605,180.966307122628
352.5,51.5096010923468,-0.160963218554218,-0.334808646367568,-0.0126754325086845,183.142993819636
353,51.5095986651726,-0.160963224315468,-0.540088345687658,-0.00079996489027866,181.124677259092
353.5,51.509595137217,-0.160963280633399,-0.785031281149009,-0.00781989570937597,181.337095584144
354,51.509590876591,-0.160963719723454,-0.948063163591245,-0.060968836963702,184.065550570888
354.5,51.5095854401509,-0.160963508539095,-1.20970218647855,0.0293235205519269,179.170158384188
355,51.5095799346381,-0.160963481662143,-1.22507205043259,0.00373193812682375,180.470914848629
355.5,51.5095742983277,-0.160963811196011,-1.25417678833771,-0.0457566817950238,182.331386584836
356,51.5095686141694,-0.160963967627869,-1.26482378560665,-0.0217209954998444,181.214846554011
356.5,51.5095630662228,-0.160963702698557,-1.23451429637652,0.0367861709941565,178.868477584592
357,51.5095574279356,-0.160963466633218,-1.25461665311766,0.0327783322299829,178.987353457267
357.5,51.5095518581402,-0.160963756588044,-1.23937605705005,-0.0402610429922358,182.257968980155
358,51.5095461520795,-0.160963545551592,-1.2696974391799,0.0293030084931088,179.106511157113
358.5,51.5095403995665,-0.160963536317583,-1.28003387424746,0.00128216847638631,180.363374572662
359,51.5095349191437,-0.160963794339513,-1.21948908592073,-0.0358270838947612,181.969274132423
359.5,51.5095291715491,-0.160964169578426,-1.27893943833849,-0.0521030043537585,182.292609630616
360,51.5095234192523,-0.160964217214062,-1.27998575790766,-0.00661434616434534,180.416932474129
360.5,51.5095177061854,-0.160964923602456,-1.27125641583494,-0.0980840884162812,184.834344535954
361,51.5095122233048,-0.160964898467987,-1.2200359930822,0.00348999472670442,180.305739566117
361.5,51.5095065159426,-0.160964940101093,-1.26998703593063,-0.00578087953881497,180.292384360511
362,51.509500989679,-0.160965145789809,-1.22968944847048,-0.028560488521739,181.665889516209
362.5,51.5094953048052,-0.160965283112352,-1.26498295549602,-0.0190676448325918,181.674325704184
363,51.5094896208005,-0.1609650934408,-1.26478958388007,0.0263364642072399,179.382336114001
363.5,51.5094842307668,-0.160965372182656,-1.19937593311721,-0.0387041478321463,181.810109891623
364,51.5094782547633,-0.160965189823221,-1.32976436968113,0.0253211612123698,178.745412505472
364.5,51.5094727270003,-0.160965244514479,-1.23002309986761,-0.00759404822282486,180.85216101888
365,51.5094671092626,-0.160965306870349,-1.2500440025735,-0.00865830395371096,181.020225183721
365.5,51.5094612453804,-0.160965466034142,-1.30481544022084,-0.0221003841412837,181.084510179524
366,51.5094555604444,-0.16096552990773,-1.26499679924343,-0.00886904606443318,180.782163173625
366.5,51.5094498700583,-0.160964816099954,-1.2662095388836,0.0991144384688052,176.178378362024
367,51.5094442105623,-0.160964507011514,-1.25933596225141,0.042917900396027,178.639274434447
367.5,51.5094387501929,-0.160964463335179,-1.21502684553222,0.00606459690396622,180.190306278315
368,51.5094331383982,-0.160964049846093,-1.24872159260677,0.0574142717248402,177.830433312886
368.5,51.5094277127084,-0.160963468821757,-1.20731000923442,0.0806770823727576,176.295339848876
369,51.5094221176367,-0.160963454926919,-1.24500044885397,0.00192934276269908,179.809964831446
369.5,51.5094166152768,-0.160963738557677,-1.22437044059491,-0.03938304499907,181.982654467462
370,51.5094109784236,-0.160964045837651,-1.25429753402761,-0.0426668201815941,182.29522148809
370.5,51.5094051878741,-0.16096449433865,-1.28849762577418,-0.0622758250213453,182.673801149551
371,51.5093995734591,-0.160964794918053,-1.24930463460071,-0.0417364345867932,182.005083675244
371.5,51.5093940049631,-0.160965139691126,-1.23908687268512,-0.0478728762611903,182.457450136205
372,51.509388500721,-0.160965313412668,-1.22478926765139,-0.0241218108443809,181.507128882647
372.5,51.5093828392819,-0.160965118798693,-1.25976830703231,0.0270227977604112,179.321380445183
373,51.5093771991695,-0.160965041745189,-1.25502276909377,0.0106991365245702,180.109629732944
373.5,51.5093714264405,-0.160964767058673,-1.2845322451327,0.038141146034489,179.008188757372
374,51.5093659657083,-0.16096479086959,-1.21510754764511,-0.00330622627294648,180.93398842708
374.5,51.5093604414304,-0.160964479149817,-1.2292475714749,0.0432833484954464,178.206970188009
375,51.5093548044603,-0.160964179702209,-1.25432353099347,0.0415793219322431,178.357071225744
375.5,51.5093492169925,-0.160963711573272,-1.24330842114778,0.0650013077800711,177.19133148066
376,51.5093435549625,-0.160963589491693,-1.25989978130153,0.0169514478792697,179.497444464949
376.5,51.5093378421122,-0.160964297204988,-1.27120819433807,-0.0982684417771381,184.483268196227
377,51.5093324053293,-0.160964129821522,-1.2097784176559,0.0232417766373977,178.80468814097
377.5,51.5093266980511,-0.160964281160742,-1.26996829351148,-0.0210139798347293,181.805159334546
378,51.5093210600215,-0.160964531680653,-1.25455928863526,-0.0347855700084681,182.053922499081
378.5,51.5093152859233,-0.160964383398333,-1.28483692020299,0.0205895238592355,179.180007112812
379,51.5093096236172,-0.16096430424787,-1.25996121092362,0.0109903225975101,179.281966461638
379.5,51.5093040305882,-0.160964553329169,-1.2445458739866,-0.0345858264962009,181.964602980394
380,51.5092982341736,-0.16096471581784,-1.2898026826223,-0.0225621342147046,180.99771426429
380.5,51.5092926987668,-0.16096536698612,-1.2317239338175,-0.0904170599546687,183.748360969266
381,51.5092870617169,-0.160965660015454,-1.25434127404101,-0.040688183050544,181.784856268932
381.5,51.5092815222688,-0.160965105762647,-1.23262318545383,0.0769600165015725,176.779909783009
382,51.5092761292382,-0.160965144966403,-1.20004275985671,-0.00544358458772126,180.808985527863
382.5,51.5092703318977,-0.160965158519466,-1.29000870878894,-0.00188189259140629,180.310102459952
383,51.5092648282839,-0.160964942644286,-1.22464941359823,0.0299750641929719,178.892546960447
383.5,51.5092595756212,-0.160964535317178,-1.16880848141141,0.0565588763842812,178.223713065623
384,51.50925483401,-0.160964439374837,-1.05509063451643,0.0133219506098183,180.319330374178
384.5,51.5092515545031,-0.160964290034084,-0.729747107822848,0.0207365198413816,178.984520572584
385,51.5092491513577,-0.160964150650581,-0.534741487236075,0.0193539196755057,178.987436020862
385.5,51.5092486612005,-0.160960384374171,-0.109068468677079,0.522961542608759,159.538860675013
386,51.5092486281527,-0.16095672454808,-0.00735370475562674,0.508180518691014,145.347440449031
386.5,51.5092489077179,-0.160953393201761,0.0622081019255055,0.462569873044643,136.240309691724
387,51.509249835938,-0.160950420513653,0.206545042794441,0.412768833022045,118.37782081259
387.5,51.5092513755881,-0.160947792318255,0.342598828790318,0.364934722976329,105.514288300379
388,51.5092536065903,-0.160946112500699,0.496436647729205,0.233248914717116,88.6360024707324
388.5,51.5092558399989,-0.160945260591163,0.496972107050832,0.118290801473441,74.7301449769528
389,51.5092580639524,-0.160945261518399,0.494868192077424,-0.000128750235626779,59.6414589424323
389.5,51.5092605411728,-0.160946446025503,0.551224459751086,-0.1644731914954,47.6260878578155
390,51.5092628915159,-0.16094963779444,0.52299205437421,-0.44318889667582,31.0028708518271
390.5,51.5092645675559,-0.160951954277423,0.372947930043105,-0.321652199811266,16.6707128579837
391,51.5092655205145,-0.160955474500752,0.212049798285718,-0.488795973170705,-4.530851411958
391.5,51.5092667547951,-0.160955574599889,0.274648819567002,-0.0138991334506197,-2.81375263589743
392,51.5092691322029,-0.160955813294017,0.52901443440869,-0.0331435560075464,-2.78500290156901
392.5,51.5092724120143,-0.160955956558931,0.729814862750915,-0.0198928579011403,-0.682289023540327
393,51.5092766813968,-0.160955907238737,0.950011575953757,0.00684828881578676,0.91360151427309
393.5,51.5092820484704,-0.16095621907559,1.19426686917882,-0.0432996797816721,-1.54421911402481
394,51.5092876860398,-0.160956487677987,1.25445688162085,-0.0372964138767826,-1.46100006567991
394.5,51.5092931009493,-0.160956608820084,1.20491117747206,-0.0168210160784212,-0.405167383474115
395,51.5092988971664,-0.160956805177912,1.28975874732838,-0.0272649877243291,-0.722460988240177
395.5,51.5093047661806,-0.160957547758092,1.30595734958162,-0.103109904000306,-4.18630834077403
396,51.5093103945853,-0.160958543745854,1.2524175777636,-0.138296432761457,-5.9056628742875
396.5,51.5093159643086,-0.160958835679057,1.23935995081125,-0.0405359556077472,-1.52676789332
397,51.5093217563551,-0.160959240332122,1.2888307037713,-0.0561874990588723,-1.96772748783891
397.5,51.5093275760098,-0.160959181148435,1.29497402165067,0.0082178616384915,0.341470288699305
398,51.5093331463705,-0.160959434374285,1.2395017885029,-0.0351612897734666,-1.57868318014613
398.5,51.5093387395309,-0.160959669412922,1.24457510268853,-0.0326359279121131,-1.62635289420993
399,51.5093444344569,-0.160960275235169,1.2672197247863,-0.0841205047192826,-3.58579362090337
399.5,51.5093502767001,-0.160960254754666,1.30000035111614,0.00284378794487693,-0.00688507336476157
400,51.5093560065365,-0.160960298046979,1.27498790365332,-0.00601128515203344,-0.166777797174593
400.5,51.5093616242899,-0.160960360217842,1.25004748051341,-0.00863263521127059,0.24145953659205
401,51.5093673270452,-0.160959980838981,1.26896188779704,0.0526780346310527,2.90949213073674
401.5,51.5093729311339,-0.16096061034491,1.24700685106932,-0.0874090109900395,-3.41830002505959
402,51.5093783673592,-0.160960370550186,1.20965434743894,0.0332962982271912,2.35800093508792
402.5,51.5093841856944,-0.160960617667171,1.29468040676874,-0.0343130142363404,-0.690799147414009
403,51.5093897307103,-0.160961015369078,1.23386214026761,-0.0552222241998225,-1.84349930869346
403.5,51.509395437385,-0.160960865933843,1.26983402664408,0.0207495737391835,1.07149600129586
404,51.5094010822959,-0.160961580914313,1.25609050733623,-0.0992773767642998,-4.31900035136953
404.5,51.5094069222884,-0.160961843058302,1.29949955110167,-0.0363995455187459,-1.38849907249642
405,51.5094125395997,-0.160961760166224,1.24994912446554,0.0115098331770753,0.422154219037977
405.5,51.5094182244581,-0.160961706163963,1.26497951927616,0.00749838782411673,0.43474232125542
406,51.5094238116199,-0.160961228833048,1.24324034044191,0.0662789256670095,2.87675266271826
406.5,51.5094296530776,-0.160961387409716,1.29982557657748,-0.0220188751525409,-0.723677594443335
407,51.5094354597507,-0.160962013206316,1.29208540767961,-0.0868938392701241,-3.70581625275297
407.5,51.5094408741495,-0.160961848384099,1.20479758787688,0.0228860840052996,1.37353799877355
408,51.5094465577939,-0.160962050422815,1.26470938580757,-0.0280537086647203,-0.944612833327305
408.5,51.5094518828743,-0.160961937919178,1.18492270258552,0.0156214805570523,1.13245444784617
409,51.5094575440296,-0.160962134595005,1.25970516625769,-0.0273090480827277,-1.16461228398346
409.5,51.5094631527661,-0.160962644030645,1.24804109437652,-0.0707367085311613,-2.76266577968686
410,51.5094687020901,-0.160962796879352,1.23482079776164,-0.0212235115422775,-0.854774243581652
410.5,51.5094742950013,-0.16096254306999,1.24451967762891,0.0352422035925835,1.93500438333958
411,51.5094798269416,-0.160961822196464,1.23095261350313,0.100095474201788,4.36116548356361
411.5,51.5094853700326,-0.160962278946157,1.23343383622303,-0.0634210716718522,-2.36354262606519
412,51.5094909777301,-0.160962816269962,1.24780989655252,-0.0746090209101542,-2.9725552300838
412.5,51.5094967298153,-0.16096292333751,1.27993866432849,-0.0148666480316915,-0.307369114085889
413,51.5095024314263,-0.160962496116793,1.26870730216573,0.0593208621079122,3.37179292310225
413.5,51.5095080038342,-0.16096260939097,1.23995735187125,-0.0157284530570491,-0.176884570746333
414,51.5095139137043,-0.160962681539715,1.31504854223246,-0.0100180645285119,0.221449235700459
414.5,51.5095194380426,-0.160962993267608,1.22926104574225,-0.0432843252802289,-1.66728197307721
415,51.5095250753693,-0.160962714494116,1.25440291037573,0.0387085060536166,1.77204413833416
415.5,51.509530804968,-0.160962589715179,1.27493504937326,0.0173259142719706,1.29986060568507
416,51.5095365796151,-0.160962693878057,1.28495908765025,-0.0144633134312129,-0.190086580681416
416.5,51.5095423503406,-0.160963045808265,1.28408645540282,-0.0488665092715231,-1.89400177233318
417,51.509547878199,-0.160963062574115,1.2300443391438,-0.00232798552858378,0.389988668731656
417.5,51.5095535106151,-0.16096354215967,1.25331023627276,-0.066591800663071,-2.40226544867923
418,51.5095593031788,-0.160964443677264,1.28894585623142,-0.125178232823356,-5.32134084920158
418.5,51.5095648499852,-0.160964134795291,1.23426059387844,0.0428891184422016,2.16181622390873
419,51.5095704492294,-0.160964860768534,1.24592890547081,-0.100803385420925,-4.6438439884711
419.5,51.509576155611,-0.160965040372367,1.26976883034546,-0.024938483995235,-0.858977325129435
420,51.5095817488061,-0.160964808078486,1.24458290136038,0.0322546375430719,1.42011737828363
420.5,51.5095874562846,-0.160964797949946,1.27001292615857,0.0014063751291531,0.32962488611563
421,51.5095931404952,-0.160964947845315,1.26483540966808,-0.0208133747265857,-0.757038244902588
421.5,51.5095986241962,-0.160965729384992,1.22021854510561,-0.108518870999893,-4.65186716624647
422,51.5096040385277,-0.160965928056582,1.20478263357255,-0.0275860774310972,-0.579435509180032
422.5,51.5096095430719,-0.160966067792258,1.22485653722767,-0.0194026670411191,-0.673672866050764
423,51.5096139893985,-0.160966321783692,0.989384769732446,-0.0352673770168994,-1.7463274576767
423.5,51.5096175397405,-0.160966222431399,0.790012649406628,0.0137953255343894,2.05203766292353
424,51.5096197764091,-0.160966583911776,0.497697553957159,-0.050192492337727,-4.0513591891384
424.5,51.5096209644044,-0.160966721254542,0.264349547726681,-0.0190704005053166,-3.17489184158734
425,51.509621346226,-0.160966702710601,0.0849619327910464,0.00257487451576155,1.46625963539897
