0,51.5092543894436,-0.161045298069781,-0.0160037233191065,0.0472020658892661,-1.542892291
0.5,51.5092550609117,-0.161045142138939,0.119086023739314,-0.000454194557362152,-2.05241827612206
1,51.5092569839731,-0.161045149731739,0.218194118054471,0.0161275507982994,-1.97709704628047
1.5,51.5092600107142,-0.161045164846601,0.460798800892933,0.00275392739599492,-2.08484295207949
2,51.5092646121365,-0.161045216355687,0.715342486641431,0.0199957511513689,-2.32989936116624
2.5,51.5092709273042,-0.161045174144424,0.941436375436179,0.022485352232354,-1.6890432515935
3,51.5092784793254,-0.161045032256645,1.19435586917149,0.0271066792734067,-0.864925745546477
3.5,51.5092870870957,-0.161044982089007,1.22783881468637,-0.00933422080004711,-0.31448233255614
4,51.5092953589839,-0.161045197259918,1.2402497463136,-0.00870078972067782,-1.29043404104182
4.5,51.5093036391366,-0.161045290521809,1.25014848894478,-0.00275696316835839,-0.978151155830953
5,51.5093122922731,-0.161045328670987,1.2392847307889,0.000643557573811745,-0.598888534478821
5.5,51.5093210097575,-0.16104541559727,1.25934968495318,-0.0202641405302964,-0.326412225630842
6,51.509329582509,-0.161045484077154,1.23627378532899,0.024929766934611,-0.788364422207195
6.5,51.5093378239973,-0.161045268058418,1.23688355307013,0.0241058049459361,-0.107089898659967
7,51.5093464226506,-0.161045167266136,1.26411078254224,-0.00353755113240979,-0.0089468740200962
7.5,51.5093549427753,-0.161045064330489,1.25411259879656,0.0101369039299813,0.384769590571299
8,51.5093634727569,-0.161044943146462,1.23843416536796,0.00424927997434301,0.301396370992109
8.5,51.5093717547596,-0.161044884743912,1.25338140695038,-0.00126704554312737,0.0624224162502411
9,51.5093803350099,-0.161044790698175,1.26160735797923,0.0142529103407668,-0.0618185387869516
9.5,51.5093886904023,-0.161044397084204,1.26698171820241,0.032007709997558,1.26582443655073
10,51.5093969506068,-0.161043929378985,1.23911419673238,0.0359281400153488,1.7786147550876
10.5,51.5094050471883,-0.161043539897269,1.24475842057261,0.0205941640456853,1.7082980622638
11,51.509413441629,-0.161043267335096,1.26805198447394,0.00474147085211771,1.54495671078589
11.5,51.5094216108226,-0.161042996240822,1.25616248263577,0.028791924576137,1.21509289336074
12,51.5094298957681,-0.161042750404826,1.2582608438863,-0.00207579685886549,0.999451029303762
12.5,51.5094379616581,-0.161042628409478,1.24112317256941,-0.0157030718606995,1.12374834691592
13,51.5094460250086,-0.161042574112153,1.24030674465064,-0.00182144612005356,0.690151027792364
13.5,51.5094538859384,-0.161042467874689,1.24297245426184,0.00878370971260676,0.291332047297528
14,51.5094618559691,-0.161042310727044,1.26536465116756,0.0137138804293685,0.0586498627500625
14.5,51.5094695056852,-0.161042263330494,1.24414113433845,-0.0341569572773391,0.202182205592186
15,51.5094773038876,-0.161042398454605,1.25248651018031,-0.0311259771349633,-0.0144794694176333
15.5,51.5094850547921,-0.161042562112177,1.22892912493758,-0.0166691636881062,-0.906731376374099
16,51.5094926150934,-0.161042654686361,1.2188703208055,-0.00710784003018019,-1.33767000094527
16.5,51.5095001860036,-0.16104262821831,1.23601641265814,-0.00929205413172562,-1.03117951003683
17,51.5095077664584,-0.161042534726643,1.21388610421469,-0.00287207757471277,-0.589290626278109
17.5,51.5095150241505,-0.161042426295314,1.23170400368121,-0.00416971654537436,-0.523455649612293
18,51.5095224495485,-0.161042274238652,1.24706135565262,0.00302481961687907,-0.559065868533734
18.5,51.509529440365,-0.161042060791499,1.23217569852755,-0.00782547901184119,-0.23413765696861
19,51.5095367518219,-0.161041781077836,1.2423405039984,0.00186405463651613,0.198746100984103
19.5,51.5095436313229,-0.161041468623618,1.25003415719749,0.0116811183497529,0.191530974267565
20,51.5095503540552,-0.161041152116636,1.25655266935681,0.011467496948033,0.0376908384969461
20.5,51.5095570769066,-0.161040801472328,1.24397333858918,0.00903686758271717,0.0827330670562674
21,51.5095636898182,-0.161040476416678,1.22968155641085,0.0159766859812476,-0.293741860522527
21.5,51.5095700111512,-0.161040056338413,1.23416966679778,0.00958263124108673,-0.026549209978306
22,51.5095761963466,-0.161039822292864,1.2541502510706,-0.0175322776633785,-0.0657243556057061
22.5,51.5095824992291,-0.161039772583959,1.24227974634812,-0.0165165455093776,-0.470031247928365
23,51.5095885646385,-0.161039694811934,1.25369863289435,-0.0210953598183499,-0.0318986461773676
23.5,51.5095946468527,-0.161039529129825,1.21472163676293,0.0143169144716826,0.0274985973337536
24,51.5096005249869,-0.16103922434223,1.23421501923073,0.0110150483425789,0.0476162230312482
24.5,51.5096064210179,-0.161039028659343,1.23163139839632,-0.00564798163235774,-0.170918472556902
25,51.509612274429,-0.161038941609865,1.24776531864558,-0.00712983573417819,-0.429087648443094
25.5,51.5096179639214,-0.161038950012334,1.2520352004097,-0.0355043797170587,-0.579404216211604
26,51.5096235694252,-0.161038956438457,1.27068973089985,-0.00115013347716406,-0.692942292034324
26.5,51.5096291301524,-0.161038938179617,1.25310230827272,-0.019724079749168,-1.01047812559171
27,51.5096344986595,-0.161038969276472,1.21637853037981,-0.0118337968926775,-1.11929856156833
27.5,51.5096397999242,-0.161039082034201,1.23399800224978,-0.0472524215268069,-1.08099742941613
28,51.5096450141464,-0.161039298457234,1.24995686672669,-0.0337746584083685,-1.17293886039352
28.5,51.5096502003907,-0.161039483336879,1.24176909681627,-0.0364562571504403,-1.05424210678496
29,51.509655334458,-0.161039709498043,1.24575164657406,-0.0442876893312016,-1.1047168266422
29.5,51.5096604033314,-0.161039857674784,1.24264969766228,-0.0309211166769749,-0.625736000708681
30,51.5096654893253,-0.161039879789709,1.25082700178747,-0.0107719214977367,-0.335792557675678
30.5,51.5096704002078,-0.1610398944509,1.25117029082342,-0.0149356907793825,-0.644051684032203
31,51.5096752118647,-0.161039827510572,1.25583045365375,-0.0131493778720484,-0.330206786063453
31.5,51.5096799984972,-0.161039725269684,1.23638599059644,-0.00305508807860871,-0.186090070502001
32,51.5096845921021,-0.161039557457489,1.23425817177645,-0.0168498499626872,0.420218190296445
32.5,51.5096879012382,-0.161039524504944,1.02964429223262,-0.0280616628589061,-0.1335698295314
33,51.509689891128,-0.161039606140728,0.792875733663022,-0.0247840017146494,-1.01180289154284
33.5,51.509690102355,-0.161039647473409,0.55197649885274,-0.0376985709468431,-0.485854090606502
34,51.5096886103475,-0.161039675575226,0.284486705823497,-0.0194305779881487,-0.147602691600724
34.5,51.5096872447536,-0.161039210799104,0.239751433659353,0.0499003278723558,15.0525062231979
35,51.5096855571982,-0.161037905881505,0.254231785155726,0.116050284011992,30.1478999978009
35.5,51.5096838318486,-0.161035743358289,0.188213113808324,0.162978582697231,45.3662464659648
36,51.5096815950579,-0.161033285613901,0.119731535770272,0.201577128615484,60.7903781044993
36.5,51.5096789962543,-0.161030247274727,0.0705926574154882,0.219924925384191,75.7799483233166
37,51.5096760356717,-0.161027607257789,0.021539640475738,0.221791169164722,90.4185173983972
37.5,51.5096726905259,-0.161024756284889,-0.0425672861655352,0.23645518210691,104.835798979904
38,51.5096690321689,-0.161022285437006,-0.118893868046071,0.23008558175412,119.218410602802
38.5,51.5096650554368,-0.161020182122248,-0.15288921229246,0.177607057717776,133.942901027928
39,51.5096607404364,-0.161018644644634,-0.221942589440359,0.135791315659565,148.323782484377
39.5,51.5096564573144,-0.161017813743384,-0.221790115484144,0.0835510822778292,163.965419871836
40,51.5096518567645,-0.161017754075619,-0.255329149757427,0.0165617801195574,179.457112348791
40.5,51.5096464905248,-0.161018076304239,-0.481644331053814,0.0217807215653007,179.596768903407
41,51.5096396941054,-0.161018382391266,-0.719971927200233,-0.0276580411947966,179.530031268298
41.5,51.5096313919259,-0.161018777731993,-0.975512056619614,-0.00197847467216692,180.065123649367
42,51.5096217198401,-0.16101910962353,-1.21080629364086,-0.0144408476062393,180.359087946653
42.5,51.5096114834137,-0.161019306303817,-1.241617663323,0.00944665791946147,179.955324899911
43,51.5096016120024,-0.1610193929516,-1.25836753204446,0.0157643398591951,179.729812403696
43.5,51.5095918582533,-0.161019538281487,-1.22705922626767,0.00206798233665726,179.984952134293
44,51.5095823176555,-0.161019792122498,-1.23918472785503,-0.020008136235626,180.175112201481
44.5,51.5095731285042,-0.161020042257529,-1.23492878743076,-0.00101970529079271,180.396499645136
45,51.5095641706459,-0.161020092545058,-1.25525368623143,0.0215277025985385,180.474319863354
45.5,51.509554983876,-0.161020168747716,-1.25799626360283,-0.0138368242245952,180.564556561871
46,51.5095461818622,-0.161020339966652,-1.26079606546362,0.00435873877661726,180.73592688808
46.5,51.5095376796752,-0.161020585321932,-1.21902870234563,-0.0321759637736668,180.832167493346
47,51.5095293884932,-0.161020941301227,-1.26108064982879,-0.0314071894797004,180.76656336387
47.5,51.5095211596743,-0.161021249455843,-1.24160148274755,-0.0325950378751503,180.429500586087
48,51.5095127541065,-0.161021614923528,-1.2502779597003,-0.0302077205844117,180.630207447677
48.5,51.5095045722928,-0.161021827633728,-1.26817022865215,-0.00272165579359927,180.758830179194
49,51.5094966355438,-0.161022023776551,-1.24233159365197,-0.0246010850563798,180.709263010726
49.5,51.5094887697593,-0.161022009308034,-1.25839362051073,0.0262136940087852,179.839232416202
50,51.5094810035348,-0.161021933589876,-1.2740957544554,0.00276474304994159,179.622587059833
50.5,51.5094733987968,-0.161021902358379,-1.24911627446447,0.0148221619762515,179.41003876424
51,51.5094658696431,-0.161021911080414,-1.28011043593784,0.00337210873171981,179.462299345374
51.5,51.5094586583116,-0.161021930545671,-1.25416297427882,0.0100511417584205,179.74235279208
52,51.5094514015358,-0.161021902144279,-1.24060309198968,0.018367915868558,179.995102500959
52.5,51.5094442212572,-0.161021888994605,-1.24114202499618,0.00854083305339651,180.303210125767
53,51.5094374299584,-0.161021994829677,-1.23889123158337,-0.00815001580118067,180.783785885945
53.5,51.509430254243,-0.161022114626588,-1.26526870959536,0.00625316264840137,180.921763840693
54,51.5094234262929,-0.161022211111391,-1.26177226333838,-0.00548052295604555,180.869238515461
54.5,51.5094165045774,-0.161022334929531,-1.2622942943003,-0.00693142997181818,181.017326666288
55,51.509409514366,-0.16102239888737,-1.27201994426625,-0.00076543539643994,180.838611336892
55.5,51.5094030066181,-0.16102224914879,-1.24365245407845,0.0235704743538443,180.108863394305
56,51.5093962133089,-0.161022090767701,-1.26476673268399,-0.00516634626259404,179.476884201109
56.5,51.5093896401709,-0.161021998582703,-1.24338237040429,0.0150785129262207,179.453850308503
57,51.5093830203317,-0.161021805410898,-1.24379359118054,0.00650639247878497,179.003700183125
57.5,51.5093765637611,-0.161021562381488,-1.25089899955683,0.0303707870838029,178.618398389793
58,51.5093702812459,-0.161021034691534,-1.26141199214695,0.0606911864939348,177.719396789849
58.5,51.5093638469216,-0.161020681694619,-1.26029671234104,0.0334831954873491,178.459306560947
59,51.5093574252774,-0.161020517511248,-1.27451102132534,0.0139027752606437,178.936598168861
59.5,51.509351219296,-0.161020407823049,-1.25581944388759,0.020177538039174,179.243444283057
60,51.5093448958471,-0.161020329886254,-1.26427311869625,0.0185945851772743,179.87158200232
60.5,51.5093386388908,-0.161020363985558,-1.25740824312726,-0.00424166564156949,180.398517138645
61,51.5093326923106,-0.161020526663884,-1.24261585258225,-0.0245306509500415,180.391911841
61.5,51.5093267111218,-0.161020931895891,-1.23933412760029,-0.0343433054647911,181.167461691803
62,51.5093207266249,-0.161021343170284,-1.2550281037597,-0.0289410919153305,181.489789016402
62.5,51.5093147505634,-0.161021543927615,-1.26104624346767,-0.00987545336784598,181.032283538889
63,51.5093087415956,-0.161021842599445,-1.25010635167394,-0.0319307466074853,181.383013257356
63.5,51.5093028342861,-0.161022067299688,-1.27672359101479,-0.00958271597579208,181.111396423805
64,51.5092971453504,-0.161022283715436,-1.25038831169826,-0.0334629804914772,180.853471879099
64.5,51.5092913340814,-0.161022474173845,-1.23823806628134,-0.0197558032154567,180.222234147542
65,51.5092855173675,-0.161022442643336,-1.26376546017461,-0.00180226102973974,179.052668784156
65.5,51.5092798207274,-0.161022282129778,-1.24079325901334,0.0398294150987645,178.862851481004
66,51.5092740599113,-0.161021955138008,-1.25875772751216,0.0482443613558333,178.907885226676
66.5,51.5092682782996,-0.161021789059933,-1.27304411285262,0.0175485411281479,179.624330603009
67,51.5092627435672,-0.161021757820099,-1.23090921228702,0.00750948262371396,180.101169271676
67.5,51.5092569793365,-0.161021793911878,-1.23229538950729,0.00109021719660733,180.368769684431
68,51.5092515375682,-0.161021827661412,-1.2250569030105,0.00409591179617161,180.440939690878
68.5,51.5092459150693,-0.16102187538795,-1.22898481670468,-0.00131110908265521,180.45307773349
69,51.5092404664347,-0.161021962120491,-1.2515611919476,-0.00472945555005873,180.40764034012
69.5,51.5092347456037,-0.16102199791291,-1.25237810906527,-0.00129472098145636,180.080084399316
70,51.5092290514345,-0.161021969406769,-1.26140652543984,0.00719297076104981,179.832760075516
70.5,51.5092234929197,-0.161022008661656,-1.25539807994787,0.00718817534849665,180.434163348739
71,51.5092178960218,-0.161021955377256,-1.25953138327634,0.00723314422644196,180.156888890662
71.5,51.5092135459281,-0.161021936574692,-1.02263605939713,-0.0047274618245004,179.81044514822
72,51.5092109890446,-0.161021853634183,-0.793271029273305,0.0213061078758922,179.32576796773
72.5,51.5092095879219,-0.16102166390609,-0.539788521994886,0.024811520867396,178.806683964794
73,51.5092099133233,-0.16102151606347,-0.305667458779117,0.0247693261079897,178.703511790187
73.5,51.5092109011163,-0.161021247026768,-0.224364512387596,0.0745638454776573,163.806396618349
74,51.5092120020474,-0.161020571820754,-0.21695975527096,0.110210538982147,148.74095304511
74.5,51.5092130839466,-0.161019514172281,-0.164341604877479,0.148272870944057,134.1635001447
75,51.5092140748281,-0.161017318797193,-0.140450917526804,0.234644333691969,119.120494129143
75.5,51.5092154205717,-0.161015244908041,-0.0577448954281574,0.246164732468263,103.929173293929
76,51.509217053522,-0.161012947742615,0.00746557527492497,0.263205888894187,88.7876501528642
76.5,51.5092189531068,-0.161010613837937,0.0542013450834863,0.240408446396317,74.5777678686019
77,51.5092209104696,-0.161008875711456,0.119656114706746,0.236771210050245,59.7791475694567
77.5,51.509223273898,-0.161006969461844,0.152629339962951,0.194564895614091,44.9547461309151
78,51.5092258243546,-0.161005471120907,0.202982559951355,0.164592799830972,30.3523791341041
78.5,51.5092283957427,-0.161004550657106,0.213043582490141,0.0849696522268821,15.5888017984903
79,51.5092310504536,-0.161004324561225,0.223494167830863,0.0153790321755037,0.990038423233486
79.5,51.5092351544123,-0.161004552260014,0.454835226339484,0.0134366619485571,0.508791191799943
80,51.5092404891594,-0.161004737881706,0.702083692272057,0.00625619901189611,0.00952925896925194
80.5,51.5092473120155,-0.161004876983923,0.959475741914777,0.0176417152118305,0.248205515251428
81,51.5092554053892,-0.161005142257265,1.19813925660371,-0.0182696062029334,0.104412028023845
81.5,51.5092640410337,-0.161005498822417,1.23574735412098,-0.0224212707964464,0.323655305636677
82,51.5092723084832,-0.161005852296108,1.25673426402329,-0.0182044702464251,0.529126136261425
82.5,51.5092805779459,-0.161006191554777,1.2675505858833,-0.0204727634883957,0.498199119965349
83,51.5092884664177,-0.161006452581354,1.2577485284653,-0.00526450347689043,0.301705876358426
83.5,51.5092962226453,-0.161006581675817,1.24007075676371,0.00301387949870449,0.461634839130426
84,51.5093040298759,-0.161006808867825,1.26423446156422,-0.0370950247058794,0.691218691740488
84.5,51.5093115736924,-0.161007176844844,1.25976496722933,-0.0303967682714463,0.520409591385061
85,51.5093189359538,-0.16100745003296,1.26261069383231,-0.00499187251361144,0.272679262803237
85.5,51.5093260805102,-0.161007471899994,1.24780057151857,0.0160410651635762,0.707729971978338
86,51.5093331595557,-0.16100740103218,1.25145508880216,0.0266335371858669,0.701545022191496
86.5,51.5093401241244,-0.161007390799328,1.23687759044388,0.0155254078194638,0.127221804437241
87,51.5093468588057,-0.16100753663422,1.22220609193521,-0.00417787935061987,-0.661026582880268
87.5,51.5093535075917,-0.161007835045388,1.24236161779901,-0.0485519940148368,-0.498638119161356
88,51.5093602948776,-0.161008239818592,1.26418346856095,-0.0378518872151764,-0.228089821031304
88.5,51.5093668323153,-0.161008597247895,1.2494868083394,-0.036534323011438,-0.0360056595196738
89,51.509373361333,-0.161008881099558,1.26575427670833,-0.0102824616253729,-0.180428842348363
89.5,51.5093798963914,-0.161009009693194,1.25692713088429,-0.0220092338004567,0.233267016847307
90,51.5093862592422,-0.161008974462347,1.2448239061088,0.0162764573803231,0.871512462993266
90.5,51.5093925048847,-0.161008978500436,1.23863356641709,-0.0114878350358598,0.562801256483198
91,51.5093987373331,-0.161008988520709,1.26017102352899,-0.000382760416238763,0.766542386282225
91.5,51.5094047648125,-0.161009107813205,1.23646203890824,-0.0287026318633536,0.475624492509652
92,51.5094109893449,-0.161009251461076,1.24310732024993,-0.00515757424336633,0.182151841072255
92.5,51.5094169076344,-0.161009389666958,1.24060151657433,-0.0300390639873884,0.268847732665947
93,51.5094231435809,-0.161009581233686,1.24557103249032,-0.0174888566069679,0.186130958365979
93.5,51.5094291776193,-0.161009648891972,1.24444306548684,-0.000381119101083148,0.293641277051179
94,51.5094351497102,-0.161009524363054,1.27213783358308,0.0207060002525727,0.583744335806159
94.5,51.5094410634694,-0.161009311185804,1.24684341523907,0.0102224304206712,1.1351871388833
95,51.5094468520477,-0.161008967043651,1.24963222096279,0.0439271664678203,1.72879934433564
95.5,51.5094526169578,-0.16100875786187,1.2584579861433,-0.00317039128155255,1.45208455261024
96,51.5094584941189,-0.161008769088087,1.23277534426064,-0.0121659814476896,1.12818213362168
96.5,51.5094643291663,-0.161008654744951,1.24482036772089,0.0166253101621967,1.29465973682143
97,51.5094699124224,-0.161008358730308,1.23895815293926,0.026232970452338,1.66100339221113
97.5,51.5094756629402,-0.161008104398012,1.28412000781453,0.0130305327979235,1.71516208073386
98,51.5094813831485,-0.161007871560867,1.26142057403204,0.0193627755366723,2.03586300238536
98.5,51.5094871824579,-0.161007586338338,1.23386309643283,0.0229434404495068,2.29837069997413
99,51.5094927264334,-0.161007260647486,1.23373600787699,0.0454011852937354,2.29452976180106
99.5,51.5094983279186,-0.161006852741735,1.23542807082502,0.0530708531023138,2.20645451801749
100,51.509503689119,-0.161006735225514,1.25190861222776,-0.0030533525345422,1.51424372170653
100.5,51.5095095061398,-0.161006701577178,1.24428285267237,0.0174344948210534,1.28855393558457
101,51.5095150701641,-0.161006778953902,1.24506984985479,-0.019057834728723,0.890596019540183
101.5,51.5095204468425,-0.161006876617353,1.22727070348537,0.00419721750525039,1.08484918863718
102,51.5095261924371,-0.161006940950866,1.24217639989806,0.00762878468402097,0.885997035864378
102.5,51.5095318354133,-0.161007067292137,1.26532835926092,-0.0106594649563364,0.751502414494425
103,51.5095371457409,-0.161007049690153,1.24538487263063,0.0339206156738663,0.818737134314304
103.5,51.509542739535,-0.161007137015368,1.26794755725357,-0.012430872285534,0.263099054907173
104,51.5095481685368,-0.161007430123271,1.26627295154744,-0.0278544595698581,-0.141217312992367
104.5,51.509553819199,-0.16100774439142,1.22825546585239,-0.0299438034646304,-0.273453362905528
105,51.5095591795701,-0.161007998262174,1.25212085112731,-0.0293993463716522,-0.13643925575137
105.5,51.509564931783,-0.161008317389838,1.26887496563693,-0.0311013659853171,-0.382070082065141
106,51.5095705971409,-0.161008455058179,1.2653773030701,-0.00980203233429349,-0.0601643370470697
106.5,51.5095760429895,-0.161008530250573,1.24488514888004,-0.00650084216755117,-0.190432298694844
107,51.5095817242545,-0.16100844624041,1.23762151706601,-0.000727933880060695,0.40731238889353
107.5,51.5095870270907,-0.161008346893747,1.26216317005456,0.00905658242319194,0.548499539415857
108,51.5095927030048,-0.161008209774441,1.26639376270835,0.00559041964230045,0.661091097205315
108.5,51.509598453051,-0.161008250074492,1.27849756510566,-0.00925460181786834,-0.132820945740477
109,51.509604276559,-0.161008356700295,1.27021642986067,-0.0154527583289699,-0.183403393016107
109.5,51.5096098773388,-0.161008443791798,1.2587570183031,-0.00978644581908398,-0.0849909079479261
110,51.5096152629414,-0.161008705883094,1.27469369046848,-0.036468877222901,-0.835319951498391
110.5,51.5096198483816,-0.161008999347001,1.06402831063592,-0.0348986586380243,-1.10633548382431
111,51.5096225978576,-0.161009261090672,0.81366620946207,-0.0284883861839798,-1.74367055993625
111.5,51.5096239013189,-0.161009402647321,0.548090345095964,-0.0189394808870509,-1.40449151807367
112,51.5096239490066,-0.161009516209139,0.292066858593743,-0.0252780840135746,-1.07540547967693
112.5,51.5096235727867,-0.161009292098434,0.230821105624247,0.0446387189532076,14.1351802037136
113,51.5096230674124,-0.161008193099014,0.225939354417155,0.131429953082382,29.6051824822624
113.5,51.5096224311728,-0.161006306241146,0.142881539230923,0.186720053681028,44.8680691427308
114,51.5096217336542,-0.161003521087318,0.133350062161549,0.188341500666833,60.4156896903758
114.5,51.5096205931024,-0.161001369480986,0.0656645611701627,0.236121516228505,75.2931692313607
115,51.5096191348372,-0.160998797442894,-0.00374816170793403,0.251170732850136,90.2886842546045
115.5,51.5096173739635,-0.160996546412028,-0.0552814249132774,0.225843875018337,104.905133243161
116,51.5096153895168,-0.160994687024147,-0.112744221114079,0.209090931659425,119.375269596047
116.5,51.5096130196577,-0.160992884981543,-0.158805898838031,0.196376642628772,133.910928977946
117,51.5096105591943,-0.160991757310882,-0.205875145004654,0.134110229392486,148.665673857747
117.5,51.509607912976,-0.160991313891917,-0.251804727368548,0.0771118322515043,163.424775846489
118,51.5096050514642,-0.160991559459713,-0.24733995600224,0.0267596341953261,178.241186169524
118.5,51.5096017878917,-0.160992106615336,-0.461054524119921,0.00325983299250608,178.543270483083
119,51.5095967314632,-0.160992519713204,-0.723688742449223,0.00432027683304635,178.937758359049
119.5,51.5095901442453,-0.160992711794312,-0.959419230002456,0.0327807069702021,178.65279001259
120,51.5095827258151,-0.160992798845964,-1.18515883885211,0.009538697019948,178.292047195875
120.5,51.5095747674265,-0.160993056152433,-1.24365943237015,0.000234148833230136,178.964997737789
121,51.5095671386807,-0.160993333236089,-1.25743542907213,-0.0110058410444869,179.02618313161
121.5,51.5095597414447,-0.16099343522507,-1.26049527877799,0.0304311650103179,178.935117714055
122,51.5095522020019,-0.160993465455625,-1.23958755730654,0.0174127060083645,179.271134526828
122.5,51.5095450564492,-0.160993609576704,-1.25082270796065,0.0136969710652603,180.107966994849
123,51.5095379462212,-0.16099392464447,-1.25441359466884,-0.0282675376135026,180.909374421135
123.5,51.5095310826036,-0.160994270815831,-1.24036817935284,-0.0186694039592663,180.767198361733
124,51.5095243468103,-0.160994636836817,-1.25884139533375,-0.0214663448631433,181.072928949444
124.5,51.509517627027,-0.160995053915629,-1.25557612138992,-0.0310446009924626,181.437496757204
125,51.5095110724662,-0.160995498356991,-1.24766314545562,-0.0479909075708352,181.382344650792
125.5,51.5095046655506,-0.160995744483418,-1.25134741231965,-0.0193364067353745,180.530731528008
126,51.5094983462657,-0.160995766647346,-1.25033460561246,0.000551152210959825,179.741322899601
126.5,51.5094920448636,-0.160995600409127,-1.26629569454877,0.0267778152074379,179.162874088234
127,51.5094857626593,-0.160995406705591,-1.23368473332319,0.00762825764158821,178.797219553208
127.5,51.5094798404145,-0.160995259275853,-1.21660827044869,0.0185435947439489,178.495600155825
128,51.5094738318841,-0.160995173648381,-1.23156578267785,-0.00411959839719379,178.513033457736
128.5,51.5094676393096,-0.160995117556504,-1.239080699624,0.0272230741349353,179.082604512435
129,51.5094617428779,-0.160995064759336,-1.2546020254939,0.00893662448718563,179.808555012445
129.5,51.5094560162866,-0.160995168720393,-1.23120562034515,-0.0128035012235815,180.370047929515
130,51.5094500588899,-0.160995307575764,-1.26253596181609,-0.0165185840724435,180.413499982741
130.5,51.509444179736,-0.160995392045331,-1.27069817104502,-0.0105240778302688,180.195716579102
131,51.5094383985806,-0.160995482837252,-1.26090452085027,-0.0152761480153118,180.156107438495
131.5,51.5094326083576,-0.160995585722767,-1.24595261693228,-0.0170594499262395,179.894064216704
132,51.5094268281822,-0.160995594235753,-1.26368295141711,-0.00971573316962418,179.330224675609
132.5,51.5094207742806,-0.160995421167771,-1.24411108883479,0.0202042708168803,178.67750003531
133,51.5094151969289,-0.160995040032349,-1.25363879505613,0.0299483163472272,177.899973459533
133.5,51.5094095181868,-0.160994664763445,-1.2479898548499,0.0466918265769948,178.112600705922
134,51.509403695022,-0.160994238947754,-1.26505327201961,0.0517450225607122,178.351914581248
134.5,51.509397986487,-0.16099386872406,-1.23579388370966,0.0445926784233751,178.575062547576
135,51.5093924506453,-0.160993598883921,-1.22130276895671,0.0289660649833362,178.780873167915
135.5,51.5093869209164,-0.160993547873073,-1.23816066845001,-0.00294186509711929,179.1777563111
136,51.5093813378743,-0.160993704233394,-1.2529230245721,-0.0025180468215392,180.097713977641
136.5,51.5093755339697,-0.160993621127837,-1.25975724782811,0.0140299920834154,179.321486981729
137,51.5093699038491,-0.16099345202689,-1.2543717387625,0.0215496272441303,178.921737521731
137.5,51.5093642360715,-0.160993308042975,-1.24566144248209,0.0240977905948144,179.133063028657
138,51.5093587530497,-0.160993200915125,-1.23185680795533,0.0118989933602241,179.35667209103
138.5,51.5093532933631,-0.160993034016038,-1.24893337528673,0.0236968245746218,179.140404813927
139,51.5093476124169,-0.160992812697585,-1.24133184757025,0.028437628869658,178.963951829345
139.5,51.5093419513105,-0.160992632937526,-1.23952006262893,0.0263517564502525,179.258024709669
140,51.509336485121,-0.160992473487568,-1.2672423052678,0.027613310075082,179.62236311595
140.5,51.509330840215,-0.16099230748,-1.27386273364936,0.0249791767308222,179.719947095666
141,51.5093251734902,-0.16099209500056,-1.24286825274612,0.0319599051179105,179.420818476991
141.5,51.5093198209013,-0.160992083295719,-1.23860240820483,-0.0102943437647052,179.743243287546
142,51.5093144368042,-0.160992211785108,-1.26262096727593,-0.00764910900962527,179.895106425817
142.5,51.5093086456312,-0.16099220040034,-1.26105869008129,0.016145686186064,179.919785197265
143,51.5093030351999,-0.160992214336905,-1.26036453470539,-0.00417120878585131,180.061369067101
143.5,51.5092975828486,-0.160992377001586,-1.25212639040333,-0.0133894862888889,180.349236294625
144,51.5092919265447,-0.160992530717883,-1.2279616303056,-0.00400242706636618,180.539814723645
144.5,51.5092864971133,-0.160992557285072,-1.2583117633243,0.00562729726286125,180.27427122173
145,51.509280840521,-0.16099239608168,-1.2464779268875,0.023180254356275,179.642300783168
145.5,51.5092753539853,-0.160992305892397,-1.25121004410769,0.00266858215588781,179.801640904485
146,51.5092698057332,-0.160992233910777,-1.26623326780927,0.0290177550022016,180.216309793006
146.5,51.5092642349381,-0.160992088131734,-1.25421047146953,-0.00700432673036439,179.516153973718
147,51.5092586114435,-0.160992016949733,-1.22920208430134,0.0168477553393538,179.396882830854
147.5,51.5092530125648,-0.160991901707725,-1.27326054676503,0.0144464527015159,179.707971656977
148,51.5092473159743,-0.160991723563987,-1.2595994780508,0.0324311226202646,179.863778622506
148.5,51.5092418158282,-0.160991531398443,-1.27429625321237,0.01380107029169,179.606720680529
149,51.5092361764782,-0.160991436746724,-1.26986523658141,0.0199302921413632,179.679715567153
149.5,51.5092317394903,-0.160991320010293,-1.05906454988335,0.0241016076514446,179.784289362218
150,51.5092288364452,-0.160991188142622,-0.807015601228124,0.0254687430405496,179.871885950071
150.5,51.5092275460155,-0.160991152654873,-0.54560469509997,0.000428277340598191,180.269264527367
151,51.5092271873097,-0.160991302720977,-0.298984189068729,-0.0204326917621923,180.638566491513
151.5,51.50922794851,-0.160991434913606,-0.238619186469754,0.0331329535590775,165.526045707896
152,51.5092284640901,-0.160990698095061,-0.206546784815748,0.126533350434633,150.947561129272
152.5,51.5092290380949,-0.160989549140505,-0.172700200569147,0.148721574109886,136.086231788686
153,51.5092297150073,-0.160988192841417,-0.131598075785296,0.206059131748411,121.531341370746
153.5,51.5092304686148,-0.160986424733516,-0.0749993704643003,0.231532203750075,106.143989723773
154,51.5092314255368,-0.160984164689832,-0.0185980230827046,0.231377081270047,91.0333865432207
154.5,51.5092326200472,-0.160982131647897,0.0397913524907375,0.251378208867382,75.8153213549135
155,51.5092339070437,-0.160980468310392,0.108342389824471,0.225826678019439,60.6481397805173
155.5,51.509235724878,-0.160978577660256,0.153488123635317,0.187083748679444,45.3862055534585
156,51.5092376537473,-0.160977321300694,0.206963435270562,0.138886341015333,30.714371215315
156.5,51.5092395155404,-0.160976624145646,0.208639776038355,0.0786423810589544,15.8220245003007
157,51.5092416102654,-0.16097645715855,0.241819651824294,0.0214556551805559,0.606123101498454
157.5,51.5092448488174,-0.16097677144872,0.461024565898404,-0.00126783111084522,0.536450677244929
158,51.5092498039941,-0.160977043043001,0.703045776229135,-0.0103488969543043,0.426724985085627
158.5,51.5092557968099,-0.160977366775462,0.970682044570882,-0.0097201873905285,0.231663360462989
159,51.5092632042876,-0.160977619136506,1.20421262308582,-0.00144265440986589,0.255395773455405
159.5,51.5092709972858,-0.160977668806864,1.23522565447646,0.00145041798513602,1.06341065693985
160,51.5092784918947,-0.160977799284175,1.25306834387309,-0.0194391042973675,1.35877547088825
160.5,51.5092857053362,-0.160977935176506,1.25630871994416,-0.00224414105653863,1.47170544275454
161,51.5092926616836,-0.160978003415843,1.25989924250229,0.011210052646436,1.08885298986542
161.5,51.5092994926682,-0.160977926056325,1.24406972674492,0.017464992802423,1.33662456585111
162,51.5093062628019,-0.160977798724618,1.23414435787973,0.0178322772015388,1.51030840723502
162.5,51.5093126470017,-0.160977743192322,1.25312740175896,0.0142678335941075,1.19155848041009
163,51.5093194896977,-0.160977781862548,1.2573058106587,-0.0104157618878812,0.994506322024137
163.5,51.509325899568,-0.160977782476307,1.24286056240883,0.0143897887863059,1.21669433109136
164,51.5093320044877,-0.160977768483168,1.26576531140503,-0.00881103344950927,1.39877394439901
164.5,51.5093383257537,-0.160977794068459,1.25993446545655,-0.00409821648358455,1.59055908791456
165,51.5093446503691,-0.160977808523889,1.25684136682509,-0.0039342795339285,1.65567517248286
165.5,51.5093506109833,-0.160977814167501,1.25846821139784,0.00520311287625971,1.75564324030114
166,51.5093568759936,-0.160977658912351,1.26759775861883,0.0168165987052185,2.19173536654762
166.5,51.5093629460513,-0.160977587350644,1.26273727513202,0.00214440111563359,2.00108966088047
167,51.5093689023055,-0.160977484056349,1.24627131324057,0.0221199152026282,2.02552346597128
167.5,51.5093749588725,-0.160977440645854,1.23381191153919,0.00507939742876734,1.59545969108208
168,51.5093807219404,-0.160977350505437,1.25765771082659,0.012221899593261,1.80815816896578
168.5,51.5093864397465,-0.160977387400729,1.25036408914626,-0.00657220654870466,1.61129987347212
169,51.5093922405841,-0.16097764039907,1.26058515223833,-0.0239297328957728,0.643709642828668
169.5,51.5093978788652,-0.160977848641814,1.24570541837089,-0.0134229455591979,0.408313381160355
170,51.5094036767611,-0.16097802163658,1.23529669615862,-0.00741578106961225,0.193939510917772
170.5,51.5094094888785,-0.160978123558233,1.24838592253338,-0.0115287943395331,0.385114193517921
171,51.5094148625079,-0.160978212599879,1.22859211985959,-0.00163087504406612,0.405229658304506
171.5,51.5094204989717,-0.160978315290438,1.22100593923672,-0.0110403899518456,0.333100162200111
172,51.5094258973529,-0.160978375639415,1.23716160725809,-0.00696757655478376,0.678887105175448
172.5,51.5094317215147,-0.16097842134519,1.23588601290627,-0.000305334050539693,0.757502597336298
173,51.5094371322068,-0.160978310937179,1.23143221182949,0.0261644365283553,1.12859632472941
173.5,51.5094428093746,-0.160978133371933,1.24144472587442,0.00599226324853171,1.48792101723944
174,51.509448453759,-0.160978011149457,1.25488739971266,0.0163971896341414,1.4584403668853
174.5,51.5094541892964,-0.160977851921686,1.2595948284144,0.0184317037472993,1.39610849953567
175,51.5094596919898,-0.16097781615052,1.23127714533718,-0.00799552401911837,1.11772017882882
175.5,51.5094654837689,-0.160977833990301,1.26028028391532,-0.00675890256605292,1.44395727582349
176,51.5094709398165,-0.160977705829926,1.26005441646843,0.0273008845272288,1.6669903704811
176.5,51.5094767813127,-0.160977596030225,1.26361183964981,-0.00329214873064787,1.53801212422081
177,51.5094823665692,-0.160977599701709,1.23897952321717,0.00872209932146913,1.18410565920729
177.5,51.5094882390329,-0.160977351165254,1.23815779464803,0.0324438653046806,1.67613342409672
178,51.5094937602681,-0.160977111252336,1.25591408295929,0.0275786020680866,1.77349880703983
178.5,51.509499334289,-0.16097694345243,1.25509249448901,0.0237992709251221,1.49207869706174
179,51.5095050027836,-0.160976748135355,1.2328979998481,0.033496351755637,1.39781636629255
179.5,51.5095105337684,-0.160976583210897,1.22799536769027,0.0255549461231085,1.38394433289196
180,51.5095158473875,-0.160976579662191,1.23741027451184,0.000553423310772091,1.11391526626042
180.5,51.5095214082808,-0.16097657659491,1.23878365014396,0.0111533032700348,1.05606711967025
181,51.5095269850987,-0.160976574267324,1.22769306702152,0.00597776978797298,0.871173413006574
181.5,51.5095325954288,-0.160976704689667,1.23624548962006,-0.00968081410088672,0.20216484069411
182,51.5095379943529,-0.160976798827892,1.25183550299485,-0.00493375549907609,0.242552050827413
182.5,51.5095438349238,-0.160976889638992,1.2459728666635,-0.00795481062066566,0.23477033480512
183,51.5095492909395,-0.1609768735487,1.24787232053686,0.0148245089912964,0.2310280383833
183.5,51.5095549260862,-0.160976828333098,1.25419344029644,0.00397490933370855,0.214908347443952
184,51.5095604362685,-0.160976872562541,1.23383089811008,-0.00230893641547651,0.116877836636093
184.5,51.5095658173948,-0.160976888287519,1.22540664472438,0.00621306637127973,-0.0927596996182842
185,51.509571416069,-0.160977018686841,1.25766353808884,-0.0195733441270545,-0.445255228482239
185.5,51.5095769624751,-0.160977214174636,1.25456884721697,-0.0413030044046637,-0.026264423071126
186,51.5095824756161,-0.160977385445859,1.25335195373306,-0.0188611280679501,0.292947214765888
186.5,51.5095880319099,-0.160977481641657,1.2468136470982,-0.0054226544488863,0.0890225718021043
187,51.5095935608825,-0.160977590467475,1.22359178491876,-0.0121154726582168,-0.417776412222565
187.5,51.509599184885,-0.16097757424118,1.26766527428143,-0.00746603473510162,0.384169691385836
188,51.5096046096791,-0.160977537651329,1.26786145074667,0.00128440954504561,0.887330260851002
188.5,51.5096090962298,-0.160977532665508,1.04619915042766,-0.0118967065708846,0.968557883420971
189,51.5096122846699,-0.160977565774432,0.802846230763368,-0.00989674327699318,1.18060293788437
189.5,51.5096136517822,-0.160977667258817,0.536649307357539,-0.0275738761705259,1.59324575245191
190,51.5096139063545,-0.160977854402467,0.282617080749372,-0.0392915129703479,2.20417852223054
190.5,51.5096136186232,-0.160977774479781,0.270209747124844,0.0398799486631762,16.7191439656727
191,51.5096135069284,-0.16097671828418,0.227972084653,0.112672669939088,31.031685800729
191.5,51.5096133418845,-0.160974870428718,0.178936790895635,0.164102145845101,45.8377087341214
192,51.5096128673988,-0.160972777017903,0.142477485759359,0.21731212846814,60.6940229719643
192.5,51.5096122109744,-0.160970547652257,0.0975676376255138,0.231290044938624,75.6392707243397
193,51.5096112734448,-0.160967983584939,0.0332811090899703,0.229011540836167,90.1083358544637
193.5,51.5096100309818,-0.160965990400059,-0.0515383704433642,0.229876011472504,105.414946811189
194,51.5096083009534,-0.160963880768752,-0.126462416111295,0.217734305827562,121.018115012472
194.5,51.5096063838635,-0.16096234952926,-0.173602845685941,0.187118800615895,135.723007575731
195,51.5096043113903,-0.160961310257669,-0.197605383582537,0.1322295580499,150.334724015
195.5,51.5096021110707,-0.160960765722669,-0.249164468565049,0.103711523518546,165.099078054735
196,51.5095995923757,-0.160960917128278,-0.251431368653691,0.0200622498247856,179.916462086788
196.5,51.5095964484252,-0.16096137868038,-0.469644805674784,0.00193611129623772,179.348881878228
197,51.5095919907927,-0.160961698787435,-0.710416433040976,-8.45907092517665e-05,179.024488439068
197.5,51.5095861327769,-0.160962000315082,-0.963626876691157,-0.00953555211467779,179.478349408347
198,51.5095790400014,-0.160962228860698,-1.22741140295517,-0.00872869062313306,179.279709803841
198.5,51.5095715993867,-0.160962420207744,-1.26120308937802,0.0174151143403829,179.818320402283
199,51.5095642127875,-0.160962612518508,-1.2413380679449,-0.0169949559524655,180.341065957665
199.5,51.5095574114542,-0.160962897576597,-1.24838267126729,-0.0190549696658015,180.480745937062
200,51.5095506263182,-0.160963038329198,-1.23974386256359,0.00592105772746042,180.377591141969
200.5,51.5095439749813,-0.160963081392966,-1.26576613126993,-0.00284448222700747,180.147859983741
201,51.5095372560125,-0.160963122235558,-1.27264041419745,0.0159872523995568,180.28204593909
201.5,51.50953082776,-0.160962994401835,-1.25867791220824,0.0261874502134535,179.940830521606
202,51.509524298308,-0.160962801913076,-1.25453602595076,0.0224367528287213,179.390792172606
202.5,51.5095180736445,-0.160962649466209,-1.26260359537041,0.0266217688336,179.636297661819
203,51.5095120487617,-0.16096257538008,-1.26302729238943,0.00657922002082198,179.958923141944
203.5,51.5095058060928,-0.160962540516961,-1.26340950705425,0.00862487287785363,180.075982184902
204,51.5094998581548,-0.160962414239112,-1.25335707024831,0.0237127790134194,179.886533809947
204.5,51.5094939477699,-0.160962203106729,-1.24447968893001,0.0313150922592819,179.8401665201
205,51.5094881199058,-0.160961963812012,-1.24056232753896,0.0186041773703974,179.474476701042
205.5,51.5094821416057,-0.160961910872032,-1.25200078252668,0.010877582882253,180.06342639268
206,51.5094764007797,-0.160961970631023,-1.26761772267125,-0.0059028357681898,180.819658666245
206.5,51.5094704250539,-0.160962059828595,-1.23412410596243,-0.0132913971470397,180.817487770314
207,51.5094647087351,-0.160962196819022,-1.23617702698713,-0.0207858250674616,180.718661018719
207.5,51.5094592180933,-0.160962430713084,-1.23808018381524,-0.0225437115951531,181.09996580647
208,51.5094534802782,-0.16096262146639,-1.24315742506972,-0.00996397748499936,181.451113328847
208.5,51.5094480117,-0.160962741662146,-1.23991555316471,-0.034059577153493,180.627631503058
209,51.5094420037111,-0.160962786961895,-1.24735612927973,-0.00258009726878539,179.973631310476
209.5,51.5094363965517,-0.160962782472347,-1.26185809437248,-0.00642074787229205,179.992312890878
210,51.5094305269098,-0.160962666537484,-1.26271862848935,0.020393755709087,179.765554908482
210.5,51.5094249593377,-0.160962426903024,-1.25243714943213,0.0363628424198946,179.810464899648
211,51.5094192450628,-0.16096228971728,-1.2552194039607,0.00194418191393069,180.109300964063
211.5,51.5094133919995,-0.160962134529744,-1.26108244005789,0.0335259150020059,180.211401912145
212,51.5094079056788,-0.160962023327778,-1.25522333837703,0.000407471788010511,180.543822820379
212.5,51.5094021223051,-0.160962075448239,-1.25258310229925,-0.000679673545809358,180.829945737157
213,51.5093965095231,-0.160962350174396,-1.24748911966467,-0.0401351529067488,181.373269809351
213.5,51.5093908798909,-0.160962602808763,-1.23519865706753,-0.00971657691866011,181.202392682171
214,51.5093852102073,-0.160962658294135,-1.25911010245396,0.00118695406606792,180.8685072235
214.5,51.5093796328472,-0.160962634681009,-1.24588896415908,0.0119057983646818,180.70748019858
215,51.509373914637,-0.160962600892468,-1.22818910543261,0.00580148076837778,180.943985125892
215.5,51.509368391888,-0.160962622681023,-1.23883260273894,-0.00764947563636926,180.942518463487
216,51.509362922757,-0.16096269756371,-1.24408984492952,-0.0183974723494692,180.99791206693
216.5,51.5093574649063,-0.160962772865043,-1.26193092612515,-0.0129311196437921,181.022885717858
217,51.509351865171,-0.160962869471922,-1.24161425672434,-0.0239324734753043,180.929818060752
217.5,51.5093464149955,-0.160962891503139,-1.25308129586361,-0.00921658759330604,180.426443685101
218,51.5093406726182,-0.160962795761678,-1.24257166468443,0.00977441096155776,180.091185181588
218.5,51.5093351325612,-0.160962773701081,-1.24319970402188,-0.0175318233446958,180.149423417707
219,51.5093295506862,-0.160962728928912,-1.26068328704451,0.0120725967381792,179.988224653652
219.5,51.5093240699624,-0.160962634415482,-1.26447237355609,0.0097436204987709,180.414142716724
220,51.5093182486585,-0.16096262090848,-1.23925158920255,-0.0124244826344228,180.529763671453
220.5,51.5093127055006,-0.160962576491957,-1.26749250202248,0.00999412311102331,180.431386472524
221,51.5093071258526,-0.160962594826074,-1.23818376436362,-0.00691238935348126,180.788389148286
221.5,51.5093015217047,-0.160962646974226,-1.23793885409943,-0.00833781228637482,180.618758242063
222,51.5092959326452,-0.160962542193281,-1.24990897717886,0.0168326315488312,179.930097267089
222.5,51.5092903621377,-0.16096247718423,-1.24850058135458,7.32141113083015e-05,180.099723726276
223,51.5092847750571,-0.160962498424913,-1.24336465777831,-0.00834660904307201,179.985158690481
223.5,51.5092791173754,-0.160962626535538,-1.24141361146529,-0.0161218362981374,180.2707332325
224,51.509273850762,-0.160962805806739,-1.25913287065148,-0.0156782354859318,180.697612948632
224.5,51.5092680009921,-0.160962943624104,-1.24904784200117,-0.00529347236741225,180.88857828276
225,51.5092624700883,-0.160962939930606,-1.25887714544696,0.00231644244217963,180.520119755899
225.5,51.5092568526217,-0.160962987644392,-1.24495252108706,-0.000641971446360638,180.816016907811
226,51.5092512868517,-0.16096301532031,-1.26186609864008,-0.00497429580390271,180.499354026971
226.5,51.509245653046,-0.160963053815689,-1.25157609327101,-0.00333585147184129,180.375753375844
227,51.5092403272001,-0.160963104962006,-1.25933715556895,-0.00861217291477991,180.322157139489
227.5,51.5092356987154,-0.160963082530338,-1.04003171372834,0.0257055531796923,180.597973180984
228,51.5092328660528,-0.160962964487479,-0.80456242445397,0.0225633242183036,181.005639488574
228.5,51.5092315097004,-0.160962889753203,-0.55937862514809,0.016130912909401,181.126201382651
229,51.5092312082471,-0.160962901304214,-0.303111055077885,0.000735614806374529,180.826078009397
229.5,51.5092317482297,-0.160962787412772,-0.233873747388342,0.0778268573076202,165.726898323313
230,51.5092319776466,-0.160961874366921,-0.226395984156833,0.126114725697731,150.937056106942
230.5,51.5092321260734,-0.160960468655788,-0.20629814052238,0.169235521399725,136.197605057119
231,51.5092324781202,-0.16095872550369,-0.11802950404238,0.222896759195214,121.002007337959
231.5,51.5092330728213,-0.160956754814244,-0.0748834789535979,0.240174159708544,106.240272715978
232,51.5092338661333,-0.16095458271142,-0.0101745129368637,0.251298180217263,91.1912761703259
232.5,51.5092349288615,-0.160952330248412,0.0484036091259458,0.264249438760239,75.7198316286876
233,51.509236267109,-0.160950282090483,0.11493054958778,0.227820604702942,60.7444816662985
233.5,51.5092377058556,-0.160948772758701,0.153862414714035,0.195098062947396,45.8430333093642
234,51.5092392846148,-0.160947655294513,0.201967690703476,0.140314672228104,30.5496254492109
234.5,51.5092412283834,-0.160946980353176,0.221190885753582,0.0828206291053954,15.2336348945055
235,51.5092433252862,-0.160947061724117,0.226936430520243,0.000563003950434536,0.132253314153076
235.5,51.5092462831261,-0.160947484458356,0.45897802519332,0.00264774057670117,0.393279639286021
236,51.509250556287,-0.160947705293065,0.722346058649374,0.0161373231859661,0.630641102489847
236.5,51.5092565629908,-0.160947861963976,0.970698287651238,0.00460125506318898,0.957831816663315
237,51.5092635745289,-0.160947922275451,1.21640273816889,0.0246091268860599,1.09171851909323
237.5,51.5092709972649,-0.16094802394012,1.24026060329428,0.0125757050292359,0.386838259027826
238,51.5092781768606,-0.160948019225221,1.24197257101143,0.0242796256739622,0.542175004644605
238.5,51.509285005049,-0.160948070890638,1.24399456462877,0.0147398960886664,0.0153571773739998
239,51.5092918103278,-0.160948323146846,1.23438200533574,-0.0319845758890468,-0.316236155210532
239.5,51.5092983143889,-0.16094868825224,1.24348942843022,-0.0232434947613841,-0.664884779194836
240,51.5093047364112,-0.160948975775134,1.24303400982516,-0.0233460419573353,-0.917010567168433
240.5,51.50931121109,-0.160949098939618,1.24904348457896,-0.00704541309837245,-0.556830061764458
241,51.5093174121125,-0.160949038631591,1.23907033523825,-0.00159369521804371,0.273495860169987
241.5,51.509323438695,-0.160949009304541,1.25443195316315,0.000509946379406397,0.232054135166152
242,51.5093295774197,-0.160948944219894,1.22690948314758,0.000780096834057361,0.493839915489446
242.5,51.50933548519,-0.16094877299895,1.24487964561589,0.0289262499364395,0.614749959866231
243,51.5093413736149,-0.160948605812181,1.25232569991537,0.0136017951850737,0.493679061920801
243.5,51.5093471117686,-0.1609486656539,1.25455771961027,-0.0203970151073274,0.205250856537191
244,51.5093533662338,-0.160948762577132,1.24753242746106,0.00281914439849826,0.0167512756975441
244.5,51.5093588671323,-0.160948752237134,1.23665514148819,0.0036289793936503,0.165629124852046
245,51.509364798964,-0.16094874145867,1.24786930893683,-0.00460361829464272,0.524519994304967
245.5,51.5093705954293,-0.16094886498426,1.25221110682374,-0.0303733387888087,0.459181671430599
246,51.5093762339449,-0.160948881148486,1.22245860748201,0.0112053403611526,0.564571419200803
246.5,51.5093819614178,-0.160948811878217,1.23149353372084,-0.00194066083996277,0.769546474619347
247,51.5093878377138,-0.160948807995641,1.24611590122269,0.00135966718582896,0.564371128242897
247.5,51.5093934838158,-0.160948764456075,1.22827492154832,0.00576731097517574,0.368121873395694
248,51.5093990911224,-0.160948766060329,1.2425330536634,-0.00675253324009416,0.419009760982846
248.5,51.5094046827258,-0.160948869094842,1.2193248049762,-0.0087358397313003,0.158696362614165
249,51.5094102823289,-0.160949004224659,1.24724106301567,-0.01217410886071,-0.202174579861065
249.5,51.5094158740063,-0.160949200503015,1.2337659218466,-0.0260728167544252,-0.478175537287854
250,51.5094214128413,-0.160949474904182,1.24712322910776,-0.0277559849013446,-1.00104585953667
250.5,51.5094271528842,-0.160949728829555,1.22974643073272,-0.0287250599495603,-0.852328101758957
251,51.5094327481561,-0.160950012991752,1.23564934480584,-0.0356073246781114,-1.00085135235693
251.5,51.5094385876773,-0.160950246075458,1.25246170583982,-0.0283902151705455,-0.472632368030787
252,51.5094441267455,-0.160950459975255,1.25089147527658,-0.022028729289378,-0.409641638101533
252.5,51.5094497688093,-0.160950527434695,1.25321803507029,-0.00845400219075544,0.00839779310544486
253,51.5094554732759,-0.160950532091635,1.23004706366412,-0.0139124712336164,0.465056610289793
253.5,51.509461038766,-0.160950507574481,1.23485303919971,0.00444602857283454,0.574533446706454
254,51.5094666560462,-0.160950545555072,1.27339030806437,-0.0175017712760798,0.478964171102518
254.5,51.5094723071149,-0.160950628988428,1.25504924192506,-0.0236855906380369,0.765275694266137
255,51.509477985439,-0.160950704368587,1.24538131337003,-0.0083599733370656,1.0499318556202
255.5,51.5094836709873,-0.160950778801559,1.25167232325671,-0.0137282493112614,0.982755956780267
256,51.5094891914252,-0.160950830483145,1.25659554599366,-0.00417456588147097,0.738604662334012
256.5,51.5094947068565,-0.160950774645925,1.24878469805813,0.019950866616033,0.347865060167891
257,51.5095002673266,-0.16095070708473,1.25751472524776,0.00370443488754297,0.112468585716471
257.5,51.5095058574192,-0.160950616050694,1.24463500479366,0.0123217534661367,0.517907725381974
258,51.5095113644683,-0.160950653638744,1.23877774553843,-0.0167618688727543,0.617933756513196
258.5,51.5095169887571,-0.160950759319148,1.26147965157847,-0.00872398050333155,0.606839949515063
259,51.509522586575,-0.160950714805381,1.23978711826055,0.0151177428738632,0.795628096196822
259.5,51.5095281169014,-0.160950555285767,1.24208810417959,0.010523690889489,1.50143893238786
260,51.5095338796564,-0.16095040679311,1.26281661845843,0.0209008926898776,1.61958839464344
260.5,51.509539283781,-0.16095012517899,1.24235218489749,0.0316242568966025,2.22464923269357
261,51.5095449748848,-0.160949737390916,1.25794824552328,0.0553175682189769,2.43587797052658
261.5,51.509550523636,-0.160949323573279,1.26412088626902,0.0499130559992648,2.6184576623744
262,51.5095562922299,-0.160948792809091,1.2703501362704,0.0705689766732601,2.99336356022167
262.5,51.5095618987299,-0.160948301482353,1.26997182377343,0.05727151928607,2.91814621880565
263,51.5095677151279,-0.16094785335107,1.272723582307,0.0637976832833793,2.79686042660728
263.5,51.5095732814427,-0.160947545588556,1.24398815394697,0.0381188840827951,2.14310315583654
264,51.5095789173244,-0.160947434337735,1.23672366288272,0.0256548624715738,1.13966184667487
264.5,51.5095844211056,-0.160947353103171,1.24422177156509,0.0242802268343489,0.446428355083583
265,51.509590012226,-0.160947342875749,1.23587895093821,0.00460579440097651,-0.0588128669109551
265.5,51.5095952850542,-0.160947318062567,1.2312349207689,-0.00093595462631979,0.573035957422206
266,51.5096008619604,-0.160947215250895,1.24665744738506,0.0250389932189273,0.743735214518495
266.5,51.5096051822794,-0.160947085666674,1.05667329583421,0.0016938973802353,0.981342921989551
267,51.5096084377971,-0.160947154208174,0.825362610895339,-0.0215550082033248,0.642424625688079
267.5,51.5096098836222,-0.160947142213325,0.569945982487363,0.0121265049294851,1.19345918322742
268,51.5096104992809,-0.160947073587563,0.317139901371808,-0.0122406017497605,1.70460317783011
268.5,51.5096106825111,-0.16094688690688,0.262933609517041,0.0127119012910744,15.7967764193314
269,51.5096107795723,-0.160945867433222,0.21236704119931,0.105078379426924,30.5503515972375
269.5,51.509610540903,-0.160944549217928,0.210080970499823,0.169673117426655,45.1717967933224
270,51.5096103363181,-0.160942393055853,0.138769747129777,0.229958061262452,59.9910305026528
270.5,51.5096098158147,-0.160940012392826,0.082456112186683,0.226053209541081,74.7805091572901
271,51.5096088404371,-0.160937406636995,0.0175199861875779,0.256401280196072,89.2060358546772
271.5,51.5096074931282,-0.160934864380946,-0.0399693496532844,0.242002391817124,104.269343959473
272,51.5096060089034,-0.160933096640872,-0.127977488677056,0.260024833272734,119.194895273974
272.5,51.5096041299937,-0.160931308159727,-0.166543786426542,0.207973253090818,134.149462880161
273,51.5096020134751,-0.160930304054088,-0.232033431075723,0.148229025333869,149.114725025575
273.5,51.5095999109348,-0.160930045936622,-0.216872395504526,0.0563150966871458,164.587111113972
274,51.5095974230951,-0.160930494807237,-0.240985064854766,0.0169842535885089,179.927962882656
274.5,51.5095947530185,-0.160931110566163,-0.458959555159544,-0.000749934572422837,180.236296803961
275,51.5095901269404,-0.160931551181369,-0.682493852202182,-0.000642283703732827,179.895857174923
275.5,51.5095844652684,-0.160931956116611,-0.93966421809026,-0.0181994044841889,180.122488965396
276,51.509577533815,-0.160932325666874,-1.19395855717484,-0.0137980357981836,180.297175578983
276.5,51.5095702411864,-0.160932543560063,-1.27338431317201,-0.0123193013854391,179.934596882842
277,51.50956261764,-0.160932509516886,-1.27001300320841,0.022314867287611,179.112890937905
277.5,51.5095556392891,-0.160932391172345,-1.26775233846162,0.0174984226514653,178.828623536108
278,51.5095484942602,-0.160932247776345,-1.25432338546666,0.0199240688166457,178.841406743971
278.5,51.5095419583978,-0.16093219523499,-1.24195583405268,0.0134549085901524,179.402280536319
279,51.5095353983612,-0.160932165335582,-1.2615057219119,-0.00112042698963219,179.458820360033
279.5,51.5095290131442,-0.160932160152556,-1.27068520858175,0.00766821145424335,179.533232662727
280,51.5095227204505,-0.160932202362834,-1.26980828838466,0.000328511235010931,179.986425519708
280.5,51.5095165061416,-0.160932213829695,-1.25573397184664,0.0022040263067526,179.885087142762
281,51.5095102786459,-0.160932196666346,-1.24344246114065,0.00987259940617116,180.001735159974
281.5,51.5095043995348,-0.160932153473722,-1.24156557168553,0.0122310911026188,179.999232673088
282,51.5094984454996,-0.160932200706847,-1.23402201113171,-0.00984237366394817,179.997286783506
282.5,51.5094924855687,-0.160932303176768,-1.24355055098948,0.00353433226399538,180.335743141123
283,51.5094867497618,-0.160932317860269,-1.24625301330237,-0.00777994538285861,180.116761976837
283.5,51.5094810884112,-0.160932344298502,-1.24658525736268,0.00270824024110322,180.237368182399
284,51.5094753144317,-0.160932226486462,-1.25239888937524,0.0111955025219331,179.631638833561
284.5,51.509469469707,-0.160931981336698,-1.24688318322511,0.0224016269804374,178.901000141315
285,51.5094635739794,-0.160931588918182,-1.24040355081939,0.0471080338779414,178.307117345775
285.5,51.5094580431904,-0.160931094512632,-1.2394556491792,0.0573893533477079,177.950935840782
286,51.5094522439099,-0.160930584335517,-1.24095201264228,0.0654011760665437,178.01853346495
286.5,51.5094464412821,-0.160930166222682,-1.23901376508692,0.0371428708152068,178.203896851998
287,51.5094408910813,-0.160929802003754,-1.26125164013206,0.0540690733474688,178.295790749337
287.5,51.5094352274064,-0.160929466095336,-1.25705541495394,0.0381999073991994,178.581314359437
288,51.509429353225,-0.160929180582789,-1.27565007362774,0.0423690145037036,178.870176236137
288.5,51.509423768233,-0.16092895765069,-1.26222293690198,0.0206027306763794,178.875364453139
289,51.5094180212828,-0.160928733873502,-1.24910997366213,0.0338997700475189,178.700929297026
289.5,51.5094124252004,-0.160928554531082,-1.25841509441033,0.0194712579484113,178.952879188398
290,51.5094066955808,-0.160928534572569,-1.26677880141437,-0.00441734733335933,179.361588694093
290.5,51.5094009173177,-0.160928548544519,-1.26769102386284,0.00463024201083778,179.538470826016
291,51.5093952301965,-0.160928511682943,-1.2784872220066,0.0115091610705061,179.752522971572
291.5,51.5093896005423,-0.160928497673311,-1.25763624948308,0.00478860036047375,180.088848287961
292,51.509383615899,-0.160928549044081,-1.27010425379678,-0.0119141348208551,180.083128692416
292.5,51.5093779761094,-0.160928703653874,-1.2750011311122,-0.0112453655231824,180.486486706661
293,51.509372636616,-0.160928796339457,-1.26038359533213,-0.00601345414281305,180.410011111736
293.5,51.5093668140952,-0.160928953927366,-1.25127961186427,-0.023776844199525,180.394265060805
294,51.509361185403,-0.160929267570749,-1.23599639368249,-0.0388509249494361,180.732979390476
294.5,51.5093557558567,-0.160929553098832,-1.24742601558934,-0.0271842834954071,180.727384958863
295,51.5093501135038,-0.16092983487215,-1.24611250551959,-0.0335553616384759,180.773798692856
295.5,51.5093446617042,-0.160930173961729,-1.23488514292758,-0.0423620020525168,180.886375578173
296,51.5093391557595,-0.160930519727244,-1.24623626190203,-0.0439035118549422,180.949919031691
296.5,51.50933364351,-0.160930706273201,-1.22417092830223,-0.0137799820867143,180.565452141647
297,51.5093280233162,-0.160930564606471,-1.2463392344075,0.0259580357193705,179.781063312287
297.5,51.5093226678938,-0.160930528357482,-1.22332403100888,-0.00391146408459425,180.296921890569
298,51.5093170727979,-0.160930648200141,-1.25931067220453,-0.0129436149730915,180.644245645933
298.5,51.5093113154659,-0.160930797587907,-1.26504402869545,-0.0225406980968576,180.530687373937
299,51.5093058311344,-0.160930933973319,-1.23834532937688,-0.0155534259725787,180.307312838553
299.5,51.5093002936937,-0.160931251036486,-1.23995332969583,-0.0472311290491427,180.964664578774
300,51.5092947534967,-0.160931721046954,-1.23854461270272,-0.0546180663374251,181.515726560611
300.5,51.5092890732589,-0.160931966732896,-1.26582921903799,-0.0165918696528072,180.938214030972
301,51.5092835081984,-0.160931977179141,-1.25587536970623,-0.00482030644449968,180.308291382126
301.5,51.5092779690649,-0.160932105606242,-1.23575274159624,-0.0259221837467809,180.630918168283
302,51.5092723447228,-0.160932257003127,-1.23829036982855,-0.0184674370352546,180.594401102066
302.5,51.5092669150267,-0.160932272269712,-1.23431784405407,0.000590636179279407,180.487752023278
303,51.5092614114314,-0.160932202734673,-1.22747531452951,0.00916737093671217,180.432275089398
303.5,51.5092557963296,-0.160932212001616,-1.24724988033703,-0.0117545283777981,180.660598063841
304,51.509250313062,-0.160932319463429,-1.22431644043474,-0.00936974822792807,180.918438949124
304.5,51.5092449684644,-0.160932316759077,-1.26578083762001,-0.00112605252615027,180.300865681368
305,51.5092394554455,-0.160932250186735,-1.25465733242526,0.0129135505130938,179.759667757603
305.5,51.5092349611509,-0.160932199242635,-1.01075599392718,0.0186756176032295,180.068317477425
306,51.5092321437085,-0.16093207087638,-0.793405416695153,0.0305691873873304,179.954611463842
306.5,51.5092306467383,-0.160932061319363,-0.550109866627718,-0.00899518075983356,180.136826263111
307,51.5092303537009,-0.160932144836884,-0.287640656397254,0.00228232791065012,180.396717164705
307.5,51.5092307828485,-0.160932103649027,-0.254901646220009,0.0591266730535997,165.543555336557
308,51.5092309392688,-0.160931347763891,-0.213374011346972,0.105285482032264,150.868199319889
308.5,51.5092312301578,-0.160930184295733,-0.165474954273196,0.168260937447662,135.971194142168
309,51.509231580425,-0.160928434215891,-0.12360198327986,0.220332985478976,120.676193508943
309.5,51.509232072847,-0.160926412598163,-0.081786918124779,0.242972229604654,105.256107719068
310,51.509232783834,-0.16092451918077,-0.0097192063381657,0.228941066322271,89.8138230519305
310.5,51.5092338513717,-0.160922392922634,0.0656156092192202,0.245653061073521,75.2320365528829
311,51.5092349536034,-0.16092074677761,0.10159258368348,0.243452018772585,61.3139568653867
311.5,51.509236281533,-0.160919078409582,0.144932813390439,0.196217124202753,46.1736511573427
312,51.5092378711034,-0.160917848863571,0.212042931068204,0.145112102183372,30.9602325734113
312.5,51.5092396019083,-0.16091707945469,0.213389328933258,0.103900625602451,16.4072571232865
313,51.5092413540073,-0.160916796454541,0.219355566987663,0.0339898777922123,1.91616329320672
313.5,51.5092444328523,-0.16091696411568,0.445117954348858,0.0191787471523784,1.14363662550247
314,51.5092487602927,-0.160917036738468,0.703518693130357,0.0299981717133397,0.213289884394072
314.5,51.5092547381988,-0.160917077713199,0.932814436677331,0.0221547214888391,0.114718130010289
315,51.5092614497996,-0.160917153679873,1.19229181968948,0.0193363820189314,-0.0336025624243632
315.5,51.5092684125081,-0.160917232199567,1.22843800706824,0.00588734811384573,0.125975867608872
316,51.5092757142404,-0.160917182621621,1.23841206995344,0.02970644293168,0.535647576138985
316.5,51.5092826084877,-0.160917114089128,1.24686434602143,0.000815340488448999,0.888255993507101
317,51.5092892699326,-0.160917115237332,1.26702298282037,0.00951961478877151,1.1199085235678
317.5,51.5092959537049,-0.160916992704735,1.26265175020017,0.0263039490415988,1.55437037305586
318,51.5093025408619,-0.160916802950488,1.25419453023919,0.0169408385821295,1.91978539774937
318.5,51.5093089505191,-0.16091682159145,1.25331142895406,0.00715716963086263,1.19411680393691
319,51.5093151820324,-0.160916934159757,1.25078847916745,-0.00173621050694768,0.504065114253763
319.5,51.5093213332589,-0.160917017939581,1.24772524470155,-0.00416141192667335,0.763441759990599
320,51.5093273258846,-0.160917121645109,1.25537514944893,-0.00023310233201577,0.586165669907189
320.5,51.5093333760076,-0.160917271431831,1.25850061209246,0.00042467629493656,0.0670196399355518
321,51.5093392571717,-0.160917427189677,1.25747224411316,-0.0132524540481606,0.0395943257480553
321.5,51.5093452321309,-0.160917553213646,1.23451656075778,-0.00664923708750968,0.393666151531875
322,51.5093510121719,-0.160917551521068,1.22860511621807,0.00230102990337641,1.03843881025739
322.5,51.5093567630563,-0.160917654811741,1.23869446355398,-0.0169292774093743,0.89149232374956
323,51.5093625877054,-0.16091793820502,1.2515909302481,-0.0262650786407114,0.184627453481824
323.5,51.5093683452138,-0.16091822149843,1.25206427610747,-0.0246978838975703,-0.0750035609705151
324,51.5093739484011,-0.160918386528546,1.23623207581241,-0.00509852599435228,-0.0729372241714259
324.5,51.5093796592553,-0.160918551485213,1.24745495368686,-0.0193418595483577,-0.142974265161058
325,51.5093854150703,-0.160918850317438,1.27472933479895,-0.0416881561083155,-0.136406499593875
325.5,51.5093910858828,-0.160919081317582,1.25926228474932,-0.0326889164969658,0.824860140019325
326,51.5093968524064,-0.160919081053197,1.25609383229697,0.0176806358645336,1.42961120428231
326.5,51.5094026316594,-0.160919091224415,1.25904932376183,-0.0130658313736547,1.09276570350761
327,51.5094081857777,-0.160919196325469,1.27243577690711,-0.0128857224695472,1.14109583517842
327.5,51.5094138270823,-0.160919356521666,1.26406273835587,-0.0135156542792104,0.646852616294439
328,51.5094195697235,-0.160919509508299,1.23524340356556,-0.0118957687932762,0.297488267124606
328.5,51.5094251181155,-0.16091967630876,1.23758544731075,-0.0114820377785131,-0.228349319931908
329,51.5094310258542,-0.160919880315767,1.22874061633429,-0.017949743619669,-0.493133809099731
329.5,51.5094365830795,-0.160920001550995,1.24872340508564,-0.0199549712151883,0.339646274983636
330,51.5094423867023,-0.160919967153174,1.26123860913117,0.00682083236112192,1.13882224960827
330.5,51.5094481139394,-0.160919803229926,1.24544568410702,0.0194637403204676,1.30322459955204
331,51.5094534772169,-0.160919600656836,1.23569150641618,0.0260323936052892,1.30500139641634
331.5,51.5094590341518,-0.16091944584,1.26337532895539,0.031057215072233,0.805211493633976
332,51.5094646612692,-0.16091936341357,1.23742618580341,0.00501111243385292,0.431571393469142
332.5,51.5094703349728,-0.160919355861125,1.24225362792641,0.0119952217624211,0.163473818192415
333,51.5094759753812,-0.160919431645509,1.26874094350604,-0.0168719851587422,0.204784154824551
333.5,51.5094816919413,-0.160919519895498,1.24308066601886,-0.000545226888374511,0.0896230865145071
334,51.5094870530942,-0.16091952914645,1.2409433365285,0.00175283115008142,-0.304014069553261
334.5,51.5094928244296,-0.160919551120222,1.25336441764616,-0.0146675855726745,-0.102774868378276
335,51.5094984273805,-0.160919585176801,1.24118317821071,-0.000140067001185598,0.0638256177724088
335.5,51.5095040560225,-0.160919537796641,1.24804978723058,0.00925177664588041,-0.0118279758605695
336,51.5095095743229,-0.160919482966239,1.23886659492848,0.00151187725306568,-0.444608798070306
336.5,51.5095151140528,-0.160919270150963,1.24211337359326,0.0217776644023673,0.0543878411106107
337,51.5095208852964,-0.16091905583607,1.25983866355807,0.00141002589919183,0.624714201244274
337.5,51.5095264950847,-0.160919092523558,1.25500791368755,-0.0154763382155178,0.214494950071469
338,51.5095320641792,-0.160919060494802,1.24569443334189,0.0108871732189599,0.137679882960924
338.5,51.5095378122406,-0.160919023158244,1.25200147036066,-0.00849055702314114,0.0508919793995801
339,51.509543209484,-0.160918985325844,1.22825195596199,0.00905236311189726,-0.044431347506702
339.5,51.5095488124063,-0.160918948828526,1.24501687755409,-0.00527901625191224,-0.0200655622221007
340,51.509554459545,-0.160918989412895,1.24209985820604,-0.0148874912539877,0.119768454416715
340.5,51.5095599320013,-0.160919005593563,1.2530992129515,0.00161942167398066,0.435019673904321
341,51.5095654806958,-0.160918848796449,1.24655309475576,0.0222834847633444,0.778173863336974
341.5,51.5095709125901,-0.160918782625024,1.2646975658984,0.00478093549213379,0.17743756498885
342,51.509576703897,-0.160918870212019,1.27342388179694,-0.00788294006042498,-0.252395324050894
342.5,51.509582351628,-0.160918991268535,1.25071025248189,-0.00979543593739698,-0.418167624650835
343,51.5095878560981,-0.160919079461717,1.24683094187901,-0.00191455808275279,-0.705612980216642
343.5,51.509593515845,-0.160919046675549,1.23239834201395,0.00739727334369997,-0.562007742932451
344,51.5095988290129,-0.160919215782943,1.23005168997151,-0.0424916093893478,-0.918997801262037
344.5,51.5096033685896,-0.160919400451409,1.02481525774248,-0.0265202806509827,-0.340696270614501
345,51.5096064616657,-0.160919434362839,0.794647659343126,-0.00114835320121132,-0.262204701102121
345.5,51.5096079686921,-0.160919385540357,0.551703495552516,-0.000999758933017932,-0.464291132476262
346,51.5096083534718,-0.160919336664031,0.299799560152413,-0.00263876786666743,-0.822939779142132
346.5,51.5096081914887,-0.160919101353309,0.223623915529334,0.0535720618824706,14.3051352115353
347,51.5096081223806,-0.160917830861389,0.190711781199724,0.11329940231291,29.294548294809
347.5,51.5096077254344,-0.16091641904304,0.166664543472295,0.135475464378007,44.0322880821037
348,51.5096072275955,-0.160914671905158,0.122568081008021,0.195144155658681,59.0821204834476
348.5,51.5096065680115,-0.160912509621568,0.0747137057923237,0.192428544959273,74.664205503796
349,51.509605573842,-0.160910330577247,0.00570030231014067,0.241390674020716,90.2558387044908
349.5,51.5096043310003,-0.160908337912258,-0.0379898425656008,0.227235458835224,105.130226647456
350,51.5096028604688,-0.160906638869352,-0.095789737584591,0.196475523630906,120.143503807135
350.5,51.5096012417815,-0.160905433768752,-0.14967736201252,0.165169366062551,135.414789964966
351,51.5095992352692,-0.160904525915842,-0.203971457555607,0.123300675776734,150.6468464804
351.5,51.5095971918785,-0.160904267049237,-0.235075486576778,0.0650985270046794,165.331555155544
352,51.5095948743471,-0.160904695313783,-0.243287409400365,0.00437679915350977,180.426909965137
352.5,51.5095920440344,-0.160905361015176,-0.460114149028607,-0.0170283926062675,180.55040831704
353,51.5095875993495,-0.160905945511157,-0.706226935826793,-0.0363678913723324,180.402959562552
353.5,51.509582145264,-0.160906465818749,-0.973621354852019,-0.0337938917888385,180.222992646152
354,51.5095751115295,-0.160906985092746,-1.18787106883968,-0.0502179129709455,180.328566567193
354.5,51.5095679951614,-0.160907282919783,-1.23907557585829,0.000549079928823483,180.036052385373
355,51.5095609024862,-0.160907390014588,-1.24160674875106,-0.00957540476652172,179.661240741779
355.5,51.509553961045,-0.160907517828627,-1.25650199612944,-0.00104006063873572,179.806540475542
356,51.5095475127291,-0.160907608553562,-1.24596671521336,-0.00320016177223603,179.93927466309
356.5,51.5095409163295,-0.160907690044099,-1.23284746461436,-0.0141991862941331,179.614799647592
357,51.5095346071518,-0.16090778364312,-1.27540985434986,-0.00898659719383573,179.399872881006
357.5,51.5095281329252,-0.160907751767384,-1.26442876606274,0.0168219116277223,179.363275252873
358,51.5095218627107,-0.16090752420269,-1.27019504690843,0.0331977669690589,179.217260493112
358.5,51.5095158405989,-0.160907231257216,-1.26339460334226,0.037841185619267,179.103387448955
359,51.5095095142242,-0.160907005947858,-1.27074696275134,0.0187150076888287,179.207558529186
359.5,51.5095033515431,-0.160906863110628,-1.26733294703853,0.0199847166545009,179.709429909571
360,51.5094973577001,-0.160906804704526,-1.26763026428673,0.00230196483181266,179.964062863233
360.5,51.5094914261203,-0.160906790110477,-1.26262524091489,-0.000900828601452448,179.920746900492
361,51.5094854816421,-0.160906844730808,-1.25777418750332,-0.0134558836204572,179.759071811567
361.5,51.5094797889595,-0.16090698024415,-1.25213003781223,-0.0116151200049799,180.122995256686
362,51.5094738131497,-0.160907033067681,-1.26315552038097,-0.00163929857312256,180.140608155064
362.5,51.5094680577711,-0.160906981112493,-1.24468548374259,-0.00160325420761368,179.556600645455
363,51.5094625420323,-0.160906898478858,-1.26666820398017,0.00699416324552736,179.23269705979
363.5,51.5094565824614,-0.160906849145405,-1.23801294933933,0.00680139890626753,179.719647808961
364,51.5094510468664,-0.160906871273751,-1.23796025548263,-0.00189233349615634,180.308226241587
364.5,51.5094453474958,-0.160906837276535,-1.24879329943659,0.00664093829530567,180.110327398584
365,51.5094395252797,-0.160906689395918,-1.26135039485721,0.0149938592041351,179.756334778292
365.5,51.5094339173176,-0.160906625729156,-1.25590620981243,0.00335897974119258,180.028625117001
366,51.5094281375804,-0.160906604350831,-1.28949350546958,0.000551870870186827,179.964051838448
366.5,51.5094224833863,-0.160906497788799,-1.25490474031122,0.0156571103742318,179.470924685839
367,51.5094170496913,-0.160906398976043,-1.2415178915242,0.00970522519908609,179.11778237541
367.5,51.5094113060187,-0.160906187523741,-1.25313025157084,0.0404594744619335,178.963579715416
368,51.509405811479,-0.160905970749118,-1.2533760518428,0.0161656391122518,178.767794524463
368.5,51.5094001288724,-0.160905896823345,-1.24698486134885,0.00584887984225651,178.97395542456
369,51.5093945313952,-0.160906026011176,-1.24859465542662,-0.0206531927813381,179.506666548535
369.5,51.5093888820331,-0.16090610011297,-1.25679013053951,0.0157579519602577,179.777996137127
370,51.5093830996935,-0.160906017025378,-1.23830589573741,0.0108207870938721,179.79156611257
370.5,51.5093775853624,-0.16090604461454,-1.22474572195104,0.0062392708117544,180.357368289539
371,51.5093721268603,-0.16090607266877,-1.23773455942253,0.0028258352312125,180.669466861494
371.5,51.5093666421074,-0.160906167031162,-1.23335399289406,-0.0172451211161614,180.798729899711
372,51.5093608526686,-0.160906241148109,-1.24567345598864,0.00167542439586438,180.750278580091
372.5,51.5093554438821,-0.160906268568838,-1.22675728383088,-0.0119682051928411,180.436698534345
373,51.5093497700045,-0.160906220566871,-1.24486526690699,0.0089045831519334,180.08764043611
373.5,51.5093443155196,-0.160905988282581,-1.24173403667558,0.0299529595965227,179.567000198104
374,51.5093387020728,-0.160905651131697,-1.24322270465759,0.0257960196856004,179.058711932692
374.5,51.5093330946252,-0.16090541525563,-1.25081622366706,0.0275752339851447,179.166399491061
375,51.5093276173752,-0.160905198566809,-1.26122766399051,0.0261233592207597,179.229889787602
375.5,51.5093219846563,-0.160905054224674,-1.2460226186793,0.0166746805212553,179.360152495674
376,51.5093162399532,-0.160904881290755,-1.27091534512785,0.0250595078567459,179.424531489379
376.5,51.5093107775653,-0.160904697160784,-1.27082149422003,0.0299878729083315,179.834567638842
377,51.5093049648368,-0.160904668841692,-1.23886025607195,-0.00214656218202996,180.321203918796
377.5,51.5092993223866,-0.160904589438936,-1.24653751245771,0.01044047923863,179.674576441703
378,51.5092937731341,-0.160904529530098,-1.23658602326269,0.00942948608826729,179.539566848485
378.5,51.5092880492507,-0.160904483886909,-1.26882969790194,0.0198787442167199,179.802797296653
379,51.5092825774147,-0.160904497402429,-1.24778385644601,0.0144824515035458,180.456498817242
379.5,51.5092767748075,-0.160904631551943,-1.26209212249313,-0.02774118431962,180.423152143999
380,51.5092710889684,-0.160904929724376,-1.25108840813655,-0.0261017997081958,180.833258474633
380.5,51.5092653773515,-0.160905292351106,-1.26888494840435,-0.030161812879633,181.827098475188
381,51.5092598480847,-0.160905631404721,-1.24803444715936,-0.0353180065985641,182.309978961557
381.5,51.5092545094785,-0.160905813481449,-1.23907616819774,-0.00965850737969247,182.172402913104
382,51.5092487252314,-0.160905977174424,-1.25250033284972,-0.0327936077969453,181.893827176987
382.5,51.5092432234,-0.16090615584779,-1.25636773997474,-0.00986395917054198,181.970879003837
383,51.5092378935101,-0.160906332768132,-1.25212754800445,-0.0368189914756042,181.952321625016
383.5,51.5092332719856,-0.16090632516731,-1.03480059847907,0.0124984412897659,181.13440789576
384,51.5092306001545,-0.160906134400994,-0.793986995185094,0.022749159602282,180.433049887661
384.5,51.5092291025882,-0.160905993728746,-0.554078654149734,0.0122610208730738,180.360671566278
385,51.5092289301187,-0.160905973055922,-0.299347698932805,0.00374236732918999,180.171617519715
385.5,51.5092291827673,-0.160905830450575,-0.264948780300031,0.0513099464114319,164.025421303512
386,51.5092294537119,-0.160905085034769,-0.222544284943933,0.124073770116621,148.286906635219
386.5,51.509229702949,-0.160903835231071,-0.184186434500333,0.151048033649764,133.909769567233
387,51.5092300189207,-0.160902035754555,-0.115221721156581,0.212994252507905,119.720176865401
387.5,51.5092305795684,-0.160900095483044,-0.0674966898079193,0.246443852748492,104.869595180169
388,51.5092313050531,-0.160898003243107,-0.0140864608812508,0.276129081976216,89.6998354089177
388.5,51.5092322489581,-0.16089587154737,0.0457294098167966,0.253167117542966,75.0653915881748
389,51.5092334197109,-0.160893926568651,0.0955539152844513,0.239294291907846,60.5348465337899
389.5,51.5092347408352,-0.160892515192866,0.167015341568836,0.170291739653744,44.9271299870244
390,51.5092363567126,-0.160891409265825,0.188894035444854,0.142298232814586,29.6714538898532
390.5,51.5092380909011,-0.160890759986701,0.236203687852628,0.0907860107382863,14.8829093340821
391,51.5092399470121,-0.160890739151806,0.255875012620176,0.00131922268225564,-0.301490002010496
391.5,51.5092433423006,-0.16089113512302,0.453285547720944,0.017634398671699,0.0219975141355349
392,51.5092476022181,-0.160891247545203,0.71470856543185,0.0366510925308858,-0.0536535754910688
392.5,51.5092531961674,-0.16089135871133,0.960777294697379,0.0192492672342706,-0.302112032271793
393,51.5092603793577,-0.160891579305735,1.20739457221086,-0.00185922261305289,-0.352921588829986
393.5,51.509267838566,-0.160891852894268,1.24563534064168,-0.000418328222767664,-0.606294578146958
394,51.5092746361355,-0.160892143304352,1.25984361879192,-0.0290424075755459,-0.527293287412022
394.5,51.5092817554186,-0.160892612298016,1.25120752346093,-0.0542604297473387,-0.598645243638316
395,51.5092886471477,-0.160892985870228,1.23104171785402,-0.0176440945785445,-0.826403280426518
395.5,51.5092951041192,-0.160893114743673,1.24448271696292,0.00543393409116571,-0.918098401069869
396,51.509301433697,-0.160893286879797,1.24417613186512,-0.0239759987608988,-1.10786645466715
396.5,51.5093077816901,-0.160893483003708,1.23402927462612,-0.0134102689135549,-1.14458067162366
397,51.5093139172752,-0.160893729211127,1.24602404306845,-0.0330858554116238,-1.43625799745359
397.5,51.5093199094516,-0.160893916732608,1.23245744030284,-0.0279798421154777,-0.982026863712861
398,51.5093258801721,-0.160894063102662,1.24916542004038,-0.0215630652137075,-0.656622985627109
398.5,51.5093319448842,-0.160894110183583,1.25749566707551,-0.0113920269133265,-0.130215993947218
399,51.5093380204815,-0.160894221191941,1.27525385605687,-0.0315521744109978,-0.0664887594987249
399.5,51.5093440960828,-0.160894263852897,1.24848260331636,-0.00849231907387352,0.495965668300528
400,51.5093498421126,-0.160894131166988,1.23846527381563,0.0235376691667226,0.74689326582768
400.5,51.5093556332309,-0.160894047068822,1.25788200225679,-0.0042424126292835,0.348575559492815
401,51.509361343603,-0.160893989463937,1.22626155736105,0.0166722815472193,0.125791002695962
401.5,51.5093668343085,-0.16089395789131,1.25550776062266,0.00309539235388464,-0.273184776889309
402,51.5093728075817,-0.160894071374133,1.25039389544364,-0.0187330353220375,-0.758915249848883
402.5,51.5093783663761,-0.160894372677145,1.24221578536241,-0.034364843781757,-1.4162885149625
403,51.5093844266725,-0.160894794142706,1.25441665336863,-0.0443862101189421,-1.90301449829462
403.5,51.5093900743216,-0.160895188940549,1.25376543937183,-0.0547706146502863,-1.62323285557051
404,51.5093958055045,-0.160895570080118,1.24758822980117,-0.0532626784171387,-1.52831713518327
404.5,51.509401443633,-0.160895878600844,1.25286690303259,-0.0365238217686013,-1.40846428372282
405,51.5094069137925,-0.160895926718229,1.21574911505691,-0.00548024062556183,-0.85214107747862
405.5,51.5094124936148,-0.160895945138828,1.23766366076067,-0.0171939409318956,-0.553352394231922
406,51.5094181472624,-0.160895865751219,1.2403246873433,0.00699504834003672,0.117305204986508
406.5,51.5094237929157,-0.160895748181246,1.23946013733958,0.00143069711642869,0.179558124853429
407,51.5094291234166,-0.160895667795456,1.23551749324176,-0.00158624872479708,0.319729845763788
407.5,51.5094348863048,-0.16089562938558,1.24686412479794,-0.00669163700411865,0.394849882099891
408,51.5094403906858,-0.160895575222724,1.26839561977302,0.00183708647196725,0.357725655631839
408.5,51.5094460632677,-0.160895431762984,1.24506192316388,0.0169450334454285,0.326409538779387
409,51.5094515578315,-0.160895249500001,1.22632487985009,0.0120481556237438,0.595670595016031
409.5,51.5094569871724,-0.160895117119972,1.25963895584666,0.0226034516309713,0.335181361883315
410,51.5094627597188,-0.160894975224717,1.25603640103345,0.00842643531478679,0.548121099619095
410.5,51.5094684192433,-0.160894821372727,1.23773152787904,0.0216244348952894,0.584348785593249
411,51.5094739158122,-0.160894549302873,1.24810854135072,0.0239725491729552,1.39622875929376
411.5,51.5094795495898,-0.160894347010167,1.23232550085997,0.0258232290074318,1.01579835529452
412,51.5094851520789,-0.160894212900682,1.23579320775237,0.0104612178010367,0.782822927093036
412.5,51.5094908415242,-0.16089407902878,1.24539356855226,0.0236377666817688,0.705176044070356
413,51.5094963384728,-0.160893899104666,1.22891834394595,0.0303494151762661,0.281708959355399
413.5,51.5095021372685,-0.160893785262852,1.25107542551532,0.00841801798291808,-0.00334899880459716
414,51.5095074843984,-0.160893786521506,1.23399127476298,0.00805280480405531,-0.455550407173973
414.5,51.5095130404051,-0.160893823392916,1.23825043658582,-0.0119962174495018,-0.507290350116193
415,51.509518571131,-0.160893894246932,1.23048261453597,-0.0160705102931736,-0.077725155722419
415.5,51.509524171741,-0.16089406750953,1.23673068472039,-0.0110564261514538,-0.311561029167308
416,51.5095297340808,-0.160894288904622,1.26371435619784,-0.0277911416543194,-0.490127628635605
416.5,51.5095352966866,-0.160894390576915,1.22105890347004,0.00904112074566283,-0.483543931283464
417,51.5095407659321,-0.160894491175091,1.23421309137355,-0.0235456068796989,-0.676194324417168
417.5,51.5095464883178,-0.160894812293631,1.23293402543326,-0.0434074676439577,-1.10294551129863
418,51.5095518837422,-0.160895104777093,1.24872163478731,-0.0240916617917446,-1.07589384432009
418.5,51.5095575099003,-0.160895284817714,1.24263778315771,-0.0191353247519194,-0.830901884102104
419,51.5095630925836,-0.160895326761498,1.24031883694153,-0.000114758394312004,-0.487050817706233
419.5,51.5095686898544,-0.160895294647279,1.23633650062739,0.00702111159508803,-0.43322520235472
420,51.5095742969128,-0.160895248694299,1.23822740157477,-0.0130361505779317,0.072606262550778
420.5,51.5095799670256,-0.160895204332681,1.22984376206536,0.0102415770552265,0.138202804043999
421,51.5095854218099,-0.160895036805695,1.25426624274697,0.0189693095329595,0.283488567422808
421.5,51.5095908527929,-0.160894866042114,1.23659699391969,0.0211884686161935,0.0665491370147606
422,51.50959640753,-0.160894812872231,1.24853795138724,0.000337066123840792,-0.41899120202504
422.5,51.5096007991372,-0.160894790685676,1.02144402899836,-0.00240604688401513,-0.312478235975561
423,51.5096039555003,-0.160894823927077,0.792599465392131,-0.0181487223267624,-0.233611834978888
423.5,51.5096054787117,-0.160894927539215,0.543648316404859,-0.017381029149647,-0.613861698400342
424,51.5096057758275,-0.160894940001801,0.343715040722073,-0.00213941017079446,-1.12338481484255
424.5,51.5096049636644,-0.160894920630446,0.172435671198855,-0.0106745652676459,-1.01672311251775
