0,51.5092544164213,-0.161045482963608,-0.00499818724246931,0.000134626480370833,-1.542892291
0.5,51.5092549880727,-0.161045498894177,0.0636011910185285,-0.00110600961779445,-2.05241827612206
1,51.5092567326424,-0.161045589495192,0.194098537279754,-0.00629014513821167,-1.97709704628047
1.5,51.5092593161138,-0.16104573069609,0.287433634281535,-0.00980313642202538,-2.08484295207949
2,51.5092627900309,-0.161045956056111,0.386503454256786,-0.0156460400045008,-2.32989936116624
2.5,51.5092674069053,-0.161046178784957,0.513667396637761,-0.0154633646224841,-1.6890432515935
3,51.509272621016,-0.161046303764824,0.580115117319986,-0.00867695901911796,-0.864925745546477
3.5,51.5092785869822,-0.161046367883298,0.663765565112534,-0.00445154342898601,-0.31448233255614
4,51.5092842209007,-0.161046595948108,0.626822388462119,-0.0158338183927522,-1.29043404104182
4.5,51.5092896942964,-0.161046752814988,0.608962821749464,-0.0108907699075799,-0.978151155830953
5,51.5092956208451,-0.161046857522247,0.659380036863395,-0.00726949207498366,-0.598888534478821
5.5,51.5093017638506,-0.16104692920529,0.683462738923182,-0.00497672509009422,-0.326412225630842
6,51.5093078079005,-0.161047086848285,0.672453066455994,-0.0109446489433261,-0.788364422207195
6.5,51.5093134570531,-0.161047116026452,0.62851731157698,-0.00202574654016672,-0.107089898659967
7,51.5093193809041,-0.161047126122223,0.659079898585496,-0.000700916922286541,-0.0089468740200962
7.5,51.5093252584657,-0.161047072601606,0.653929792360966,0.00371576382550429,0.384769590571299
8,51.5093312322198,-0.161047025678317,0.66463205885901,0.00325773219947297,0.301396370992109
8.5,51.5093369326297,-0.161047022326324,0.634220122855918,0.000232718041995687,0.0624224162502411
9,51.5093429003332,-0.161047042568817,0.663958870152937,-0.00140537049745914,-0.0618185387869516
9.5,51.509348650225,-0.161046840001171,0.639725436750879,0.0140636111257875,1.26582443655073
10,51.5093543034467,-0.161046564811964,0.628970038252576,0.0191054869292305,1.7786147550876
10.5,51.5093598123824,-0.161046315767258,0.612916966037579,0.0172903575523956,1.7082980622638
11,51.5093656323589,-0.161046084748109,0.647522959209295,0.0160389002689616,1.54495671078589
11.5,51.5093712735039,-0.161045911723768,0.627626398351268,0.0120125098487062,1.21509289336074
12,51.5093770976112,-0.161045766366388,0.647982555087503,0.0100916826407118,0.999451029303762
12.5,51.509382795583,-0.161045595208191,0.633948881346509,0.0118829465862796,1.12374834691592
13,51.5093885710518,-0.161045504892787,0.642571088874016,0.00627029849859638,0.690151027792364
13.5,51.5093941691594,-0.161045476777385,0.622838126387613,0.00195195875166339,0.291332047297528
14,51.5093998602274,-0.161045482842857,0.633180762788747,-0.000421105476560574,0.0586498627500625
14.5,51.5094052393933,-0.161045463370742,0.598478955695431,0.00135188376215215,0.202182205592186
15,51.5094108456052,-0.161045475849785,0.623739800971215,-0.000866378065077147,-0.0144794694176333
15.5,51.5094166129607,-0.161045650538288,0.641668426007545,-0.0121280350866366,-0.906731376374099
16,51.5094223851663,-0.161045889306524,0.642208035500663,-0.0165768733011345,-1.33767000094527
16.5,51.509428264667,-0.161046065695176,0.654145552591439,-0.0122460676506111,-1.03117951003683
17,51.5094343347273,-0.16104616198342,0.675346965549568,-0.00668496630902135,-0.589290626278109
17.5,51.5094401705772,-0.161046253549235,0.649289019053686,-0.00635710321626927,-0.523455649612293
18,51.509446180893,-0.161046359785379,0.668699866365902,-0.00737561336262779,-0.559065868533734
18.5,51.5094517967632,-0.161046398020764,0.624814369236665,-0.00265455211870292,-0.23413765696861
19,51.509457868331,-0.161046359120396,0.675514695859214,0.00270071925294543,0.198746100984103
19.5,51.5094636012833,-0.161046347075954,0.637840768513953,0.000836204239580412,0.191530974267565
20,51.5094691084546,-0.161046358922064,0.612720673595657,-0.000822434638341937,0.0376908384969461
20.5,51.5094747152105,-0.161046355670492,0.623800324353888,0.00022574539613639,0.0827330670562674
21,51.5094804447751,-0.161046424522757,0.637463870722307,-0.00478017444595148,-0.293741860522527
21.5,51.5094860033479,-0.161046441008777,0.618439536034095,-0.00114456713798799,-0.026549209978306
22,51.5094913844902,-0.161046460263263,0.598698860480418,-0.00133677202585213,-0.0657243556057061
22.5,51.5094969798085,-0.161046553593966,0.622527791999813,-0.00647962530456431,-0.470031247928365
23,51.5095024591089,-0.161046561356097,0.609619794453584,-0.00053889759737849,-0.0318986461773676
23.5,51.50950815251,-0.161046570178176,0.6334403669116,-0.000612486039071051,0.0274985973337536
24,51.5095138530996,-0.161046569017358,0.634240152045942,8.05915049971045e-05,0.0476162230312482
24.5,51.5095196746028,-0.161046617552704,0.647692829931506,-0.00336963819520149,-0.170918472556902
25,51.5095255816301,-0.161046714287694,0.657208134305346,-0.00671596894620711,-0.429087648443094
25.5,51.5095313601852,-0.161046825934829,0.642914489440656,-0.0077512655425133,-0.579404216211604
26,51.5095370490845,-0.161046953124221,0.632939496540501,-0.0088303082651466,-0.692942292034324
26.5,51.5095427827491,-0.161047132131169,0.637920037283496,-0.0124278159072155,-1.01047812559171
27,51.5095485618462,-0.161047329665676,0.642974792161621,-0.0137141167039761,-1.11929856156833
27.5,51.5095544270614,-0.161047528145229,0.652556173089739,-0.0137797261052953,-1.08099742941613
28,51.5095602054946,-0.161047734861606,0.642900931527548,-0.0143515775813589,-1.17293886039352
28.5,51.5095659890901,-0.161047917773616,0.643475277408416,-0.012698923986384,-1.05424210678496
29,51.509571820422,-0.161048107699793,0.64878637031754,-0.0131858907621618,-1.1047168266422
29.5,51.5095776672,-0.161048205170307,0.650504890730595,-0.00676702606959266,-0.625736000708681
30,51.5095835993993,-0.161048260698879,0.660008741157142,-0.00385514787846357,-0.335792557675678
30.5,51.5095893738903,-0.161048386604997,0.642462332820539,-0.00874120516813577,-0.644051684032203
31,51.509595029602,-0.1610484449693,0.62924709754858,-0.00405202133972917,-0.330206786063453
31.5,51.5096007285262,-0.161048482586096,0.634054862090653,-0.00261159707182553,-0.186090070502001
32,51.5096063020487,-0.161048416126659,0.620102837784221,0.00461403597259122,0.420218190296445
32.5,51.5096107669291,-0.161048444474116,0.496756761845292,-0.00196806020743932,-0.1335698295314
33,51.509614415677,-0.161048549177005,0.40595493584909,-0.00726913750120031,-1.01180289154284
33.5,51.5096168028049,-0.16104858453374,0.265588733781616,-0.00245468827513593,-0.485854090606502
34,51.5096179218228,-0.161048584202192,0.124500472425715,2.30181714205285e-05,-0.147602691600724
34.5,51.5096196615055,-0.161048333159015,0.193554823000484,0.0174290042530082,15.0525062231979
35,51.50962119205,-0.161047497213962,0.170286386453748,0.0580365875528074,30.1478999978009
35.5,51.5096226730279,-0.161045756567439,0.16477166316973,0.120846676066333,45.3662464659648
36,51.5096237662015,-0.161043645506775,0.121625064187329,0.146563160520228,60.7903781044993
36.5,51.5096244959963,-0.161040811968045,0.0811960266548965,0.196722144944227,75.7799483233166
37,51.5096247924853,-0.161038290076571,0.0329869773113184,0.175085622347646,90.4185173983972
37.5,51.5096246333789,-0.161035545295838,-0.0177019678338732,0.190560000251387,104.835798979904
38,51.5096241610783,-0.161033177865091,-0.0525475529964361,0.164361983360164,119.218410602802
38.5,51.5096233259685,-0.161031051729781,-0.0929132250147959,0.147609732881507,133.942901027928
39,51.5096220705743,-0.161029258008589,-0.139673521934308,0.124531448951777,148.323782484377
39.5,51.5096207592818,-0.161028080372618,-0.145892688148727,0.0817589257802368,163.965419871836
40,51.5096189404673,-0.161027578489129,-0.202358936332615,0.0348439221577128,179.457112348791
40.5,51.5096165220006,-0.161027555519471,-0.269075440604621,0.00159469885223013,179.596768903407
41,51.5096131657843,-0.16102751282389,-0.373408248016391,0.00296419717491662,179.530031268298
41.5,51.5096087210098,-0.161027519277959,-0.494519810137304,-0.000448082319724761,180.065123649367
42,51.5096032905065,-0.161027567914632,-0.604190703525715,-0.0033766659743139,180.359087946653
42.5,51.5095972895502,-0.161027537665417,-0.667658565460095,0.00210009238316769,179.955324899911
43,51.5095914648632,-0.161027476182887,-0.648047076682701,0.00426850784884329,179.729812403696
43.5,51.5095855408333,-0.161027465263366,-0.659099823627267,0.000758102569095756,179.984952134293
44,51.5095795693616,-0.161027488594315,-0.664378152424093,-0.00161978304434596,180.175112201481
44.5,51.5095738246583,-0.161027545044145,-0.639148183298479,-0.00391910732872911,180.396499645136
45,51.509568304348,-0.161027612087479,-0.614182513441333,-0.00465457655292796,180.474319863354
45.5,51.5095623832313,-0.161027694352061,-0.658775704674475,-0.00571133352627015,180.564556561871
46,51.5095566402644,-0.161027803926533,-0.638954996887645,-0.00760736171808419,180.73592688808
46.5,51.5095510311624,-0.161027927359258,-0.624061361758626,-0.00856949152339223,180.832167493346
47,51.5095455592875,-0.161028035913247,-0.6087936575071,-0.00753651511825533,180.76656336387
47.5,51.5095400976726,-0.161028083829182,-0.607652135953898,-0.00332663236858133,180.429500586087
48,51.5095341707293,-0.161028183249577,-0.659423969551477,-0.00690240407194627,180.630207447677
48.5,51.5095282954717,-0.161028296199929,-0.653673474558977,-0.00784174177044198,180.758830179194
49,51.5095225596101,-0.161028394435428,-0.63816447100534,-0.00682014270192519,180.709263010726
49.5,51.5095167528679,-0.161028332855411,-0.646050547141487,0.00427528296556734,179.839232416202
50,51.5095109798785,-0.161028248270116,-0.642295252317199,0.00587245885769585,179.622587059833
50.5,51.5095052450058,-0.161028137214659,-0.638054435430351,0.00771018985860825,179.41003876424
51,51.5094994997687,-0.161028044239582,-0.639207571427078,0.00645493348514579,179.462299345374
51.5,51.5094940672713,-0.161028000809641,-0.604412552312947,0.00301518890156436,179.74235279208
52,51.509488413781,-0.161027991753081,-0.628999948552591,0.000628765328459205,179.995102500959
52.5,51.5094826162039,-0.161028041273714,-0.645030838058265,-0.00343804509902706,180.303210125767
53,51.5094771780429,-0.161028161235639,-0.605042682833819,-0.00832853983703679,180.783785885945
53.5,51.5094713037211,-0.16102830020696,-0.653569362537769,-0.00964829730959342,180.921763840693
54,51.5094657028675,-0.161028421801191,-0.62314364317885,-0.00844186721288896,180.869238515461
54.5,51.5094599601278,-0.161028576752625,-0.638929712167809,-0.010757743869456,181.017326666288
55,51.5094539975908,-0.161028701729616,-0.663384063875502,-0.00867672278424376,180.838611336892
55.5,51.5094484598397,-0.161028687853752,-0.616122942525067,0.00096335364917426,180.108863394305
56,51.5094425588864,-0.16102856949187,-0.656532338480727,0.00821746055837778,179.476884201109
56.5,51.509436728846,-0.161028468548436,-0.648642666453265,0.00700815820298422,179.453850308503
57,51.5094306902858,-0.161028270350415,-0.671842308673298,0.013760214046141,179.003700183125
57.5,51.5094247432622,-0.161028010906219,-0.661658056597129,0.0180123299207108,178.618398389793
58,51.5094190327928,-0.161027611342378,-0.63533935015342,0.0277403648611619,177.719396789849
58.5,51.509413135129,-0.16102736981237,-0.656166359987516,0.016768612965782,178.459306560947
59,51.5094071585514,-0.161027192604137,-0.664946194882492,0.0123029708346399,178.936598168861
59.5,51.5094013624817,-0.161027069243391,-0.644863131027346,0.00856452232221672,179.243444283057
60,51.5093953798547,-0.161027053671343,-0.665619248749364,0.00108111511640499,179.87158200232
60.5,51.5093893537049,-0.161027125508811,-0.670461528250392,-0.00498743542802302,180.398517138645
61,51.5093836111469,-0.161027179123526,-0.638909485650105,-0.00372229100407935,180.391911841
61.5,51.5093778038691,-0.161027379895124,-0.646110122290821,-0.013938904957111,181.167461691803
62,51.5093719653715,-0.16102762143133,-0.649583600705575,-0.0167690583927747,181.489789016402
62.5,51.5093661491362,-0.161027763987925,-0.647106717303563,-0.00989723329303576,181.032283538889
63,51.5093602247576,-0.161027986832128,-0.659138601091966,-0.0154713384853005,181.383013257356
63.5,51.5093544049222,-0.161028146156002,-0.647507263986501,-0.0110613328634436,181.111396423805
64,51.5093489005217,-0.16102825789545,-0.612412388463196,-0.00775770354977992,180.853471879099
64.5,51.5093431831769,-0.161028259728515,-0.636104291295033,-0.000127263677880755,180.222234147542
65,51.5093373934894,-0.161028054988733,-0.644153034458877,0.0142144153475072,179.052668784156
65.5,51.5093317068309,-0.161027855816332,-0.632690181182328,0.0138278919750416,178.862851481004
66,51.5093259227664,-0.161027667291604,-0.643527432360644,0.0130886603546262,178.907885226676
66.5,51.5093201606048,-0.161027616252731,-0.64109054700879,0.00354346383789861,179.624330603009
67,51.5093146302614,-0.161027634224287,-0.615298756075903,-0.00124770710035593,180.101169271676
67.5,51.5093086991583,-0.161027694464011,-0.659886750138308,-0.00418225021992194,180.368769684431
68,51.5093030483004,-0.161027753555154,-0.628707045864898,-0.00410250848055984,180.440939690878
68.5,51.5092972187634,-0.161027814826983,-0.648586640242038,-0.00425390697426427,180.45307773349
69,51.5092916124671,-0.161027868701335,-0.623749175614715,-0.0037403243460506,180.40764034012
69.5,51.5092857493587,-0.161027857225551,-0.652321750823968,0.000796727181838567,180.080084399316
70,51.509279838515,-0.161027807481554,-0.657632720920657,0.00345356779188452,179.832760075516
70.5,51.509274078626,-0.16102788485951,-0.640837691094066,-0.00537210659118004,180.434163348739
71,51.5092683000114,-0.161027891866367,-0.64292107822721,-0.000486463936839902,180.156888890662
71.5,51.5092635180587,-0.161027852124263,-0.532033783313035,0.00275916918997194,179.81044514822
72,51.5092601748909,-0.161027791795129,-0.371956466283357,0.00418846231450895,179.32576796773
72.5,51.5092575053386,-0.161027713271232,-0.29701088050899,0.00545166802682465,178.806683964794
73,51.509256083217,-0.161027676907535,-0.158223383360327,0.00252461759695521,178.703511790187
73.5,51.5092552073842,-0.161027780094022,-0.097444008411282,-0.00716391494257952,163.806396618349
74,51.5092545942685,-0.16102784259736,-0.0682144519298578,-0.00433941126872329,148.74095304511
74.5,51.5092540428028,-0.161027745150314,-0.0613553483503904,0.00676544372545156,134.1635001447
75,51.5092533082023,-0.161026569477952,-0.0817306915925197,0.0816232573217243,119.120494129143
75.5,51.5092528248172,-0.161025637616643,-0.0537807967795999,0.0646962189621725,103.929173293929
76,51.5092525096015,-0.16102453690278,-0.0350704811082268,0.0764191250609918,88.7876501528642
76.5,51.509252433499,-0.161023176440137,-0.00846706256534652,0.0944526720189244,74.5777678686019
77,51.5092523075538,-0.161022362104292,-0.0140124982979893,0.056536794359504,59.7791475694567
77.5,51.5092525692744,-0.161021214096315,0.0291186852543302,0.0797026085524135,44.9547461309151
78,51.5092531376874,-0.161020125028563,0.063240892588237,0.0756105723408147,30.3523791341041
78.5,51.5092538076748,-0.161019310323789,0.0745419117819568,0.0565624070199543,15.5888017984903
79,51.5092547240013,-0.161018821887567,0.101949292871177,0.0339106003937845,0.990038423233486
79.5,51.5092571669607,-0.161018772807683,0.27180045830718,0.00340746284928583,0.508791191799943
80,51.509260599861,-0.161018770239901,0.381939975632647,0.000178273091821888,0.00952925896925194
80.5,51.5092651348396,-0.161018740420753,0.504555766001679,0.00207024991451865,0.248205515251428
81,51.509270555008,-0.161018739060456,0.603040829215666,9.44411546504275e-05,0.104412028023845
81.5,51.5092764813032,-0.161018691404354,0.659351830008633,0.00330861304267842,0.323655305636677
82,51.5092821815069,-0.161018613643308,0.634197187309622,0.00539870369867516,0.529126136261425
82.5,51.5092880099393,-0.161018546109794,0.648463745767612,0.0046886378659337,0.498199119965349
83,51.5092936116283,-0.161018513099046,0.62323657242565,0.00229183139161203,0.301705876358426
83.5,51.5092992674824,-0.161018446034213,0.629262910515501,0.00465609767510515,0.461634839130426
84,51.5093052373329,-0.161018337866172,0.664197737570643,0.00750976153347368,0.691218691740488
84.5,51.5093111063994,-0.161018270801589,0.652984644958693,0.00465607916267665,0.520409591385061
85,51.5093168828425,-0.161018247213926,0.64267948454569,0.00163761567118673,0.272679262803237
85.5,51.5093225473882,-0.16101813276031,0.630229928746022,0.00794614584465049,0.707729971978338
86,51.5093282871837,-0.161018031883564,0.638602118529104,0.00700354668298778,0.701545022191496
86.5,51.5093340963795,-0.161018044341025,0.646323513714779,-0.000864881137193864,0.127221804437241
87,51.5093398579949,-0.16101818527885,0.641029775227756,-0.00978485554392337,-0.661026582880268
87.5,51.509345602909,-0.161018272317219,0.639171616299068,-0.00604279055048385,-0.498638119161356
88,51.5093515286751,-0.1610183166749,0.65929296449588,-0.00307960894184427,-0.228089821031304
88.5,51.5093572725817,-0.161018330583034,0.639059519387613,-0.000965596227036405,-0.0360056595196738
89,51.5093630531029,-0.161018376164026,0.643133223512737,-0.0031645386200759,-0.180428842348363
89.5,51.5093689409519,-0.16101833701476,0.655074363299054,0.00271800466137856,0.233267016847307
90,51.5093747887475,-0.161018188156891,0.650618071655331,0.0103347105304912,0.871512462993266
90.5,51.5093806074815,-0.161018119966766,0.64738472938103,0.00473421474491173,0.562801256483198
91,51.5093864454558,-0.161017998575501,0.649525378731412,0.00842779271609991,0.766542386282225
91.5,51.5093920866299,-0.161017943075787,0.627629639360039,0.00385316049327579,0.475624492509652
92,51.5093980439289,-0.161017933718518,0.662801284148502,0.000649644015305279,0.182151841072255
92.5,51.5094037416052,-0.161017900013524,0.633915998593798,0.00234002501659162,0.268847732665947
93,51.5094098396449,-0.16101788379431,0.678459921959423,0.00112604565367226,0.186130958365979
93.5,51.5094158524313,-0.161017844327883,0.668974742957911,0.00274002128583798,0.293641277051179
94,51.5094217328773,-0.161017754925822,0.65425071927817,0.00620688367844194,0.583744335806159
94.5,51.509427533478,-0.16101756631682,0.645367242925802,0.0130944853817043,1.1351871388833
95,51.5094332444767,-0.161017284158706,0.635398236679518,0.0195892815366244,1.72879934433564
95.5,51.5094388870747,-0.161017071841306,0.627788066077147,0.0147404755729077,1.45208455261024
96,51.5094447523499,-0.161016908231006,0.652562852281221,0.011358905786222,1.12818213362168
96.5,51.5094507209813,-0.161016699508802,0.664062113152422,0.0144908697497007,1.29465973682143
97,51.509456378254,-0.161016439263646,0.629420754475218,0.0180679299270233,1.66100339221113
97.5,51.5094620718189,-0.161016176884909,0.633458585268057,0.0182160548470915,1.71516208073386
98,51.5094676833469,-0.161015859487641,0.624331263616356,0.022035799905009,2.03586300238536
98.5,51.5094735619409,-0.161015485426228,0.654044678992278,0.0259697932632796,2.29837069997413
99,51.5094792972421,-0.161015129436654,0.638102111671223,0.0247151246148196,2.29452976180106
99.5,51.5094850765634,-0.16101478637052,0.642999731419629,0.0238178918994814,2.20645451801749
100,51.5094904810661,-0.161014583562697,0.601297904443036,0.01408024202477,1.51424372170653
100.5,51.5094963925613,-0.161014390702571,0.657705219119121,0.0133896063970813,1.28855393558457
101,51.509502164949,-0.161014270902617,0.642228305672062,0.00831729220314357,0.890596019540183
101.5,51.5095076848559,-0.161014109278226,0.614137633830671,0.0112210153335226,1.08484918863718
102,51.5095136418115,-0.161013982452359,0.662763086569146,0.00880507463913511,0.885997035864378
102.5,51.5095195144044,-0.161013873517371,0.653377006326303,0.00756297273831119,0.751502414494425
103,51.5095248959833,-0.161013758915295,0.598747438756589,0.00795641768791872,0.818737134314304
103.5,51.5095304858512,-0.161013742735146,0.621921398638763,0.0011233305189092,0.263099054907173
104,51.5095358545543,-0.16101378324151,0.597314883002706,-0.00281221326790355,-0.141217312992367
104.5,51.5095415917052,-0.161013841640903,0.638307919267612,-0.00405446226412702,-0.273453362905528
105,51.5095471110679,-0.161013869826343,0.614077081323359,-0.0019568146655097,-0.13643925575137
105.5,51.5095529788017,-0.161013952182682,0.652836387320548,-0.00571770656096256,-0.382070082065141
106,51.5095588192397,-0.161013963811289,0.649799510494707,-0.000807332545476377,-0.0601643370470697
106.5,51.5095644208988,-0.161014007907407,0.623233267175756,-0.00306143519175154,-0.190432298694844
107,51.5095703582374,-0.161013934648277,0.66058053521518,0.00508611785414564,0.40731238889353
107.5,51.5095758349806,-0.16101385546507,0.609335294431632,0.00549740447091816,0.548499539415857
108,51.5095815796384,-0.161013756326015,0.639143129992628,0.00688286620722734,0.661091097205315
108.5,51.5095874773571,-0.161013814000407,0.656172480891753,-0.00400412404437084,-0.132820945740477
109,51.5095935327377,-0.161013857738327,0.673713731546168,-0.00303656485818905,-0.183403393016107
109.5,51.5095994105551,-0.161013881260579,0.653958297041863,-0.00163306433035297,-0.0849909079479261
110,51.5096049004897,-0.161014041279973,0.610802950334812,-0.0111095623834391,-0.835319951498391
110.5,51.5096097307013,-0.161014203268529,0.537403037927801,-0.0112462727145694,-1.10633548382431
111,51.509613112111,-0.161014365622057,0.376211227855481,-0.0112716101987059,-1.74367055993625
111.5,51.5096154491957,-0.161014457952773,0.260021000659182,-0.00641018261811002,-1.40449151807367
112,51.5096171102709,-0.16101450668272,0.184809056466499,-0.00338314113843404,-1.07540547967693
112.5,51.5096187296193,-0.161014382324566,0.180166591819357,0.00863372927880116,14.1351802037136
113,51.5096201693947,-0.161013702841964,0.160187530268062,0.0471739765852817,29.6051824822624
113.5,51.5096214650881,-0.161012384899294,0.144157153213351,0.0914999067085457,44.8680691427308
114,51.5096227392004,-0.161009611004603,0.141756071019625,0.192581288905858,60.4156896903758
114.5,51.5096234426481,-0.161007291322243,0.0782646726819509,0.161046995734124,75.2931692313607
115,51.5096237432593,-0.161004683221573,0.0334456047748805,0.181070813019361,90.2886842546045
115.5,51.5096236530273,-0.161002192583103,-0.0100390897246854,0.172915844425835,104.905133243161
116,51.5096232573483,-0.161000001080238,-0.0440227309385772,0.152147962838061,119.375269596047
116.5,51.50962231991,-0.160997761695214,-0.104298156131855,0.155472245843294,133.910928977946
117,51.509621137262,-0.160996028599616,-0.131579872164336,0.120322440124305,148.665673857747
117.5,51.5096196722124,-0.160994821170231,-0.162999512493889,0.0838273744489505,163.424775846489
118,51.509617702466,-0.160994308777888,-0.219151414388528,0.0355735140484849,178.241186169524
118.5,51.5096154599146,-0.160994219656495,-0.249503341966874,0.00618737049247393,178.543270483083
119,51.5096118645889,-0.160994112825204,-0.400011244762687,0.0074169038962302,178.937758359049
119.5,51.509606897542,-0.160993913344818,-0.552627149765388,0.0138491912555746,178.65279001259
120,51.5096013969856,-0.160993629587985,-0.611984720670877,0.0197001977642638,178.292047195875
120.5,51.5095955027665,-0.160993467021561,-0.65578312455967,0.0112863928584908,178.964997737789
121,51.5095898523581,-0.16099330283344,-0.628657068010972,0.0113989827988615,179.02618313161
121.5,51.5095843878284,-0.160993125686867,-0.607976437372162,0.0122986424658659,178.935117714055
122,51.5095784585437,-0.160993002370903,-0.659684469222573,0.00856138000163062,179.271134526828
122.5,51.5095726479673,-0.160993032974707,-0.646477144022797,-0.00212471136355326,180.107966994849
123,51.5095667503195,-0.16099319456446,-0.656164595187673,-0.0112185931720333,180.909374421135
123.5,51.509560924823,-0.160993303191178,-0.648137123724853,-0.00754156190219781,180.767198361733
124,51.509555133159,-0.160993472427574,-0.644372967836764,-0.0117494750304531,181.072928949444
124.5,51.5095492487156,-0.16099370815004,-0.654695493229934,-0.0163653661271452,181.437496757204
125,51.5095433774041,-0.160993920504341,-0.65323444822436,-0.0147430001362093,181.382344650792
125.5,51.5095375763398,-0.160993965387403,-0.645418825576318,-0.00311607091317278,180.530731528008
126,51.509531816232,-0.160993887363985,-0.640862075467466,0.00541688838560868,179.741322899601
126.5,51.5095260465722,-0.160993725969866,-0.641924808245324,0.0112050210515899,179.162874088234
127,51.5095201398055,-0.160993502507167,-0.657179140796955,0.0155142243562308,178.797219553208
127.5,51.5095144546079,-0.160993244440965,-0.632527646829056,0.0179166253786798,178.495600155825
128,51.5095086285792,-0.160992988034512,-0.648196339457342,0.0178013971109624,178.513033457736
128.5,51.5095024663653,-0.160992836883158,-0.6855998651142,0.0104939075486977,179.082604512435
129,51.5094966133496,-0.160992816345117,-0.651198870817622,0.00142588423574262,179.808555012445
129.5,51.5094910372852,-0.160992877227555,-0.620385639822007,-0.00422685493473851,180.370047929515
130,51.5094852070076,-0.160992932774965,-0.648669061015047,-0.00385646299837592,180.413499982741
130.5,51.5094794742353,-0.160992945316741,-0.637820746832474,-0.000870731913294951,180.195716579102
131,51.5094738707174,-0.160992957143902,-0.623440076807846,-0.000821118796155526,180.156107438495
131.5,51.5094681865222,-0.16099291846927,-0.632416116513868,0.00268504591773279,179.894064216704
132,51.5094624671374,-0.160992780207148,-0.636331268766455,0.00959906193717804,179.330224675609
132.5,51.5094563026574,-0.160992511406751,-0.685851980210245,0.0186618862373539,178.67750003531
133,51.5094505938173,-0.160992138577914,-0.635158080874525,0.0258842261578488,177.899973459533
133.5,51.5094448973696,-0.160991830473788,-0.633779327915782,0.0213906143946997,178.112600705922
134,51.5094390184798,-0.160991553525336,-0.654077576468167,0.0192275850155087,178.351914581248
134.5,51.5094331820613,-0.160991316905493,-0.649352292351463,0.0164277096060242,178.575062547576
135,51.5094274382844,-0.160991114106855,-0.639045095977303,0.0140796202846383,178.780873167915
135.5,51.5094217336279,-0.160990980872288,-0.634692614206677,0.00925002445913862,179.1777563111
136,51.5094160551741,-0.160991011133807,-0.631777335728733,-0.00210095496235011,180.097713977641
136.5,51.5094101151262,-0.160990859845934,-0.660881958973616,0.0105034068495035,179.321486981729
137,51.5094043008333,-0.160990657823352,-0.646890610906086,0.0140257485201826,178.921737521731
137.5,51.5093984197709,-0.160990509699498,-0.654319303513098,0.0102837423336139,179.133063028657
138,51.5093926737456,-0.160990400599394,-0.639295252635922,0.00757445530534149,179.35667209103
138.5,51.5093870316646,-0.160990246882627,-0.627730540260557,0.010672042280629,179.140404813927
139,51.5093811203346,-0.160990055153452,-0.657686836124772,0.0133111185550793,178.963951829345
139.5,51.5093751015578,-0.160989927323684,-0.669641224083932,0.00887479653979185,179.258024709669
140,51.5093693955256,-0.160989865869154,-0.634845668348429,0.00426658461764066,179.62236311595
140.5,51.5093636545927,-0.160989810011093,-0.638728674740264,0.00387804081279461,179.719947095666
141,51.5093577885176,-0.160989693860375,-0.652651830922645,0.00806396195313369,179.420818476991
141.5,51.5093522179573,-0.160989652113065,-0.619773234693474,0.0028983786135482,179.743243287546
142,51.5093467859467,-0.160989631452091,-0.604358386731255,0.00143442378502867,179.895106425817
142.5,51.509340909927,-0.160989606882722,-0.653758252594504,0.00170577103708496,179.919785197265
143,51.5093351217921,-0.160989607819137,-0.643980299765429,-6.50122393959204e-05,180.061369067101
143.5,51.5093295553885,-0.160989656805141,-0.619310774885201,-0.00340093914842211,180.349236294625
144,51.5093236754374,-0.160989738422714,-0.654195648926719,-0.00566644358579889,180.539814723645
144.5,51.5093180322045,-0.160989763989627,-0.627858696686779,-0.00177502817695436,180.27427122173
145,51.5093122212974,-0.160989674704197,-0.646513899996921,0.00619879964361066,179.642300783168
145.5,51.5093065664172,-0.160989636373792,-0.629154557428752,0.00266115682210365,179.801640904485
146,51.5093009499948,-0.160989669381447,-0.62487580162297,-0.0022916156528196,180.216309793006
146.5,51.5092953238431,-0.160989560111814,-0.625958256550419,0.00758624125372026,179.516153973718
147,51.5092894992961,-0.160989444569361,-0.648031463758688,0.00802174412281974,179.396882830854
147.5,51.5092837060384,-0.160989393368517,-0.644550254250226,0.00355471183353843,179.707971656977
148,51.5092778722758,-0.160989362679451,-0.649056768788492,0.00213064452506333,179.863778622506
148.5,51.5092723201978,-0.16098928370255,-0.617716915813602,0.00548311651625389,179.606720680529
149,51.5092667135662,-0.160989223754206,-0.623786480438199,0.00416202445021563,179.679715567153
149.5,51.509262139764,-0.160989191722571,-0.508875233952204,0.00222385568091349,179.784289362218
150,51.5092587341946,-0.160989180311651,-0.378899175778395,0.000792224370398546,179.871885950071
150.5,51.5092565765433,-0.160989196215735,-0.240057461835827,-0.00110417070260054,180.269264527367
151,51.509254778681,-0.160989228039414,-0.200027799243318,-0.00220941844721025,180.638566491513
151.5,51.5092539946857,-0.160989437682654,-0.0872262873646659,-0.0145548746349543,165.526045707896
152,51.5092531938673,-0.160989296119957,-0.0890980019706159,0.00982825556274458,150.947561129272
152.5,51.5092525016243,-0.160988963482659,-0.0770180432104359,0.0230939682947287,136.086231788686
153,51.5092519767428,-0.16098867620391,-0.0583976278131003,0.0199448662768796,121.531341370746
153.5,51.5092515080644,-0.160988219141272,-0.0521445433351854,0.0317324317594,106.143989723773
154,51.5092511782398,-0.160986990912942,-0.03669585163267,0.0852720585945541,91.0333865432207
154.5,51.5092510252555,-0.160985804896222,-0.0170208332713575,0.082341438868887,75.8153213549135
155,51.5092508238169,-0.160985118684066,-0.022411800126334,0.047641568274562,60.6481397805173
155.5,51.5092511723877,-0.160983839440669,0.0387815373946039,0.0888138767472372,45.3862055534585
156,51.5092517298905,-0.160982744306467,0.0620270231748746,0.0760317493308787,30.714371215315
156.5,51.5092522584665,-0.160981954026675,0.0588086687266779,0.0548666585610821,15.8220245003007
157,51.5092531599895,-0.160981459315756,0.100302275789394,0.0343462341753926,0.606123101498454
157.5,51.5092552116329,-0.160981418002018,0.22826315013514,0.00286828369978533,0.536450677244929
158,51.5092589250423,-0.160981374674583,0.413149055143046,0.00300808833125241,0.426724985085627
158.5,51.5092634019767,-0.160981352507943,0.49809784904781,0.00153896034546678,0.231663360462989
159,51.509268917565,-0.160981323482638,0.613657114020359,0.00201513579351723,0.255395773455405
159.5,51.5092749058457,-0.160981132181917,0.666248260400815,0.013281406776021,1.06341065693985
160,51.5092808331138,-0.160980910250006,0.659460064681451,0.0154080318774648,1.35877547088825
160.5,51.5092865773834,-0.160980679799337,0.639099901168252,0.0159994602012216,1.47170544275454
161,51.5092921254994,-0.160980531731087,0.617276114380924,0.0102799085009572,1.08885298986542
161.5,51.5092976932109,-0.160980326557475,0.619456278406002,0.0142445506909083,1.33662456585111
162,51.5093034805411,-0.160980089972241,0.643890768301945,0.0164253575940839,1.51030840723502
162.5,51.5093089398534,-0.160979926911015,0.607395926651797,0.01132081900992,1.19155848041009
163,51.5093150327048,-0.160979777987903,0.677882659916951,0.0103392537409,0.994506322024137
163.5,51.5093209579938,-0.160979582124219,0.659239892731267,0.013598185197565,1.21669433109136
164,51.5093264781523,-0.16097937122751,0.614165594005241,0.0146418778765769,1.39877394439901
164.5,51.5093322198141,-0.160979124031646,0.638809767321404,0.0171620089375706,1.59055908791456
165,51.5093381829241,-0.160978860223147,0.663447796770827,0.0183153681780597,1.65567517248286
165.5,51.5093437875842,-0.160978594326089,0.623567146492757,0.0184603675784159,1.75564324030114
166,51.5093497621988,-0.160978225792318,0.66472777981516,0.025586097495913,2.19173536654762
166.5,51.5093556733205,-0.160977913364256,0.65766365524586,0.021690858389063,2.00108966088047
167,51.5093615469891,-0.16097759075601,0.653496679612833,0.0223976322633061,2.02552346597128
167.5,51.5093677202903,-0.16097734612837,0.68683340127502,0.0169836924426902,1.59545969108208
168,51.5093735978494,-0.160977055764218,0.653929526814043,0.0201590252991621,1.80815816896578
168.5,51.509379284633,-0.160976817017108,0.632704097553897,0.016575422242262,1.61129987347212
169,51.5093850396166,-0.160976754865839,0.640291932130756,0.00431495652656679,0.643709642828668
169.5,51.5093906364235,-0.16097670958263,0.622693407638997,0.00314386259183715,0.408313381160355
170,51.5093965059919,-0.160976695741163,0.653040488325791,0.000960966941254476,0.193939510917772
170.5,51.5094025224891,-0.160976636767353,0.669387600935448,0.00409435451392936,0.385114193517921
171,51.5094079934289,-0.160976584589006,0.608689603007057,0.00362256778553596,0.405229658304506
171.5,51.5094137310026,-0.160976545306883,0.638354932694578,0.00272722578839596,0.333100162200111
172,51.5094192115491,-0.160976442749037,0.60975843833789,0.00712024583409796,0.678887105175448
172.5,51.5094251773977,-0.160976327795199,0.663752497509155,0.00798085680606334,0.757502597336298
173,51.5094307485594,-0.160976152228316,0.619840164895036,0.012189014188792,1.12859632472941
173.5,51.509436541252,-0.160975913750255,0.644487392203257,0.0165567223540144,1.48792101723944
174,51.509442323937,-0.160975690520671,0.643373966942873,0.0154980703376614,1.4584403668853
174.5,51.5094481957474,-0.160975475334767,0.653289938001815,0.0149396231092892,1.39610849953567
175,51.5094538372453,-0.160975317502622,0.62766567880391,0.0109577459190518,1.11772017882882
175.5,51.5094598108181,-0.160975077915953,0.664611892221784,0.0166336808296605,1.44395727582349
176,51.5094653313611,-0.160974824630484,0.61420839524847,0.0175847391610206,1.6669903704811
176.5,51.509471245984,-0.160974586433353,0.658053210298591,0.0165372058316529,1.53801212422081
177,51.5094770180905,-0.160974419065401,0.642197014659273,0.0116197784737687,1.18410565920729
177.5,51.5094832656368,-0.160974121841344,0.695093831103681,0.0206352365290072,1.67613342409672
178,51.509489144185,-0.160973836211887,0.654039580899358,0.0198302609048462,1.77349880703983
178.5,51.5094949213053,-0.160973613241937,0.642754855584405,0.0154800269939239,1.49207869706174
179,51.509500882974,-0.160973394816023,0.663287455766869,0.0151645485385071,1.39781636629255
179.5,51.509506801336,-0.160973178418027,0.658469223148881,0.0150237552465785,1.38394433289196
180,51.509512352078,-0.160973023999781,0.617568294360302,0.0107207168560362,1.11391526626042
180.5,51.5095180895964,-0.160972867991271,0.638348804724408,0.010831121960332,1.05606711967025
181,51.5095239575846,-0.160972744100233,0.652864688897004,0.00860131777222833,0.871173413006574
181.5,51.5095299454754,-0.16097274718754,0.666204903376603,-0.000214340782287752,0.20216484069411
182,51.5095355967855,-0.160972719118294,0.628757384329958,0.00194874820055602,0.242552050827413
182.5,51.5095417402927,-0.160972693965996,0.683518582801265,0.00174623469236192,0.23477033480512
183,51.5095475257106,-0.160972668227299,0.643678027352393,0.00178694599314283,0.2310280383833
183.5,51.5095534022691,-0.160972643738992,0.653818222305495,0.00170013568419582,0.214908347443952
184,51.5095591844758,-0.160972639658245,0.643320760566216,0.000283311675031193,0.116877836636093
184.5,51.509564827335,-0.160972672353508,0.627817147861785,-0.00226991474376768,-0.0927596996182842
185,51.5095706444719,-0.160972769646598,0.647207051204393,-0.00675470919533492,-0.445255228482239
185.5,51.5095763538683,-0.160972771979073,0.635219992508525,-0.000161935269819965,-0.026264423071126
186,51.5095819700788,-0.160972727095852,0.624852235211548,0.00311607969964838,0.292947214765888
186.5,51.5095876147703,-0.160972729439646,0.628021010877891,-0.000162721116088719,0.0890225718021043
187,51.5095933395343,-0.160972822608158,0.636929767719818,-0.00646835128752646,-0.417776412222565
187.5,51.5095991501302,-0.160972746938105,0.646479307386924,0.00525349617735319,0.384169691385836
188,51.5096045455307,-0.160972610429664,0.60028521813477,0.00947728277997664,0.887330260851002
188.5,51.5096091176954,-0.160972491469273,0.508693073524124,0.00825898477900257,0.968557883420971
189,51.50961292999,-0.160972366249786,0.424150919358689,0.00869352997514532,1.18060293788437
189.5,51.5096153094544,-0.160972259409373,0.264736111346221,0.00741753768318493,1.59324575245191
190,51.5096170216036,-0.160972158494965,0.190491481915765,0.00700611645533489,2.20417852223054
190.5,51.5096183205665,-0.160972109002058,0.144520913259805,0.00343611052673722,16.7191439656727
191,51.5096196680673,-0.160971410619325,0.149921177528947,0.0484861435762466,31.031685800729
191.5,51.5096210460034,-0.160969829394596,0.153307377539443,0.109778611796555,45.8377087341214
192,51.5096220700052,-0.1609679395231,0.113929098861613,0.131206816547696,60.6940229719643
192.5,51.5096227431956,-0.160965899834664,0.0748982907073148,0.141608051710955,75.6392707243397
193,51.5096230253208,-0.16096317896879,0.0313888815128657,0.188899688282885,90.1083358544637
193.5,51.5096230005958,-0.160960917030032,-0.0027508740234879,0.157038069244712,105.414946811189
194,51.5096224570891,-0.160958442699509,-0.0604698386019267,0.171783646692633,121.018115012472
194.5,51.5096216184268,-0.160956412643773,-0.0933084737000304,0.140939287610023,135.723007575731
195,51.5096204474549,-0.160954766173411,-0.130280806087929,0.114308371001775,150.334724015
195.5,51.5096190040491,-0.16095363420199,-0.16059144848394,0.0785886071503378,165.099078054735
196,51.509616931769,-0.160953228503,-0.230559178446382,0.0281661877812675,179.916462086788
196.5,51.5096142199866,-0.160953190336361,-0.301709370029097,0.00264976935708673,179.348881878228
197,51.509610605158,-0.160953091200228,-0.402181113200321,0.00688265756817661,179.024488439068
197.5,51.5096059317399,-0.16095302292494,-0.519958394355772,0.00474010284359826,179.478349408347
198,51.5096004247865,-0.160952894631056,-0.612696444429515,0.00890697476304877,179.279709803841
198.5,51.5095947119933,-0.160952870678665,-0.635597922377114,0.00166292698159577,179.818320402283
199,51.5095886886664,-0.160952929694466,-0.670147483610915,-0.00409725200086052,180.341065957665
199.5,51.5095830777662,-0.160952999308311,-0.624261422951746,-0.0048330362363514,180.480745937062
200,51.5095773865866,-0.160953044181933,-0.633193218937797,-0.00311541288448097,180.377591141969
200.5,51.5095716983916,-0.160953049596855,-0.63286113717611,-0.000375938456099888,180.147859983741
201,51.5095658179128,-0.160953089191636,-0.654254395148779,-0.00274892280141398,180.28204593909
201.5,51.5095600901989,-0.160953056032798,-0.637257962427347,0.00230209881319808,179.940830521606
202,51.5095540545624,-0.160952919317108,-0.671517038353308,0.00949167939640838,179.390792172606
202.5,51.5095482174932,-0.160952854896636,-0.649424693863055,0.0044724826301911,179.636297661819
203,51.5095426475939,-0.160952846120739,-0.619699722449379,0.000609279215347987,179.958923141944
203.5,51.5095367695787,-0.160952849246621,-0.653980287262436,-0.00021701890327537,180.075982184902
204,51.5095310823273,-0.160952812242158,-0.632756153064732,0.00256908830552973,179.886533809947
204.5,51.5095253886145,-0.160952773925884,-0.633475044008658,0.00266016300802295,179.8401665201
205,51.5095197065558,-0.160952666878912,-0.632178426457833,0.00743189254908154,179.474476701042
205.5,51.5095137677923,-0.160952684342544,-0.660739062682297,-0.00121243833623404,180.06342639268
206,51.5095081392393,-0.16095282392266,-0.626225452891617,-0.00969055608577021,180.819658666245
206.5,51.5095021757838,-0.160952946351704,-0.663486262297224,-0.00849981855228651,180.817487770314
207,51.5094963065408,-0.160953046334638,-0.653004302371418,-0.00694146487905534,180.718661018719
207.5,51.5094907793678,-0.160953216866855,-0.614946039845674,-0.011839455991935,181.09996580647
208,51.5094850307998,-0.160953448332165,-0.639578162851931,-0.0160698297112617,181.451113328847
208.5,51.5094795868351,-0.160953511384201,-0.605688388483132,-0.00437748363292219,180.627631503058
209,51.5094734648985,-0.160953467050069,-0.681118655589056,0.00307796504323322,179.973631310476
209.5,51.5094677265615,-0.160953452334421,-0.63843986867516,0.00102165651988355,179.992312890878
210,51.5094617704591,-0.160953391139398,-0.662668163195673,0.004248559270322,179.765554908482
210.5,51.5094561186372,-0.160953351404801,-0.628814314951529,0.00275863630977975,179.810464899648
211,51.5094503270935,-0.160953363463886,-0.644359575334472,-0.000837220866348594,180.109300964063
211.5,51.5094443130228,-0.160953390468291,-0.669117637096341,-0.00187482335419705,180.211401912145
212,51.509438743,-0.160953473133736,-0.619713441734851,-0.00573917957073294,180.543822820379
212.5,51.5094328587522,-0.160953607347893,-0.65467371213307,-0.00931803171106364,180.829945737157
213,51.509427057097,-0.16095383623146,-0.645484565607101,-0.0158906083980944,181.373269809351
213.5,51.509421190363,-0.160954013722613,-0.652725145086513,-0.0123226093336983,181.202392682171
214,51.509415280458,-0.160954134635901,-0.657528297037225,-0.00839460090335228,180.8685072235
214.5,51.5094095012604,-0.160954231530435,-0.642985954601067,-0.0067270608974129,180.70748019858
215,51.5094034408285,-0.160954385218929,-0.674275724529975,-0.0106700754251136,180.943985125892
215.5,51.5093975200013,-0.160954530267518,-0.6587434789134,-0.0100702372400542,180.942518463487
216,51.5093917793633,-0.160954679966284,-0.638695865035078,-0.0103930847727519,180.99791206693
216.5,51.5093862197548,-0.16095482826581,-0.618554769355773,-0.0102959414929397,181.022885717858
217,51.5093805262607,-0.160954963821357,-0.633450689711477,-0.0094111707190861,180.929818060752
217.5,51.5093749797746,-0.160955007003347,-0.6170947788851,-0.0029979822797748,180.426443685101
218,51.5093690699286,-0.160954998857094,-0.657521732779638,0.000565567380551947,180.091185181588
218.5,51.509363284673,-0.160955011213602,-0.643659951594802,-0.00085787151680635,180.149423417707
219,51.5093575490333,-0.16095499325006,-0.638139757164456,0.00124714958564011,179.988224653652
219.5,51.5093520662797,-0.16095505691114,-0.610003988557881,-0.00441977982789172,180.414142716724
220,51.5093460987639,-0.160955135411113,-0.663937989472057,-0.00544999603700193,180.529763671453
220.5,51.5093403626722,-0.160955189065746,-0.638190042450975,-0.00372506596224456,180.431386472524
221,51.5093346565063,-0.160955314222407,-0.634860540651339,-0.00868921934868762,180.788389148286
221.5,51.5093288337102,-0.160955395731635,-0.647836665464368,-0.00565892094470602,180.618758242063
222,51.5093230234961,-0.160955352323645,-0.646436804321131,0.00301367617442106,179.930097267089
222.5,51.5093172785076,-0.160955361261086,-0.639179888174385,-0.000620497688177025,180.099723726276
223,51.5093114973889,-0.160955342981282,-0.643199692841554,0.00126910786818301,179.985158690481
223.5,51.509305567843,-0.160955385260214,-0.659713495082971,-0.00293529034530446,180.2707332325
224,51.509300218913,-0.160955490756523,-0.595114935740528,-0.00732427078601616,180.697612948632
224.5,51.5092942486189,-0.160955632658856,-0.664247097762456,-0.00985182543515087,180.88857828276
225,51.509288518843,-0.160955694408504,-0.637487349626853,-0.00428708126013241,180.520119755899
225.5,51.5092827267635,-0.160955822025224,-0.644419174007769,-0.00886002332926529,180.816016907811
226,51.509276996974,-0.160955880446964,-0.637488861526329,-0.00405603622587899,180.499354026971
226.5,51.5092712178812,-0.160955923362573,-0.642974287041404,-0.00297949511843665,180.375753375844
227,51.5092658851271,-0.160955959617386,-0.593315226151385,-0.00251705739524473,180.322157139489
227.5,51.5092610808954,-0.160956037734675,-0.534512508763801,-0.00542343780179776,180.597973180984
228,51.5092577101716,-0.160956132481314,-0.375022315124537,-0.0065779619665032,181.005639488574
228.5,51.5092556525592,-0.160956203548029,-0.228927247314924,-0.00493393950730438,181.126201382651
229,51.5092542374623,-0.160956258026594,-0.157441833479854,-0.00378227636509168,180.826078009397
229.5,51.5092535363101,-0.160956523336133,-0.078009268758176,-0.0184196118818276,165.726898323313
230,51.5092527020938,-0.160956347425041,-0.0928138146674789,0.012212957376118,150.937056106942
230.5,51.5092518661539,-0.160955720753518,-0.0930055672079916,0.0435078463420078,136.197605057119
231,51.5092511795234,-0.160954860851383,-0.0763936156890556,0.0597003202918785,121.002007337959
231.5,51.5092506703392,-0.160953868652061,-0.0566511596862995,0.0688853019102035,106.240272715978
232,51.5092503452067,-0.160952565302437,-0.0361738211636448,0.090487497174931,91.1912761703259
232.5,51.5092502698548,-0.160951055412504,-0.00838355029196106,0.10482694704489,75.7198316286876
233,51.5092504587347,-0.160949549254824,0.021014523828189,0.104567828536491,60.7444816662985
233.5,51.5092507065583,-0.160948395808493,0.0275725305383896,0.0800801796948507,45.8430333093642
234,51.5092510342363,-0.160947442424241,0.0364570289715659,0.0661904934455576,30.5496254492109
234.5,51.5092518672905,-0.160946586600734,0.0926845179707093,0.0594171549683865,15.2336348945055
235,51.509253224478,-0.1609462028248,0.150998900309968,0.0266443647558533,0.132253314153076
235.5,51.5092554663945,-0.160946175138924,0.249432682427189,0.00192214390117292,0.393279639286021
236,51.5092585602472,-0.160946119059983,0.344217997887609,0.00389338548000704,0.630641102489847
236.5,51.5092631411926,-0.16094599735495,0.50966996869099,0.00844959920797127,0.957831816663315
237,51.5092684804622,-0.160945840341746,0.594040137544137,0.0109009337721983,1.09171851909323
237.5,51.5092741993915,-0.160945810613665,0.636280567382744,0.00206392710476621,0.386838259027826
238,51.5092799894623,-0.160945729690123,0.644195678137538,0.00561826610089467,0.542175004644605
238.5,51.509285577884,-0.160945753540375,0.621760466156504,-0.00165584754633196,0.0153571773739998
239,51.5092913509266,-0.160945828247141,0.642301156425782,-0.00518665367591256,-0.316236155210532
239.5,51.509296990225,-0.160945953995176,0.627420936939646,-0.00873028583589205,-0.664884779194836
240,51.5093026327513,-0.160946116289001,0.627780075225108,-0.0112675423832276,-0.917010567168433
240.5,51.5093085201965,-0.160946207433399,0.655029436896343,-0.00632786396202292,-0.556830061764458
241,51.5093142861132,-0.1609461501902,0.641508338048608,0.00397421163417137,0.273495860169987
241.5,51.5093198428824,-0.160946128067033,0.618238849888458,0.00153594029735387,0.232054135166152
242,51.5093256353181,-0.1609460526451,0.644458806277123,0.00523630156847462,0.493839915489446
242.5,51.5093312897897,-0.160945962540074,0.629109092559806,0.006255700506535,0.614749959866231
243,51.5093368462589,-0.160945899916452,0.618205486766459,0.00434775492015413,0.493679061920801
243.5,51.5093421722291,-0.160945886474476,0.592560459014081,0.000933232699607125,0.205250856537191
244,51.5093482654196,-0.160945904591414,0.677920396709944,-0.00125779991753298,0.0167512756975441
244.5,51.5093536512338,-0.160945885258679,0.599218623689384,0.00134220855311933,0.165629124852046
245,51.5093594479333,-0.16094580056838,0.644933198483071,0.00587976994832646,0.524519994304967
245.5,51.509365184187,-0.160945742279251,0.638208063447914,0.00404682271209694,0.459181671430599
246,51.509370794124,-0.16094566033511,0.624154243083736,0.0056891117172676,0.564571419200803
246.5,51.5093765860879,-0.160945540426784,0.64440631440963,0.00832483901104997,0.769546474619347
247,51.5093826338106,-0.160945465953665,0.672861713462019,0.00517042195631076,0.564371128242897
247.5,51.5093885038627,-0.160945422960487,0.653094302268842,0.00298487362152429,0.368121873395694
248,51.5093942902705,-0.160945365732458,0.643788159484769,0.00397315142091727,0.419009760982846
248.5,51.5094000683465,-0.160945358965178,0.642861164580367,0.000469829689576035,0.158696362614165
249,51.5094058430918,-0.160945413675709,0.6424905969112,-0.00379836902537548,-0.202174579861065
249.5,51.5094115739337,-0.16094551072008,0.637605976463146,-0.00673746498902038,-0.478175537287854
250,51.5094172059576,-0.160945695429792,0.626611595949621,-0.0128237736925895,-1.00104585953667
250.5,51.5094231303443,-0.160945843976458,0.659139519026967,-0.0103130939052916,-0.852328101758957
251,51.5094289988166,-0.16094602627154,0.652918544078959,-0.012656130848815,-1.00085135235693
251.5,51.5094351601306,-0.160946102384962,0.68549973295249,-0.00528429676641025,-0.472632368030787
252,51.5094409484357,-0.160946177351587,0.643999248469161,-0.00520467782077465,-0.409641638101533
252.5,51.5094467480722,-0.160946173695564,0.645259969727962,0.000253825200963821,0.00839779310544486
253,51.5094527272607,-0.160946093438886,0.665236687712513,0.00557194681837117,0.465056610289793
253.5,51.5094586501543,-0.160946007620957,0.658973386567367,0.00595804464021861,0.574533446706454
254,51.5094644778851,-0.160945943952635,0.648385704028592,0.00442027276836405,0.478964171102518
254.5,51.5094702703892,-0.160945824195093,0.644466436954495,0.00831435356346873,0.765275694266137
255,51.5094761960088,-0.160945655968707,0.659276678615226,0.0116793768273916,1.0499318556202
255.5,51.5094822013132,-0.160945508191743,0.668142313980692,0.0102596428191487,0.982755956780267
256,51.5094879781587,-0.160945408607947,0.642724279878914,0.00691375716459163,0.738604662334012
256.5,51.5094936618293,-0.160945375647781,0.632357761745842,0.0022883095920764,0.347865060167891
257,51.5094993503845,-0.160945375523897,0.632901202451922,8.60081502129404e-06,0.112468585716471
257.5,51.5095051016151,-0.160945293075488,0.639874400352698,0.00572410458281104,0.517907725381974
258,51.5095107987001,-0.160945204085137,0.633850231617561,0.00617828798001421,0.617933756513196
258.5,51.5095165847811,-0.160945116637715,0.64375180598829,0.00607116705230985,0.606839949515063
259,51.5095223740369,-0.160944995210257,0.644105038547802,0.00843028039773697,0.795628096196822
259.5,51.5095281322039,-0.160944745734922,0.640646130222516,0.0173201909606802,1.50143893238786
260,51.5095341447491,-0.160944481079716,0.668947923999799,0.0183740734830243,1.61958839464344
260.5,51.5095397189484,-0.160944128831836,0.620178123387117,0.0244553192789091,2.22464923269357
261,51.5095455506648,-0.160943736680471,0.648829148035049,0.0272256732719711,2.43587797052658
261.5,51.5095511988386,-0.160943330694694,0.62840844011738,0.0281861436390553,2.6184576623744
262,51.5095570776394,-0.160942838421974,0.654067697650559,0.034176733904035,2.99336356022167
262.5,51.5095627659895,-0.160942385094196,0.632878401077423,0.0314729218892448,2.91814621880565
263,51.509568675224,-0.160941939524127,0.657453708814207,0.0309343281072093,2.79686042660728
263.5,51.509574393532,-0.160941626175683,0.636211475981968,0.0217546531309072,2.14310315583654
264,51.5095802795966,-0.160941485910486,0.654875858780691,0.00973810593762587,1.13966184667487
264.5,51.509586042372,-0.16094144783113,0.641158863537125,0.002643711743528,0.446428355083583
265,51.5095919009485,-0.160941486668359,0.651817575675031,-0.00269632781534843,-0.0588128669109551
265.5,51.5095973448917,-0.160941394096794,0.605686015546928,0.00642690686775393,0.573035957422206
266,51.5096030006493,-0.160941282237052,0.629252207810806,0.00776601387307349,0.743735214518495
266.5,51.5096073984242,-0.160941163590368,0.489290689448891,0.0082372055109361,0.981342921989551
267,51.5096110167934,-0.160941099003502,0.402575029502324,0.0044840295720436,0.642424625688079
267.5,51.509613087044,-0.160941032213921,0.230333386909852,0.00463695556224473,1.19345918322742
268,51.5096147960274,-0.160940952374762,0.190139258333586,0.00554293970776219,1.70460317783011
268.5,51.5096164960536,-0.1609406465176,0.189142697456289,0.0212345390333511,15.7967764193314
269,51.5096181892259,-0.160939569973148,0.18838014156332,0.0747405232844505,30.5503515972375
269.5,51.5096193192808,-0.160938534132642,0.125728431270173,0.0719145952595263,45.1717967933224
270,51.5096203232971,-0.160936797723496,0.111705540207069,0.120552495491785,59.9910305026528
270.5,51.5096210311685,-0.160934563032536,0.0787568461000621,0.155146364276999,74.7805091572901
271,51.5096213264168,-0.160931630652225,0.0328489408176578,0.203584363593377,89.2060358546772
271.5,51.5096210758451,-0.160928372710034,-0.0278782752391696,0.226186924303637,104.269343959473
272,51.5096206597373,-0.160926093462839,-0.046295615721355,0.158239736946763,119.194895273974
272.5,51.5096197842362,-0.160923924788844,-0.0974071006427556,0.150563048402894,134.149462880161
273,51.5096186729483,-0.160922253757714,-0.123640451987988,0.116013539316618,149.114725025575
273.5,51.5096173996266,-0.160921110937811,-0.141668100260077,0.079341780414,164.587111113972
274,51.5096152685161,-0.160920702974671,-0.237104576855139,0.0283233803051124,179.927962882656
274.5,51.5096132944011,-0.160920718355378,-0.219637463998594,-0.00106782595314521,180.236296803961
275,51.5096096774318,-0.160920707355195,-0.402419276624356,0.000763702292987829,179.895857174923
275.5,51.5096051884419,-0.160920720717851,-0.49943915799148,-0.000927720195461457,180.122488965396
276,51.5095998492238,-0.160920758356234,-0.594034437013165,-0.00261309518626846,180.297175578983
276.5,51.5095943902525,-0.160920728406506,-0.607358022180161,0.00207930021958291,179.934596882842
277,51.5095882726934,-0.160920533085785,-0.680631632696002,0.0135604061360354,179.112890937905
277.5,51.50958249917,-0.160920322017731,-0.642354673983613,0.0146536880138162,178.828623536108
278,51.5095762672423,-0.160920104316977,-0.693356144783803,0.0151141742345447,178.841406743971
278.5,51.5095704200733,-0.160920011782135,-0.650548380530874,0.00642435949395179,179.402280536319
279,51.5095644970792,-0.160919912949916,-0.65898458639158,0.00686156449493252,179.458820360033
279.5,51.5095587084625,-0.160919829082841,-0.644033937414207,0.00582258935658133,179.533232662727
280,51.5095529994254,-0.160919828438469,-0.635180007227647,4.47364439073497e-05,179.986425519708
280.5,51.5095472647152,-0.16091979306786,-0.638036358161447,0.00245565471474778,179.885087142762
281,51.5095412962826,-0.160919784196742,-0.664040018956285,0.000615890036512308,180.001735159974
281.5,51.5095356032444,-0.160919770535048,-0.633399987354369,0.000948482727609994,179.999232673088
282,51.509529776644,-0.160919754428822,-0.648259947775079,0.00111819805995679,179.997286783506
282.5,51.5095238018343,-0.160919808246298,-0.664749518631441,-0.00373635654978309,180.335743141123
283,51.5095180692363,-0.160919807954799,-0.6378013656229,2.02376905935032e-05,180.116761976837
283.5,51.5095125043979,-0.160919838087466,-0.619136646343077,-0.00209200479153439,180.237368182399
284,51.5095068279512,-0.160919750661445,-0.631554029721357,0.00606968106884849,179.631638833561
284.5,51.5095009762378,-0.160919536050283,-0.651053987195941,0.014899699706025,178.901000141315
285,51.5094948987516,-0.160919213301185,-0.676173164804003,0.0224073399344694,178.307117345775
285.5,51.5094892180931,-0.160918866257068,-0.632022640808463,0.024094061213212,177.950935840782
286,51.5094832547134,-0.160918525127064,-0.663477832651687,0.0236834679973646,178.01853346495
286.5,51.5094771537297,-0.160918209860826,-0.678787466355389,0.0218878396108646,178.203896851998
287,51.5094714123274,-0.160917928156021,-0.638780904543882,0.0195577885789746,178.295790749337
287.5,51.5094657099394,-0.160917698791548,-0.634440226584256,0.0159239826666562,178.581314359437
288,51.5094597382281,-0.160917505666563,-0.664404793749767,0.0134080018978499,178.870176236137
288.5,51.5094540866547,-0.160917318923878,-0.628786659642357,0.0129649024989433,178.875364453139
289,51.5094482181248,-0.160917088390341,-0.652924961909858,0.0160051528346629,178.700929297026
289.5,51.5094424685429,-0.160916918251962,-0.639690962956001,0.0118121256522118,178.952879188398
290,51.5094366281133,-0.160916812520023,-0.649798546534633,0.00734060770496686,179.361588694093
290.5,51.5094307030514,-0.160916728917495,-0.659214633063831,0.00580423901290697,179.538470826016
291,51.5094249113929,-0.160916683358575,-0.644372348904984,0.00316300122279735,179.752522971572
291.5,51.5094192066744,-0.160916694996418,-0.634699510192641,-0.000807976041786359,180.088848287961
292,51.5094129720091,-0.160916695258,-0.693660703736524,-1.81607521127522e-05,180.083128692416
292.5,51.5094070837893,-0.160916776665365,-0.655115626648147,-0.00565183925533826,180.486486706661
293,51.5094017501806,-0.160916826736533,-0.593410317748884,-0.00347627303752138,180.410011111736
293.5,51.5093958312638,-0.160916878338441,-0.658530938949518,-0.00358254759434581,180.394265060805
294,51.5093899014108,-0.16091699804085,-0.659747672867022,-0.0083105382827097,180.732979390476
294.5,51.5093842527707,-0.160917100542206,-0.628460302475152,-0.00711632764072031,180.727384958863
295,51.5093784231827,-0.160917214474085,-0.648592326039398,-0.00790991168114268,180.773798692856
295.5,51.5093727729604,-0.160917343794659,-0.628636332792607,-0.00897829879834697,180.886375578173
296,51.5093671210508,-0.160917484861112,-0.628824054867589,-0.00979377741903055,180.949919031691
296.5,51.5093614410734,-0.160917548969011,-0.631946850435415,-0.00445080001332838,180.565452141647
297,51.5093555906961,-0.160917475679519,-0.650905309034758,0.00508824835935145,179.781063312287
297.5,51.5093500602441,-0.160917524086451,-0.615310846197044,-0.00336073448478779,180.296921890569
298,51.5093443549711,-0.16091762520284,-0.634761192006766,-0.00702018008313255,180.644245645933
298.5,51.5093384848401,-0.16091769507247,-0.653103085541407,-0.00485082039903787,180.530687373937
299,51.5093328858414,-0.160917726507972,-0.622937254584821,-0.00218246463632941,180.307312838553
299.5,51.5093272147312,-0.160917888315902,-0.630960297356278,-0.0112337994608757,180.964664578774
300,51.5093215040016,-0.160918135552609,-0.635368280903247,-0.0171648442551212,181.515726560611
300.5,51.5093156499809,-0.16091825575559,-0.651310671036715,-0.0083453049047976,180.938214030972
301,51.5093099768695,-0.160918272347978,-0.63118293865974,-0.00115195612637045,180.308291382126
301.5,51.5093043181273,-0.160918369061313,-0.629584233984134,-0.00671449632227366,180.630918168283
302,51.509298488881,-0.160918453192548,-0.648554305526138,-0.00584096222881496,180.594401102066
302.5,51.5092928881829,-0.16091851452965,-0.623126327429252,-0.00425843910316382,180.487752023278
303,51.5092872407199,-0.160918569062916,-0.628329318380713,-0.00378607098168053,180.432275089398
303.5,51.5092814486242,-0.160918671321383,-0.644420979151292,-0.00709948063256135,180.660598063841
304,51.5092757913246,-0.160918812518284,-0.629423733837075,-0.00980285360723221,180.918438949124
304.5,51.5092704750579,-0.160918832538324,-0.591480856119531,-0.00138992809414291,180.300865681368
305,51.5092651581899,-0.160918772643211,-0.591547761578895,0.00415832899111989,179.759667757603
305.5,51.5092605325758,-0.160918779991068,-0.51463975756916,-0.000510138614681547,180.068317477425
306,51.5092572237106,-0.160918777799799,-0.368139994996225,0.000152132933319658,179.954611463842
306.5,51.5092550286588,-0.16091879055369,-0.244218581829446,-0.0008854627473055,180.136826263111
307,51.509253595116,-0.160918810781668,-0.159494099446119,-0.0014043652913486,180.396717164705
307.5,51.5092528458258,-0.160919034963148,-0.0833650427894925,-0.0155642195341135,165.543555336557
308,51.5092520095389,-0.160918850761966,-0.0930441807400342,0.0127885126350117,150.868199319889
308.5,51.5092512894004,-0.160918457558209,-0.0801216661685678,0.0272989090005916,135.971194142168
309,51.5092506233201,-0.160917665223367,-0.0741072133335643,0.0550093348072269,120.676193508943
309.5,51.5092501117012,-0.160916622499665,-0.0569220519634196,0.0723930527694043,105.256107719068
310,51.5092497789924,-0.16091554336897,-0.0370167485464738,0.074920677566658,89.8138230519305
310.5,51.5092497357262,-0.160913995600089,-0.00481373636976554,0.107456765529967,75.2320365528829
311,51.5092496553514,-0.160913104837996,-0.00894239435410512,0.061842833725628,61.3139568653867
311.5,51.5092497829274,-0.160912087995591,0.014193940328285,0.0705961965969632,46.1736511573427
312,51.5092501532731,-0.160911102828127,0.0412041694216147,0.0683971040854426,30.9602325734113
312.5,51.5092507370949,-0.160910300715546,0.0649552476753996,0.0556881740446524,16.4072571232865
313,51.5092515636554,-0.160909779754911,0.0919620466962418,0.0361686711075794,1.91616329320672
313.5,51.5092538649757,-0.16090968656906,0.256041877051901,0.00646960274973095,1.14363662550247
314,51.5092571950203,-0.16090966265221,0.370496385857965,0.00166047214634067,0.213289884394072
314.5,51.5092620753617,-0.160909657540209,0.542980377756685,0.000354910227846487,0.114718130010289
315,51.5092673612353,-0.160909675507404,0.58809936956655,-0.00124740597918568,-0.0336025624243632
315.5,51.5092725658584,-0.160909663261774,0.57905953038572,0.000850175551934078,0.125975867608872
316,51.5092784522457,-0.16090957562169,0.654911736812553,0.0060845746135906,0.535647576138985
316.5,51.5092842495613,-0.160909430875598,0.64500172178545,0.0100492633961072,0.888255993507101
317,51.50928986105,-0.16090925962128,0.624326876874557,0.0118896441099725,1.1199085235678
317.5,51.5092956116466,-0.160909009207531,0.639803836336438,0.0173854302557053,1.55437037305586
318,51.5093015367473,-0.160908694872402,0.659218928075064,0.0218232856500509,1.91978539774937
318.5,51.5093074775941,-0.160908534031789,0.660970833658133,0.0111666493781593,1.19411680393691
319,51.5093133302277,-0.160908486778226,0.651156337258431,0.00328066337572432,0.504065114253763
319.5,51.5093191678497,-0.160908366261162,0.649486170515201,0.00836711215111229,0.763441759990599
320,51.5093248574606,-0.16090828956487,0.633018652418909,0.00532477623935164,0.586165669907189
320.5,51.5093306251174,-0.160908307866798,0.641701925286281,-0.00127064371220996,0.0670196399355518
321,51.5093362313342,-0.160908311866892,0.623740340848479,-0.000277713496391721,0.0395943257480553
321.5,51.5093420711098,-0.160908249906866,0.649725780255376,0.00430168313492963,0.393666151531875
322,51.5093478751003,-0.160908073725426,0.645744378607689,0.0122317031574538,1.03843881025739
322.5,51.5093536560323,-0.160907945097677,0.643178910674979,0.00893020419403369,0.89149232374956
323,51.5093595083804,-0.160907950504093,0.651124590009339,-0.000375349730014934,0.184627453481824
323.5,51.5093652846265,-0.160907983265667,0.642657573149115,-0.00227452844625239,-0.0750035609705151
324,51.5093708911875,-0.160908004587691,0.623778620985097,-0.00148031786911183,-0.0729372241714259
324.5,51.5093766298469,-0.160908040672375,0.638475736355325,-0.00250524041263188,-0.142974265161058
325,51.5093823703091,-0.160908073981309,0.63867630445617,-0.00231252896395396,-0.136406499593875
325.5,51.5093879598053,-0.160907929488702,0.621880028498547,0.010031641871891,0.824860140019325
326,51.5093937163929,-0.160907693382152,0.640470396031874,0.0163920917144397,1.42961120428231
326.5,51.5093995795997,-0.160907537851363,0.652332710473744,0.0107979835404939,1.09276570350761
327,51.5094050967381,-0.160907369951728,0.613829593074399,0.0116567097064423,1.14109583517842
327.5,51.5094105954585,-0.160907295239689,0.611780429048441,0.00518700619875061,0.646852616294439
328,51.5094163690276,-0.160907270490742,0.642359737182856,0.00171823612217057,0.297488267124606
328.5,51.5094220464915,-0.16090733484653,0.631667209675177,-0.00446800530730758,-0.228349319931908
329,51.5094282708939,-0.160907446620533,0.692518860960338,-0.00776009113648544,-0.493133809099731
329.5,51.5094341717601,-0.160907376422038,0.656522644721594,0.00487364348574105,0.339646274983636
330,51.5094402509759,-0.160907167704436,0.676365601048372,0.0144905535944783,1.13882224960827
330.5,51.5094463094491,-0.160906954557316,0.674057796373649,0.0147980779820387,1.30322459955204
331,51.5094519138215,-0.160906760658151,0.62353514321519,0.0134617562696071,1.30500139641634
331.5,51.5094575470365,-0.16090666045296,0.626744124784008,0.00695690311690055,0.805211493633976
332,51.5094632754334,-0.160906614293934,0.637333941473157,0.00320466258608615,0.431571393469142
332.5,51.5094691863576,-0.160906609362774,0.657641699978122,0.000342353452054741,0.163473818192415
333,51.5094750181577,-0.160906586402447,0.648838446926345,0.00159405621273758,0.204784154824551
333.5,51.5094809335704,-0.160906588988267,0.658141085977725,-0.000179524542098775,0.0896230865145071
334,51.509486436814,-0.160906656687267,0.612283680269703,-0.00470010658921818,-0.304014069553261
334.5,51.5094923637061,-0.16090667915476,0.659418262886742,-0.00155983987386317,-0.102774868378276
335,51.5094981994757,-0.160906675218559,0.649280098431967,0.000273276738465106,0.0638256177724088
335.5,51.5095040711945,-0.160906692954742,0.653279759721513,-0.00123136121913903,-0.0118279758605695
336,51.5095097968337,-0.160906789566435,0.637027131236701,-0.00670741115026507,-0.444608798070306
336.5,51.5095155083826,-0.160906776985383,0.635459457169216,0.000873458223004447,0.0543878411106107
337,51.5095214918695,-0.160906665179042,0.665714937112572,0.00776232036538098,0.624714201244274
337.5,51.5095273089612,-0.160906655486882,0.647202016155533,0.000672892422870615,0.214494950071469
338,51.509533047662,-0.160906646524194,0.638480348132814,0.000622247700003678,0.137679882960924
338.5,51.5095390554683,-0.160906653334095,0.668420683622593,-0.000472787220604512,0.0508919793995801
339,51.5095446996017,-0.160906677243801,0.627958901555263,-0.00165996581516187,-0.044431347506702
339.5,51.5095505297948,-0.160906692578987,0.64865966692088,-0.00106466724500409,-0.0200655622221007
340,51.5095564563375,-0.160906678530482,0.659379401805921,0.000975337411216568,0.119768454416715
340.5,51.5095621165055,-0.160906611647769,0.629742896132971,0.004643426973437,0.435019673904321
341,51.5095677772137,-0.16090648959318,0.629803001420834,0.00847381151304037,0.778173863336974
341.5,51.5095731853516,-0.160906487113696,0.601702352242216,0.000172141645554061,0.17743756498885
342,51.5095789124224,-0.160906551742191,0.637186416930866,-0.00448692308875805,-0.252395324050894
342.5,51.5095846007341,-0.160906636044939,0.632874139513747,-0.00585283468046866,-0.418167624650835
343,51.5095901520988,-0.160906763832892,0.617637580165942,-0.00887185390771811,-0.705612980216642
343.5,51.5095959406205,-0.160906863119841,0.644023369002893,-0.00689313181554583,-0.562007742932451
344,51.5096013108411,-0.160907018598841,0.597483725904098,-0.0107943401723448,-0.918997801262037
344.5,51.5096060359733,-0.160907060384987,0.525712043688162,-0.0029010594989273,-0.340696270614501
345,51.5096097127701,-0.160907087681263,0.409075611102569,-0.001895080489038,-0.262204701102121
345.5,51.5096120304101,-0.160907106990172,0.257857603214251,-0.00134054675489117,-0.464291132476262
346,51.5096135803375,-0.160907121924284,0.172442895484443,-0.00103682059273157,-0.822939779142132
346.5,51.5096150254277,-0.160907093574667,0.160778858408727,0.00196820979233818,14.3051352115353
347,51.5096168482582,-0.160905947575246,0.202805739572189,0.0795625290044096,29.294548294809
347.5,51.5096182538404,-0.160904437524938,0.156383232429186,0.104837240182397,44.0322880821037
348,51.5096193226286,-0.160902585949966,0.118911982207789,0.128548037882398,59.0821204834476
348.5,51.5096200795458,-0.160900036931111,0.0842136261747308,0.17696899640192,74.664205503796
349,51.5096203812036,-0.16089725539534,0.0335620493392977,0.193111786849344,90.2558387044908
349.5,51.5096202707885,-0.160894684305882,-0.0122846440645416,0.178501273038759,105.130226647456
350,51.5096197766084,-0.160892293314594,-0.0549818304614908,0.165997720656351,120.143503807135
350.5,51.5096190494653,-0.160890354226582,-0.0809009928796333,0.134623741780897,135.414789964966
351,51.5096177800496,-0.160888634126449,-0.141233532707822,0.11942022143619,150.6468464804
351.5,51.5096162926027,-0.160887508879074,-0.165491397128403,0.0781217859338181,165.331555155544
352,51.5096142121932,-0.160887127624281,-0.231463644241939,0.0264691186714116,180.426909965137
352.5,51.5096117059276,-0.160887171135069,-0.278843847640116,-0.00302079414327412,180.55040831704
353,51.509607948645,-0.160887212071143,-0.418030350578123,-0.00284204143731876,180.402959562552
353.5,51.5096036532682,-0.160887232812036,-0.477898015169642,-0.00143996420676518,180.222992646152
354,51.5095980922299,-0.160887273777528,-0.618713863753258,-0.00284408430160091,180.328566567193
354.5,51.5095924509564,-0.160887259920138,-0.627640729616912,0.000962068058873762,180.036052385373
355,51.5095866337167,-0.160887179954387,-0.647218488230709,0.00555173102338928,179.661240741779
355.5,51.509580711178,-0.160887137983209,-0.65893391737715,0.00291390648502192,179.806540475542
356,51.5095752376364,-0.160887120973372,-0.608979090413985,0.00118093132974049,179.93927466309
356.5,51.5095694179119,-0.160887035944915,-0.647494945857997,0.00590321847377112,179.614799647592
357,51.5095638198475,-0.160886924798696,-0.62283334237331,0.00771648134455153,179.399872881006
357.5,51.509557993534,-0.160886805548903,-0.648228023761678,0.00827908419027593,179.363275252873
358,51.5095522139938,-0.160886662246055,-0.64302409104253,0.0099490026128691,179.217260493112
358.5,51.5095467040503,-0.160886509500141,-0.613029116701265,0.0106046021479411,179.103387448955
359,51.5095407386258,-0.160886365629419,-0.663705335915989,0.00998843054273886,179.207558529186
359.5,51.5095347600184,-0.160886318757735,-0.66517205084986,0.00325413410201313,179.709429909571
360,51.5095289226349,-0.160886308029041,-0.64945966056188,0.000744855084951234,179.964062863233
360.5,51.5095231422525,-0.160886278629876,-0.643117791967464,0.00204107989650881,179.920746900492
361,51.5095172731482,-0.160886220714797,-0.652988865507795,0.00402083919642174,179.759071811567
361.5,51.5095116568794,-0.160886238901213,-0.624858729310449,-0.00126261874444788,180.122995256686
362,51.5095056927581,-0.160886248615481,-0.663560343046243,-0.000674427425177404,180.140608155064
362.5,51.5094998380889,-0.16088614313231,-0.651382832099383,0.00732332651532351,179.556600645455
363,51.509494378851,-0.160886006754719,-0.607387670810957,0.00946821889745942,179.23269705979
363.5,51.5094883554789,-0.160885961078691,-0.67015250593903,0.00317112718734452,179.719647808961
364,51.509482641333,-0.160886016771932,-0.63574839870857,-0.00386658786781703,180.308226241587
364.5,51.509476818315,-0.160886015475679,-0.647861374375152,8.99943838064366e-05,180.110327398584
365,51.5094708208855,-0.16088594815622,-0.667266157761253,0.00467375679028063,179.756334778292
365.5,51.5094650731991,-0.160885948264045,-0.639480076068021,-7.48586473362867e-06,180.028625117001
366,51.5094592460659,-0.160885927281228,-0.648319213610642,0.00145676466131157,179.964051838448
366.5,51.5094535650956,-0.16088581867045,-0.632057318628433,0.00754047294926601,179.470924685839
367,51.5094481065829,-0.16088566430632,-0.607306981460612,0.0107169722496363,179.11778237541
367.5,51.5094422836567,-0.160885477304024,-0.647851154079355,0.0129829297270532,178.963579715416
368,51.5094367307134,-0.160885269890363,-0.617813203212297,0.0144000228319373,178.767794524463
368.5,51.5094309838178,-0.160885100626502,-0.639392089624171,0.0117514137888282,178.97395542456
369,51.5094252726354,-0.160885025543376,-0.635418671024733,0.00521276657946983,179.506666548535
369.5,51.5094195257243,-0.160884984673267,-0.639393805370141,0.00283747322283006,179.777996137127
370,51.509413517458,-0.160884934867836,-0.668471844236413,0.0034578228943822,179.79156611257
370.5,51.5094076715713,-0.160884997081756,-0.650405711021084,-0.00431930288452122,180.357368289539
371,51.5094019681118,-0.16088510049693,-0.634559426810333,-0.00717976818162368,180.669466861494
371.5,51.5093963156331,-0.16088521800213,-0.628887384395499,-0.00815799230432154,180.798729899711
372,51.5093902636398,-0.160885328966583,-0.673336850989337,-0.00770389114840314,180.750278580091
372.5,51.5093845780393,-0.160885377934224,-0.632572462318894,-0.00339966011158961,180.436698534345
373,51.5093786245099,-0.160885367526661,-0.662381880135213,0.000722562525145361,180.08764043611
373.5,51.5093729459617,-0.160885271843179,-0.631787838979891,0.00664298691716428,179.567000198104
374,51.509367134471,-0.160885089116577,-0.64657884799569,0.0126861038469569,179.058711932692
374.5,51.5093613015551,-0.160884944467131,-0.648962579129256,0.0100425340379647,179.166399491061
375,51.5093557396002,-0.160884815784174,-0.618815818223772,0.00893403447742892,179.229889787602
375.5,51.5093500397739,-0.160884707004477,-0.634155205695412,0.00755221751606101,179.360152495674
376,51.5093441635635,-0.160884601584672,-0.653779466807242,0.00731895219963679,179.424531489379
376.5,51.509338728329,-0.160884574368517,-0.604717064975835,0.00188952884650368,179.834567638842
377,51.5093328376586,-0.160884630963311,-0.65538827154004,-0.0039291923799407,180.321203918796
377.5,51.5093269399135,-0.160884541704242,-0.656175386991829,0.00619696749411739,179.674576441703
378,51.509321161226,-0.160884449286301,-0.642929198450859,0.00641627848413523,179.539566848485
378.5,51.5093152331038,-0.160884412469215,-0.659555108988141,0.00255609147757988,179.802797296653
379,51.5093096520917,-0.160884491334634,-0.620936084217438,-0.00547537219875912,180.456498817242
379.5,51.5093036896825,-0.160884546443911,-0.66336983465424,-0.00382606016280386,180.423152143999
380,51.5092977580108,-0.160884684883243,-0.659950014443914,-0.00961139971477127,180.833258474633
380.5,51.5092918118391,-0.160885007025514,-0.66156325975021,-0.0223653095144294,181.827098475188
381,51.5092861062519,-0.160885378566948,-0.634796155360197,-0.0257949391143355,182.309978961557
381.5,51.5092806857691,-0.16088569684989,-0.603075802275789,-0.0220973742877756,182.172402913104
382,51.5092747321812,-0.160885990362648,-0.662388377561129,-0.020377661445743,181.893827176987
382.5,51.5092690371153,-0.160886295787107,-0.633625569297498,-0.0212046559270432,181.970879003837
383,51.5092637034529,-0.160886578293797,-0.593416273418228,-0.0196135500480125,181.952321625016
383.5,51.5092588421417,-0.160886711354583,-0.540863114977449,-0.00923799247418512,181.13440789576
384,51.509255641071,-0.160886755658365,-0.356146924825166,-0.00307587281556472,180.433049887661
384.5,51.5092534081542,-0.160886786610136,-0.248431395197754,-0.00214888461708288,180.360671566278
385,51.5092521227213,-0.160886810961372,-0.143015577629292,-0.00169063018496886,180.171617519715
385.5,51.5092511928233,-0.160886911658984,-0.103459224156596,-0.00699112079552559,164.025421303512
386,51.5092504839589,-0.160886863206818,-0.0788673215447113,0.00336388264147611,148.286906635219
386.5,51.5092498239419,-0.160886516674311,-0.0734326322993654,0.0240586707360609,133.909769567233
387,51.5092491513803,-0.160885570269508,-0.0748283130821021,0.0657059333054246,119.720176865401
387.5,51.5092486562555,-0.160884563091587,-0.0550869356497986,0.0699252223787308,104.869595180169
388,51.5092483241781,-0.160883541664047,-0.0369464973862273,0.0709145298027104,89.6998354089177
388.5,51.5092481789922,-0.160882398237978,-0.016153200722731,0.0793845079059741,75.0653915881748
389,51.5092482485865,-0.160881171850532,0.00774297576688618,0.085144257977408,60.5348465337899
389.5,51.5092483701231,-0.160880164985195,0.0135220000237743,0.0699035220351561,44.9271299870244
390,51.5092487934682,-0.160879165944787,0.0471008204715433,0.0693602613977013,29.6714538898532
390.5,51.5092494232756,-0.160878373031423,0.0700715453317468,0.0550495028350253,14.8829093340821
391,51.5092502417311,-0.160877882978953,0.091060287654664,0.0340228146175454,-0.301490002010496
391.5,51.5092528924901,-0.160877881045576,0.294919970201663,0.000134228350778195,0.0219975141355349
392,51.5092562497104,-0.160877884751286,0.373519922849318,-0.00025727590116717,-0.0536535754910688
392.5,51.5092604538893,-0.160877925922828,0.467751430515105,-0.00285841128472414,-0.302112032271793
393,51.50926605635,-0.160877994675181,0.623322423369247,-0.00477326032721486,-0.352921588829986
393.5,51.5092720579196,-0.160878118036998,0.667726756340926,-0.00856462309009266,-0.606294578146958
394,51.5092773960204,-0.160878204209472,0.593910092634318,-0.00598268314872805,-0.527293287412022
394.5,51.509283267861,-0.160878317773339,0.653293281796195,-0.0078843803193055,-0.598645243638316
395,51.5092894040682,-0.160878482195836,0.682706369704136,-0.0114153327437185,-0.826403280426518
395.5,51.509295276875,-0.160878646790131,0.653400782197604,-0.0114272585348095,-0.918098401069869
396,51.5093010123417,-0.16087883957413,0.63812050268782,-0.0133843784108225,-1.10786645466715
396.5,51.5093069296246,-0.1608790430775,0.658349135046702,-0.0141285883321717,-1.14458067162366
397,51.5093127483095,-0.160879298303201,0.647379252292736,-0.0177195021698896,-1.43625799745359
397.5,51.5093184557983,-0.160879454238507,0.635007723805167,-0.0108260869820481,-0.982026863712861
398,51.5093241610333,-0.160879560714558,0.634756967563133,-0.00739228897602536,-0.656622985627109
398.5,51.509330008119,-0.16087957714886,0.650539086965471,-0.00114098044722911,-0.130215993947218
399,51.5093359317808,-0.160879596965486,0.659058847208664,-0.00137580412346979,-0.0664887594987249
399.5,51.5093420038559,-0.1608795067904,0.675571118022063,0.00626056312715961,0.495965668300528
400,51.5093478414993,-0.160879388975227,0.649488560062108,0.00817952350078828,0.74689326582768
400.5,51.5093536587402,-0.160879357286291,0.647218592938838,0.00220005920858625,0.348575559492815
401,51.5093594348429,-0.160879357784696,0.642641624759016,-3.46026298891269e-05,0.125791002695962
401.5,51.5093648942514,-0.160879419009491,0.607406637403132,-0.00425063628997665,-0.273184776889309
402,51.5093708858015,-0.160879578283471,0.666612012579946,-0.0110578678036931,-0.758915249848883
402.5,51.5093765124679,-0.160879832201983,0.626015527250176,-0.017628723491336,-1.4162885149625
403,51.5093827720996,-0.160880199009157,0.696438430812428,-0.0254662072661527,-1.90301449829462
403.5,51.5093886514297,-0.160880471519881,0.654126561361606,-0.0189195144623566,-1.62323285557051
404,51.5093945733965,-0.160880732963906,0.658870272480218,-0.0181511880008925,-1.52831713518327
404.5,51.5094004049307,-0.160880971562994,0.648808856106965,-0.0165651378932148,-1.40846428372282
405,51.5094060709528,-0.16088110280662,0.630394207270589,-0.00911180552554787,-0.85214107747862
405.5,51.5094118641853,-0.160881196176821,0.644547454678112,-0.00648237961940701,-0.553352394231922
406,51.5094177581755,-0.160881169860174,0.655757633682483,0.0018270761889509,0.117305204986508
406.5,51.5094236802211,-0.160881150604574,0.658879045965518,0.00133685136398524,0.179558124853429
407,51.5094291571181,-0.160881106465556,0.609352387219183,0.00306442266709733,0.319729845763788
407.5,51.5094350783609,-0.160881052306825,0.658789731531537,0.00376005699505806,0.394849882099891
408,51.509440682893,-0.1608810078976,0.623552903683587,0.0030831814360461,0.357725655631839
408.5,51.509446421186,-0.160880968991212,0.638434972060783,0.00270113786146824,0.326409538779387
409,51.5094520803215,-0.160880877519071,0.629628004240224,0.00635059813898048,0.595670595016031
409.5,51.5094575441287,-0.160880842176339,0.607896047643962,0.00245372474003505,0.335181361883315
410,51.5094633361598,-0.160880758318403,0.644413792475296,0.00582196844772853,0.548121099619095
410.5,51.5094691659509,-0.160880675276896,0.648614934748892,0.00576528582901855,0.584348785593249
411,51.5094747928108,-0.160880445444166,0.626037071137826,0.0159564929549675,1.39622875929376
411.5,51.5094805669769,-0.16088030343373,0.642426174021276,0.00985929302476815,1.01579835529452
412,51.5094863912073,-0.160880193549164,0.647996251568733,0.00762890410681176,0.782822927093036
412.5,51.5094923535531,-0.160880091214135,0.663362801123079,0.00710476503075688,0.705176044070356
413,51.5094981231834,-0.160880072926172,0.641921516403332,0.00126966952274612,0.281708959355399
413.5,51.5095042586132,-0.160880097925989,0.682619899715528,-0.00173564985678097,-0.00334899880459716
414,51.5095098487098,-0.160880193623125,0.621946834160713,-0.00664391669344561,-0.455550407173973
414.5,51.5095155872906,-0.160880288012141,0.638467005342812,-0.00655309763255288,-0.507290350116193
415,51.5095213394649,-0.160880300689882,0.639979394858274,-0.000880170914035894,-0.077725155722419
415.5,51.5095272056341,-0.160880373113005,0.652662307963547,-0.00502808161196784,-0.311561029167308
416,51.509532939354,-0.160880469347439,0.637926187837795,-0.00668121596253372,-0.490127628635605
416.5,51.5095386799461,-0.160880558050573,0.638690772617203,-0.00615834374168986,-0.483543931283464
417,51.5095443676013,-0.160880683735931,0.632801089735421,-0.00872588718848023,-0.676194324417168
417.5,51.509550362998,-0.160880895938638,0.667040003462873,-0.014732477057511,-1.10294551129863
418,51.509555925353,-0.160881071424508,0.618860340422868,-0.0121833563804096,-1.07589384432009
418.5,51.5095616254648,-0.160881210167141,0.634187001921968,-0.00963240368694518,-0.830901884102104
419,51.5095673334004,-0.160881287249099,0.63505745394137,-0.00535152338170253,-0.487050817706233
419.5,51.5095730749417,-0.160881367019671,0.638796385546954,-0.00553818346997941,-0.43322520235472
420,51.5095788747515,-0.160881352771338,0.645279264563217,0.000989210293289915,0.072606262550778
420.5,51.5095848412062,-0.160881340968232,0.6638199545357,0.000819446938060675,0.138202804043999
421,51.5095904962665,-0.160881302919931,0.629174631479173,0.00264155546912935,0.283488567422808
421.5,51.5095959624525,-0.160881306659443,0.608160711780267,-0.00025962072136487,0.0665491370147606
422,51.5096015071079,-0.160881396039223,0.616891116920631,-0.00620531227392165,-0.41899120202504
422.5,51.5096060370107,-0.160881439411585,0.503991073009811,-0.00301118459564466,-0.312478235975561
423,51.5096097578561,-0.160881464274827,0.413976402976469,-0.00172616387589022,-0.233611834978888
423.5,51.5096121585203,-0.160881491918287,0.267094767898171,-0.00191918411624085,-0.613861698400342
424,51.5096134800194,-0.16088150661386,0.147028257067729,-0.0010202597100469,-1.12338481484255
424.5,51.5096136519774,-0.160881499460974,0.0191318239020035,0.000496598613295857,-1.01672311251775
